Job #,Job Type,Job Summary,Job Status,Priority,Job Source,Booked By,Booked On,Completed On,Sold By,Lead Generated By,Recall For,Recall Tech Caused,Recall Reason,Customer ID,Customer Name,Location ID,Business Unit,PO Number,Invoice #,Invoice Date,Due Date,Invoice Status,Billing Stage,Invoice Summary,Subtotal,Discount,Tax,Total,Balance,Paid On,Invoice Item ID,Line #,Item Code,Item Type,Description,Quantity,Unit Price,Item Discount,Item Total,Taxable,Item Tax,Cost
DEMO-J-000001,No Heat,Strange smell from furnace,Completed,Today,referral,DEMO-E-00003,11/17/2025 7:00 AM,11/17/2025 9:31 AM,,,,,,DEMO-C-00006,Inez McLaughlin,DEMO-L-00007,HVAC Service,,DEMO-I-000001,11/17/2025,11/17/2025,Paid,,Strange smell from furnace,$379.00,$0.00,$6.65,$385.65,$0.00,11/17/2025 9:41 AM,DEMO-IL-000001,1,HVAC-DIAG,Service,HVAC diagnostic / service call,1,$95.00,$0.00,$95.00,No,$0.00,$0.00
DEMO-J-000001,No Heat,Strange smell from furnace,Completed,Today,referral,DEMO-E-00003,11/17/2025 7:00 AM,11/17/2025 9:31 AM,,,,,,DEMO-C-00006,Inez McLaughlin,DEMO-L-00007,HVAC Service,,DEMO-I-000001,11/17/2025,11/17/2025,Paid,,Strange smell from furnace,$379.00,$0.00,$6.65,$385.65,$0.00,11/17/2025 9:41 AM,DEMO-IL-000002,2,HVAC-FILTER,Material,Media filter replacement,1,$95.00,$0.00,$95.00,Yes,$6.65,$28.00
DEMO-J-000001,No Heat,Strange smell from furnace,Completed,Today,referral,DEMO-E-00003,11/17/2025 7:00 AM,11/17/2025 9:31 AM,,,,,,DEMO-C-00006,Inez McLaughlin,DEMO-L-00007,HVAC Service,,DEMO-I-000001,11/17/2025,11/17/2025,Paid,,Strange smell from furnace,$379.00,$0.00,$6.65,$385.65,$0.00,11/17/2025 9:41 AM,DEMO-IL-000003,3,HVAC-FLAME,Service,Clean or replace flame sensor,1,$189.00,$0.00,$189.00,No,$0.00,$15.00
DEMO-J-000002,No Heat,Furnace short cycling,Completed,Scheduled,phone,DEMO-E-00003,11/13/2025 11:03 AM,11/17/2025 11:12 AM,,,,,,DEMO-C-00026,Cara Beatty,DEMO-L-00028,HVAC Service,,DEMO-I-000002,11/17/2025,11/17/2025,Paid,,Furnace short cycling,$284.00,$123.00,$0.00,$161.00,$0.00,11/17/2025 11:28 AM,DEMO-IL-000004,1,HVAC-DIAG,Service,HVAC diagnostic / service call,1,$95.00,$95.00,$0.00,No,$0.00,$0.00
DEMO-J-000002,No Heat,Furnace short cycling,Completed,Scheduled,phone,DEMO-E-00003,11/13/2025 11:03 AM,11/17/2025 11:12 AM,,,,,,DEMO-C-00026,Cara Beatty,DEMO-L-00028,HVAC Service,,DEMO-I-000002,11/17/2025,11/17/2025,Paid,,Furnace short cycling,$284.00,$123.00,$0.00,$161.00,$0.00,11/17/2025 11:28 AM,DEMO-IL-000005,2,HVAC-FLAME,Service,Clean or replace flame sensor,1,$189.00,$28.00,$161.00,No,$0.00,$15.00
DEMO-J-000003,Tune Up,Fall heating tune-up,Completed,Scheduled,membership,DEMO-E-00003,11/12/2025 12:02 PM,11/17/2025 9:08 AM,,,,,,DEMO-C-00006,Inez McLaughlin,DEMO-L-00006,HVAC Service,,DEMO-I-000003,11/17/2025,11/17/2025,Paid,,Fall heating tune-up,$129.00,$129.00,$0.00,$0.00,$0.00,11/17/2025 9:08 AM,DEMO-IL-000006,1,HVAC-TUNE-HT,Service,Heating tune-up (fall heating),1,$129.00,$129.00,$0.00,No,$0.00,$8.00
DEMO-J-000004,No Cooling,RTU not cooling,Completed,Scheduled,phone,DEMO-E-00003,11/13/2025 11:18 AM,11/17/2025 2:53 PM,,,,,,DEMO-C-00052,Riverbend Fellowship Church,DEMO-L-00074,Commercial & Refrigeration,,DEMO-I-000004,11/17/2025,12/17/2025,Paid,,RTU not cooling,"$2,300.00",$0.00,$0.00,"$2,300.00",$0.00,1/11/2026 11:00 AM,DEMO-IL-000007,1,COM-DIAG,Service,Commercial service call,1,$165.00,$0.00,$165.00,No,$0.00,$0.00
DEMO-J-000004,No Cooling,RTU not cooling,Completed,Scheduled,phone,DEMO-E-00003,11/13/2025 11:18 AM,11/17/2025 2:53 PM,,,,,,DEMO-C-00052,Riverbend Fellowship Church,DEMO-L-00074,Commercial & Refrigeration,,DEMO-I-000004,11/17/2025,12/17/2025,Paid,,RTU not cooling,"$2,300.00",$0.00,$0.00,"$2,300.00",$0.00,1/11/2026 11:00 AM,DEMO-IL-000008,2,REF-EVAPFAN,Service,Replace walk-in evaporator fan motor,1,$685.00,$0.00,$685.00,No,$0.00,$140.00
DEMO-J-000004,No Cooling,RTU not cooling,Completed,Scheduled,phone,DEMO-E-00003,11/13/2025 11:18 AM,11/17/2025 2:53 PM,,,,,,DEMO-C-00052,Riverbend Fellowship Church,DEMO-L-00074,Commercial & Refrigeration,,DEMO-I-000004,11/17/2025,12/17/2025,Paid,,RTU not cooling,"$2,300.00",$0.00,$0.00,"$2,300.00",$0.00,1/11/2026 11:00 AM,DEMO-IL-000009,3,HVAC-BOARD,Service,Replace control board,1,"$1,450.00",$0.00,"$1,450.00",No,$0.00,$310.00
DEMO-J-000005,No Heat,Furnace short cycling,Completed,Scheduled,phone,DEMO-E-00003,11/15/2025 12:03 PM,11/17/2025 9:52 AM,,,,,,DEMO-C-00003,Madalyn Toy,DEMO-L-00003,HVAC Service,,DEMO-I-000005,11/17/2025,11/17/2025,Paid,,Furnace short cycling,$440.00,$0.00,$0.00,$440.00,$0.00,11/17/2025 10:11 AM,DEMO-IL-000010,1,HVAC-DIAG,Service,HVAC diagnostic / service call,1,$95.00,$0.00,$95.00,No,$0.00,$0.00
DEMO-J-000005,No Heat,Furnace short cycling,Completed,Scheduled,phone,DEMO-E-00003,11/15/2025 12:03 PM,11/17/2025 9:52 AM,,,,,,DEMO-C-00003,Madalyn Toy,DEMO-L-00003,HVAC Service,,DEMO-I-000005,11/17/2025,11/17/2025,Paid,,Furnace short cycling,$440.00,$0.00,$0.00,$440.00,$0.00,11/17/2025 10:11 AM,DEMO-IL-000011,2,HVAC-IGN,Service,Replace hot surface ignitor,1,$345.00,$0.00,$345.00,No,$0.00,$38.00
DEMO-J-000006,Estimate,Replacement estimate,Completed,Scheduled,web,DEMO-E-00003,11/12/2025 2:47 PM,11/17/2025 12:19 PM,,,,,,DEMO-C-00025,Micah Larkin,DEMO-L-00027,HVAC Replacement,,,,,,,,,,,,,,,,,,,,,,,,,
DEMO-J-000007,Tune Up,Fall heating tune-up,Completed,Scheduled,membership,DEMO-E-00003,11/11/2025 9:09 AM,11/17/2025 9:59 AM,,,,,,DEMO-C-00004,Brennon Homenick,DEMO-L-00004,HVAC Service,,DEMO-I-000006,11/17/2025,11/17/2025,Paid,,Fall heating tune-up,"$1,424.00",$323.00,$77.07,"$1,178.07",$0.00,11/17/2025 10:11 AM,DEMO-IL-000012,1,HVAC-TUNE-HT,Service,Heating tune-up (fall heating),1,$129.00,$129.00,$0.00,No,$0.00,$8.00
DEMO-J-000007,Tune Up,Fall heating tune-up,Completed,Scheduled,membership,DEMO-E-00003,11/11/2025 9:09 AM,11/17/2025 9:59 AM,,,,,,DEMO-C-00004,Brennon Homenick,DEMO-L-00004,HVAC Service,,DEMO-I-000006,11/17/2025,11/17/2025,Paid,,Fall heating tune-up,"$1,424.00",$323.00,$77.07,"$1,178.07",$0.00,11/17/2025 10:11 AM,DEMO-IL-000013,2,IAQ-SCRUB,Equipment,Air scrubber,1,"$1,295.00",$194.00,"$1,101.00",Yes,$77.07,$420.00
DEMO-J-000008,Refrigeration,Walk-in cooler warm,Completed,Today,phone,DEMO-E-00003,11/17/2025 7:32 AM,11/17/2025 1:14 PM,,,,,,DEMO-C-00044,Sound Side Grill,DEMO-L-00065,Commercial & Refrigeration,,DEMO-I-000007,11/17/2025,12/17/2025,Paid,,Walk-in cooler warm,"$1,865.00",$0.00,$71.05,"$1,936.05",$0.00,12/30/2025 11:00 AM,DEMO-IL-000014,1,COM-DIAG,Service,Commercial service call,1,$165.00,$0.00,$165.00,No,$0.00,$0.00
DEMO-J-000008,Refrigeration,Walk-in cooler warm,Completed,Today,phone,DEMO-E-00003,11/17/2025 7:32 AM,11/17/2025 1:14 PM,,,,,,DEMO-C-00044,Sound Side Grill,DEMO-L-00065,Commercial & Refrigeration,,DEMO-I-000007,11/17/2025,12/17/2025,Paid,,Walk-in cooler warm,"$1,865.00",$0.00,$71.05,"$1,936.05",$0.00,12/30/2025 11:00 AM,DEMO-IL-000015,2,REF-EVAPFAN,Service,Replace walk-in evaporator fan motor,1,$685.00,$0.00,$685.00,No,$0.00,$140.00
DEMO-J-000008,Refrigeration,Walk-in cooler warm,Completed,Today,phone,DEMO-E-00003,11/17/2025 7:32 AM,11/17/2025 1:14 PM,,,,,,DEMO-C-00044,Sound Side Grill,DEMO-L-00065,Commercial & Refrigeration,,DEMO-I-000007,11/17/2025,12/17/2025,Paid,,Walk-in cooler warm,"$1,865.00",$0.00,$71.05,"$1,936.05",$0.00,12/30/2025 11:00 AM,DEMO-IL-000016,3,REF-R404A,Material,Refrigerant R-404A (per lb),7,$145.00,$0.00,"$1,015.00",Yes,$71.05,$245.00
DEMO-J-000009,No Heat,Furnace short cycling,Completed,Scheduled,phone,DEMO-E-00003,11/11/2025 4:07 PM,11/17/2025 9:41 AM,,,,,,DEMO-C-00025,Micah Larkin,DEMO-L-00027,HVAC Service,,DEMO-I-000008,11/17/2025,11/17/2025,Paid,,Furnace short cycling,$190.00,$109.00,$5.67,$86.67,$0.00,11/17/2025 10:00 AM,DEMO-IL-000017,1,HVAC-DIAG,Service,HVAC diagnostic / service call,1,$95.00,$95.00,$0.00,No,$0.00,$0.00
DEMO-J-000009,No Heat,Furnace short cycling,Completed,Scheduled,phone,DEMO-E-00003,11/11/2025 4:07 PM,11/17/2025 9:41 AM,,,,,,DEMO-C-00025,Micah Larkin,DEMO-L-00027,HVAC Service,,DEMO-I-000008,11/17/2025,11/17/2025,Paid,,Furnace short cycling,$190.00,$109.00,$5.67,$86.67,$0.00,11/17/2025 10:00 AM,DEMO-IL-000018,2,HVAC-FILTER,Material,Media filter replacement,1,$95.00,$14.00,$81.00,Yes,$5.67,$28.00
DEMO-J-000010,Tune Up,Fall heating tune-up,Completed,Scheduled,membership,DEMO-E-00003,11/16/2025 9:33 AM,11/17/2025 11:26 AM,,,,,,DEMO-C-00029,Kallie Durgan,DEMO-L-00031,HVAC Service,,DEMO-I-000009,11/17/2025,11/17/2025,Paid,,Fall heating tune-up,$129.00,$129.00,$0.00,$0.00,$0.00,11/17/2025 11:26 AM,DEMO-IL-000019,1,HVAC-TUNE-HT,Service,Heating tune-up (fall heating),1,$129.00,$129.00,$0.00,No,$0.00,$8.00
DEMO-J-000011,Other,Water quality consultation,Completed,Scheduled,phone,DEMO-E-00003,11/13/2025 2:30 PM,11/17/2025 12:00 PM,,,,,,DEMO-C-00017,German Thompson,DEMO-L-00019,Plumbing,,DEMO-I-000010,11/17/2025,11/17/2025,Paid,,Water quality consultation,"$2,890.00",$514.00,$166.32,"$2,542.32",$0.00,11/17/2025 12:03 PM,DEMO-IL-000020,1,PL-DIAG,Service,Plumbing diagnostic / service call,1,$95.00,$95.00,$0.00,No,$0.00,$0.00
DEMO-J-000011,Other,Water quality consultation,Completed,Scheduled,phone,DEMO-E-00003,11/13/2025 2:30 PM,11/17/2025 12:00 PM,,,,,,DEMO-C-00017,German Thompson,DEMO-L-00019,Plumbing,,DEMO-I-000010,11/17/2025,11/17/2025,Paid,,Water quality consultation,"$2,890.00",$514.00,$166.32,"$2,542.32",$0.00,11/17/2025 12:03 PM,DEMO-IL-000021,2,WTR-SOFT,Equipment,Water softener,1,"$2,795.00",$419.00,"$2,376.00",Yes,$166.32,$980.00
DEMO-J-000012,Water Heater,Water heater making noise,Completed,Scheduled,phone,DEMO-E-00003,11/12/2025 11:54 AM,11/17/2025 5:12 PM,,,,,,DEMO-C-00027,Sidney Kohler,DEMO-L-00029,Plumbing,,DEMO-I-000011,11/17/2025,11/17/2025,Paid,,Water heater making noise,"$2,290.00",$0.00,$153.65,"$2,443.65",$0.00,11/17/2025 5:16 PM,DEMO-IL-000022,1,PL-DIAG,Service,Plumbing diagnostic / service call,1,$95.00,$0.00,$95.00,No,$0.00,$0.00
DEMO-J-000012,Water Heater,Water heater making noise,Completed,Scheduled,phone,DEMO-E-00003,11/12/2025 11:54 AM,11/17/2025 5:12 PM,,,,,,DEMO-C-00027,Sidney Kohler,DEMO-L-00029,Plumbing,,DEMO-I-000011,11/17/2025,11/17/2025,Paid,,Water heater making noise,"$2,290.00",$0.00,$153.65,"$2,443.65",$0.00,11/17/2025 5:16 PM,DEMO-IL-000023,2,PL-WH40,Equipment,40-gallon water heater (installed),1,"$2,195.00",$0.00,"$2,195.00",Yes,$153.65,$780.00
DEMO-J-000013,Leak,Pipe leak in crawlspace,Completed,Scheduled,phone,DEMO-E-00003,11/14/2025 10:09 AM,11/17/2025 10:25 AM,,,,,,DEMO-C-00023,Declan Jaskolski,DEMO-L-00025,Plumbing,,DEMO-I-000012,11/17/2025,11/17/2025,Paid,,Pipe leak in crawlspace,$520.00,$0.00,$0.00,$520.00,$0.00,11/17/2025 10:32 AM,DEMO-IL-000024,1,PL-DIAG,Service,Plumbing diagnostic / service call,1,$95.00,$0.00,$95.00,No,$0.00,$0.00
DEMO-J-000013,Leak,Pipe leak in crawlspace,Completed,Scheduled,phone,DEMO-E-00003,11/14/2025 10:09 AM,11/17/2025 10:25 AM,,,,,,DEMO-C-00023,Declan Jaskolski,DEMO-L-00025,Plumbing,,DEMO-I-000012,11/17/2025,11/17/2025,Paid,,Pipe leak in crawlspace,$520.00,$0.00,$0.00,$520.00,$0.00,11/17/2025 10:32 AM,DEMO-IL-000025,2,PL-LEAK,Service,Repair pipe leak,1,$425.00,$0.00,$425.00,No,$0.00,$35.00
DEMO-J-000014,No Cooling,No cooling,Completed,Scheduled,phone,DEMO-E-00003,11/13/2025 9:40 AM,11/18/2025 10:33 AM,,,,,,DEMO-C-00028,Freida Kohler,DEMO-L-00030,HVAC Service,,DEMO-I-000013,11/18/2025,11/18/2025,Paid,,No cooling,"$1,464.00",$271.00,$22.26,"$1,215.26",$0.00,11/18/2025 10:37 AM,DEMO-IL-000026,1,HVAC-DIAG,Service,HVAC diagnostic / service call,1,$95.00,$95.00,$0.00,No,$0.00,$0.00
DEMO-J-000014,No Cooling,No cooling,Completed,Scheduled,phone,DEMO-E-00003,11/13/2025 9:40 AM,11/18/2025 10:33 AM,,,,,,DEMO-C-00028,Freida Kohler,DEMO-L-00030,HVAC Service,,DEMO-I-000013,11/18/2025,11/18/2025,Paid,,No cooling,"$1,464.00",$271.00,$22.26,"$1,215.26",$0.00,11/18/2025 10:37 AM,DEMO-IL-000027,2,HVAC-FANMTR,Service,Replace condenser fan motor,1,$795.00,$119.00,$676.00,No,$0.00,$185.00
DEMO-J-000014,No Cooling,No cooling,Completed,Scheduled,phone,DEMO-E-00003,11/13/2025 9:40 AM,11/18/2025 10:33 AM,,,,,,DEMO-C-00028,Freida Kohler,DEMO-L-00030,HVAC Service,,DEMO-I-000013,11/18/2025,11/18/2025,Paid,,No cooling,"$1,464.00",$271.00,$22.26,"$1,215.26",$0.00,11/18/2025 10:37 AM,DEMO-IL-000028,3,HVAC-R410A,Material,Refrigerant R-410A (per lb),3,$125.00,$57.00,$318.00,Yes,$22.26,$66.00
DEMO-J-000014,No Cooling,No cooling,Completed,Scheduled,phone,DEMO-E-00003,11/13/2025 9:40 AM,11/18/2025 10:33 AM,,,,,,DEMO-C-00028,Freida Kohler,DEMO-L-00030,HVAC Service,,DEMO-I-000013,11/18/2025,11/18/2025,Paid,,No cooling,"$1,464.00",$271.00,$22.26,"$1,215.26",$0.00,11/18/2025 10:37 AM,DEMO-IL-000029,4,MEMB-YR,Service,Comfort Club yearly membership,1,$199.00,$0.00,$199.00,No,$0.00,$0.00
DEMO-J-000015,No Heat,Furnace short cycling,Completed,Today,phone,DEMO-E-00001,11/18/2025 7:34 AM,11/18/2025 2:22 PM,,,,,,DEMO-C-00029,Kallie Durgan,DEMO-L-00031,HVAC Service,,DEMO-I-000014,11/18/2025,11/18/2025,Paid,,Furnace short cycling,"$1,990.00",$379.00,$0.00,"$1,611.00",$0.00,11/18/2025 2:33 PM,DEMO-IL-000030,1,HVAC-DIAG,Service,HVAC diagnostic / service call,1,$95.00,$95.00,$0.00,No,$0.00,$0.00
DEMO-J-000015,No Heat,Furnace short cycling,Completed,Today,phone,DEMO-E-00001,11/18/2025 7:34 AM,11/18/2025 2:22 PM,,,,,,DEMO-C-00029,Kallie Durgan,DEMO-L-00031,HVAC Service,,DEMO-I-000014,11/18/2025,11/18/2025,Paid,,Furnace short cycling,"$1,990.00",$379.00,$0.00,"$1,611.00",$0.00,11/18/2025 2:33 PM,DEMO-IL-000031,2,HVAC-ECM,Service,Replace ECM blower motor,1,"$1,895.00",$284.00,"$1,611.00",No,$0.00,$620.00
DEMO-J-000016,Install,System replacement install,Completed,Scheduled,replacement_sale,DEMO-E-00003,11/18/2025 2:52 PM,11/21/2025 3:52 PM,DEMO-E-00004,,,,,DEMO-C-00029,Kallie Durgan,DEMO-L-00031,HVAC Replacement,,DEMO-I-000061,11/21/2025,11/21/2025,Paid,,System replacement,"$20,790.00","$1,127.00",$17.57,"$19,680.57",$0.00,11/28/2025 2:00 PM,DEMO-IL-000132,1,EQ-HP-VS,Equipment,Variable-speed heat pump system (installed),1,"$15,950.00",$797.00,"$15,153.00",No,$0.00,"$6,900.00"
DEMO-J-000016,Install,System replacement install,Completed,Scheduled,replacement_sale,DEMO-E-00003,11/18/2025 2:52 PM,11/21/2025 3:52 PM,DEMO-E-00004,,,,,DEMO-C-00029,Kallie Durgan,DEMO-L-00031,HVAC Replacement,,DEMO-I-000061,11/21/2025,11/21/2025,Paid,,System replacement,"$20,790.00","$1,127.00",$17.57,"$19,680.57",$0.00,11/28/2025 2:00 PM,DEMO-IL-000133,2,EQ-AH,Equipment,Air handler (installed),1,"$3,950.00",$197.00,"$3,753.00",No,$0.00,"$1,450.00"
DEMO-J-000016,Install,System replacement install,Completed,Scheduled,replacement_sale,DEMO-E-00003,11/18/2025 2:52 PM,11/21/2025 3:52 PM,DEMO-E-00004,,,,,DEMO-C-00029,Kallie Durgan,DEMO-L-00031,HVAC Replacement,,DEMO-I-000061,11/21/2025,11/21/2025,Paid,,System replacement,"$20,790.00","$1,127.00",$17.57,"$19,680.57",$0.00,11/28/2025 2:00 PM,DEMO-IL-000134,3,ELEC-SURGE,Equipment,HVAC surge protector,1,$295.00,$44.00,$251.00,Yes,$17.57,$45.00
DEMO-J-000016,Install,System replacement install,Completed,Scheduled,replacement_sale,DEMO-E-00003,11/18/2025 2:52 PM,11/21/2025 3:52 PM,DEMO-E-00004,,,,,DEMO-C-00029,Kallie Durgan,DEMO-L-00031,HVAC Replacement,,DEMO-I-000061,11/21/2025,11/21/2025,Paid,,System replacement,"$20,790.00","$1,127.00",$17.57,"$19,680.57",$0.00,11/28/2025 2:00 PM,DEMO-IL-000135,4,HVAC-SMART,Service,Install smart thermostat,1,$595.00,$89.00,$506.00,No,$0.00,$165.00
DEMO-J-000017,No Cooling,No heat in sales floor,Completed,Scheduled,phone,DEMO-E-00001,11/13/2025 4:21 PM,11/18/2025 10:18 AM,,,,,,DEMO-C-00032,Cypress Hardware Group,DEMO-L-00041,Commercial & Refrigeration,,DEMO-I-000015,11/18/2025,12/18/2025,Paid,,No heat in sales floor,$490.00,$0.00,$0.00,$490.00,$0.00,1/6/2026 11:00 AM,DEMO-IL-000032,1,COM-DIAG,Service,Commercial service call,1,$165.00,$0.00,$165.00,No,$0.00,$0.00
DEMO-J-000017,No Cooling,No heat in sales floor,Completed,Scheduled,phone,DEMO-E-00001,11/13/2025 4:21 PM,11/18/2025 10:18 AM,,,,,,DEMO-C-00032,Cypress Hardware Group,DEMO-L-00041,Commercial & Refrigeration,,DEMO-I-000015,11/18/2025,12/18/2025,Paid,,No heat in sales floor,$490.00,$0.00,$0.00,$490.00,$0.00,1/6/2026 11:00 AM,DEMO-IL-000033,2,REF-GASKET,Service,Replace door gasket,1,$325.00,$0.00,$325.00,No,$0.00,$85.00
DEMO-J-000018,No Heat,Heat pump blowing cold air,Completed,Scheduled,phone,DEMO-E-00003,11/14/2025 10:35 AM,11/18/2025 3:13 PM,,,,,,DEMO-C-00023,Declan Jaskolski,DEMO-L-00025,HVAC Service,,DEMO-I-000016,11/18/2025,11/18/2025,Paid,,Heat pump blowing cold air,"$2,535.00",$0.00,$0.00,"$2,535.00",$0.00,11/18/2025 3:19 PM,DEMO-IL-000034,1,HVAC-DIAG,Service,HVAC diagnostic / service call,1,$95.00,$0.00,$95.00,No,$0.00,$0.00
DEMO-J-000018,No Heat,Heat pump blowing cold air,Completed,Scheduled,phone,DEMO-E-00003,11/14/2025 10:35 AM,11/18/2025 3:13 PM,,,,,,DEMO-C-00023,Declan Jaskolski,DEMO-L-00025,HVAC Service,,DEMO-I-000016,11/18/2025,11/18/2025,Paid,,Heat pump blowing cold air,"$2,535.00",$0.00,$0.00,"$2,535.00",$0.00,11/18/2025 3:19 PM,DEMO-IL-000035,2,HVAC-THERM,Service,Install programmable thermostat,1,$395.00,$0.00,$395.00,No,$0.00,$85.00
DEMO-J-000018,No Heat,Heat pump blowing cold air,Completed,Scheduled,phone,DEMO-E-00003,11/14/2025 10:35 AM,11/18/2025 3:13 PM,,,,,,DEMO-C-00023,Declan Jaskolski,DEMO-L-00025,HVAC Service,,DEMO-I-000016,11/18/2025,11/18/2025,Paid,,Heat pump blowing cold air,"$2,535.00",$0.00,$0.00,"$2,535.00",$0.00,11/18/2025 3:19 PM,DEMO-IL-000036,3,HVAC-BOARD,Service,Replace control board,1,"$1,450.00",$0.00,"$1,450.00",No,$0.00,$310.00
DEMO-J-000018,No Heat,Heat pump blowing cold air,Completed,Scheduled,phone,DEMO-E-00003,11/14/2025 10:35 AM,11/18/2025 3:13 PM,,,,,,DEMO-C-00023,Declan Jaskolski,DEMO-L-00025,HVAC Service,,DEMO-I-000016,11/18/2025,11/18/2025,Paid,,Heat pump blowing cold air,"$2,535.00",$0.00,$0.00,"$2,535.00",$0.00,11/18/2025 3:19 PM,DEMO-IL-000037,4,HVAC-SMART,Service,Install smart thermostat,1,$595.00,$0.00,$595.00,No,$0.00,$165.00
DEMO-J-000019,No Heat,No heat,Completed,Scheduled,web,DEMO-E-00003,11/13/2025 12:25 PM,11/18/2025 6:44 PM,,,,,,DEMO-C-00014,Haskell Bauch,DEMO-L-00016,HVAC Service,,DEMO-I-000017,11/18/2025,11/18/2025,Paid,,No heat,"$1,840.00",$0.00,$20.65,"$1,860.65",$0.00,11/30/2025 7:33 PM,DEMO-IL-000038,1,HVAC-DIAG,Service,HVAC diagnostic / service call,1,$95.00,$0.00,$95.00,No,$0.00,$0.00
DEMO-J-000019,No Heat,No heat,Completed,Scheduled,web,DEMO-E-00003,11/13/2025 12:25 PM,11/18/2025 6:44 PM,,,,,,DEMO-C-00014,Haskell Bauch,DEMO-L-00016,HVAC Service,,DEMO-I-000017,11/18/2025,11/18/2025,Paid,,No heat,"$1,840.00",$0.00,$20.65,"$1,860.65",$0.00,11/30/2025 7:33 PM,DEMO-IL-000039,2,HVAC-BOARD,Service,Replace control board,1,"$1,450.00",$0.00,"$1,450.00",No,$0.00,$310.00
DEMO-J-000019,No Heat,No heat,Completed,Scheduled,web,DEMO-E-00003,11/13/2025 12:25 PM,11/18/2025 6:44 PM,,,,,,DEMO-C-00014,Haskell Bauch,DEMO-L-00016,HVAC Service,,DEMO-I-000017,11/18/2025,11/18/2025,Paid,,No heat,"$1,840.00",$0.00,$20.65,"$1,860.65",$0.00,11/30/2025 7:33 PM,DEMO-IL-000040,3,ELEC-SURGE,Equipment,HVAC surge protector,1,$295.00,$0.00,$295.00,Yes,$20.65,$45.00
DEMO-J-000020,No Heat,No heat,Canceled,Scheduled,phone,DEMO-E-00003,11/12/2025 2:25 PM,,,,,,,DEMO-C-00010,Alize Cassin,DEMO-L-00011,HVAC Service,,,,,,,,,,,,,,,,,,,,,,,,,
DEMO-J-000021,Tune Up,Fall heating tune-up,Completed,Scheduled,membership,DEMO-E-00003,11/15/2025 11:44 AM,11/18/2025 10:16 AM,,,,,,DEMO-C-00028,Freida Kohler,DEMO-L-00030,HVAC Service,,DEMO-I-000018,11/18/2025,11/18/2025,Paid,,Fall heating tune-up,$224.00,$143.00,$5.67,$86.67,$0.00,11/18/2025 10:26 AM,DEMO-IL-000041,1,HVAC-TUNE-HT,Service,Heating tune-up (fall heating),1,$129.00,$129.00,$0.00,No,$0.00,$8.00
DEMO-J-000021,Tune Up,Fall heating tune-up,Completed,Scheduled,membership,DEMO-E-00003,11/15/2025 11:44 AM,11/18/2025 10:16 AM,,,,,,DEMO-C-00028,Freida Kohler,DEMO-L-00030,HVAC Service,,DEMO-I-000018,11/18/2025,11/18/2025,Paid,,Fall heating tune-up,$224.00,$143.00,$5.67,$86.67,$0.00,11/18/2025 10:26 AM,DEMO-IL-000042,2,HVAC-FILTER,Material,Media filter replacement,1,$95.00,$14.00,$81.00,Yes,$5.67,$28.00
DEMO-J-000022,No Heat,Furnace short cycling,Completed,Scheduled,phone,DEMO-E-00003,11/14/2025 4:51 PM,11/18/2025 1:13 PM,,,,,,DEMO-C-00021,Silas Bauch,DEMO-L-00023,HVAC Service,,DEMO-I-000019,11/18/2025,11/18/2025,Paid,,Furnace short cycling,$879.00,$0.00,$0.00,$879.00,$0.00,11/18/2025 1:24 PM,DEMO-IL-000043,1,HVAC-DIAG,Service,HVAC diagnostic / service call,1,$95.00,$0.00,$95.00,No,$0.00,$0.00
DEMO-J-000022,No Heat,Furnace short cycling,Completed,Scheduled,phone,DEMO-E-00003,11/14/2025 4:51 PM,11/18/2025 1:13 PM,,,,,,DEMO-C-00021,Silas Bauch,DEMO-L-00023,HVAC Service,,DEMO-I-000019,11/18/2025,11/18/2025,Paid,,Furnace short cycling,$879.00,$0.00,$0.00,$879.00,$0.00,11/18/2025 1:24 PM,DEMO-IL-000044,2,HVAC-FLAME,Service,Clean or replace flame sensor,1,$189.00,$0.00,$189.00,No,$0.00,$15.00
DEMO-J-000022,No Heat,Furnace short cycling,Completed,Scheduled,phone,DEMO-E-00003,11/14/2025 4:51 PM,11/18/2025 1:13 PM,,,,,,DEMO-C-00021,Silas Bauch,DEMO-L-00023,HVAC Service,,DEMO-I-000019,11/18/2025,11/18/2025,Paid,,Furnace short cycling,$879.00,$0.00,$0.00,$879.00,$0.00,11/18/2025 1:24 PM,DEMO-IL-000045,3,HVAC-SMART,Service,Install smart thermostat,1,$595.00,$0.00,$595.00,No,$0.00,$165.00
DEMO-J-000023,No Heat,No heat,Completed,Today,phone,DEMO-E-00003,11/18/2025 7:00 AM,11/18/2025 9:55 AM,,,,,,DEMO-C-00025,Micah Larkin,DEMO-L-00027,HVAC Service,,DEMO-I-000020,11/18/2025,11/18/2025,Paid,,No heat,$573.00,$166.00,$0.00,$407.00,$0.00,11/28/2025 6:33 PM,DEMO-IL-000046,1,HVAC-DIAG,Service,HVAC diagnostic / service call,1,$95.00,$95.00,$0.00,No,$0.00,$0.00
DEMO-J-000023,No Heat,No heat,Completed,Today,phone,DEMO-E-00003,11/18/2025 7:00 AM,11/18/2025 9:55 AM,,,,,,DEMO-C-00025,Micah Larkin,DEMO-L-00027,HVAC Service,,DEMO-I-000020,11/18/2025,11/18/2025,Paid,,No heat,$573.00,$166.00,$0.00,$407.00,$0.00,11/28/2025 6:33 PM,DEMO-IL-000047,2,HVAC-FLAME,Service,Clean or replace flame sensor,1,$189.00,$28.00,$161.00,No,$0.00,$15.00
DEMO-J-000023,No Heat,No heat,Completed,Today,phone,DEMO-E-00003,11/18/2025 7:00 AM,11/18/2025 9:55 AM,,,,,,DEMO-C-00025,Micah Larkin,DEMO-L-00027,HVAC Service,,DEMO-I-000020,11/18/2025,11/18/2025,Paid,,No heat,$573.00,$166.00,$0.00,$407.00,$0.00,11/28/2025 6:33 PM,DEMO-IL-000048,3,HVAC-CAP,Service,Replace run capacitor,1,$289.00,$43.00,$246.00,No,$0.00,$28.00
DEMO-J-000024,Other,Indoor air quality consultation,Completed,Scheduled,phone,DEMO-E-00003,11/15/2025 2:35 PM,11/18/2025 12:17 PM,,,,,,DEMO-C-00014,Haskell Bauch,DEMO-L-00016,HVAC Service,,DEMO-I-000021,11/18/2025,11/18/2025,Paid,,Indoor air quality consultation,$790.00,$0.00,$48.65,$838.65,$0.00,11/18/2025 12:28 PM,DEMO-IL-000049,1,HVAC-DIAG,Service,HVAC diagnostic / service call,1,$95.00,$0.00,$95.00,No,$0.00,$0.00
DEMO-J-000024,Other,Indoor air quality consultation,Completed,Scheduled,phone,DEMO-E-00003,11/15/2025 2:35 PM,11/18/2025 12:17 PM,,,,,,DEMO-C-00014,Haskell Bauch,DEMO-L-00016,HVAC Service,,DEMO-I-000021,11/18/2025,11/18/2025,Paid,,Indoor air quality consultation,$790.00,$0.00,$48.65,$838.65,$0.00,11/18/2025 12:28 PM,DEMO-IL-000050,2,IAQ-UV,Equipment,UV light (coil and air),1,$695.00,$0.00,$695.00,Yes,$48.65,$165.00
DEMO-J-000025,Other,Faucet dripping,Completed,Scheduled,phone,DEMO-E-00003,11/13/2025 11:40 AM,11/18/2025 9:41 AM,,,,,,DEMO-C-00024,Jared Thiel,DEMO-L-00026,Plumbing,,DEMO-I-000022,11/18/2025,11/18/2025,Paid,,Faucet dripping,$440.00,$147.00,$0.00,$293.00,$0.00,11/24/2025 5:43 PM,DEMO-IL-000051,1,PL-DIAG,Service,Plumbing diagnostic / service call,1,$95.00,$95.00,$0.00,No,$0.00,$0.00
DEMO-J-000025,Other,Faucet dripping,Completed,Scheduled,phone,DEMO-E-00003,11/13/2025 11:40 AM,11/18/2025 9:41 AM,,,,,,DEMO-C-00024,Jared Thiel,DEMO-L-00026,Plumbing,,DEMO-I-000022,11/18/2025,11/18/2025,Paid,,Faucet dripping,$440.00,$147.00,$0.00,$293.00,$0.00,11/24/2025 5:43 PM,DEMO-IL-000052,2,PL-FAUCET,Service,Replace faucet,1,$345.00,$52.00,$293.00,No,$0.00,$95.00
DEMO-J-000026,Drain,Kitchen sink clogged,Completed,Today,phone,DEMO-E-00003,11/18/2025 8:16 AM,11/18/2025 12:04 PM,,,,,,DEMO-C-00006,Inez McLaughlin,DEMO-L-00007,Plumbing,,DEMO-I-000023,11/18/2025,11/18/2025,Paid,,Kitchen sink clogged,$395.00,$0.00,$0.00,$395.00,$0.00,11/18/2025 12:19 PM,DEMO-IL-000053,1,PL-DRAIN-MAIN,Service,Clear main drain line,1,$395.00,$0.00,$395.00,No,$0.00,$10.00
DEMO-J-000027,Other,Faucet dripping,Completed,Scheduled,phone,DEMO-E-00003,11/16/2025 11:29 AM,11/18/2025 9:52 AM,,,,,,DEMO-C-00025,Micah Larkin,DEMO-L-00027,Plumbing,,DEMO-I-000024,11/18/2025,11/18/2025,Paid,,Faucet dripping,$340.00,$132.00,$0.00,$208.00,$0.00,11/18/2025 10:11 AM,DEMO-IL-000054,1,PL-DIAG,Service,Plumbing diagnostic / service call,1,$95.00,$95.00,$0.00,No,$0.00,$0.00
DEMO-J-000027,Other,Faucet dripping,Completed,Scheduled,phone,DEMO-E-00003,11/16/2025 11:29 AM,11/18/2025 9:52 AM,,,,,,DEMO-C-00025,Micah Larkin,DEMO-L-00027,Plumbing,,DEMO-I-000024,11/18/2025,11/18/2025,Paid,,Faucet dripping,$340.00,$132.00,$0.00,$208.00,$0.00,11/18/2025 10:11 AM,DEMO-IL-000055,2,PL-TOILET,Service,Rebuild toilet,1,$245.00,$37.00,$208.00,No,$0.00,$35.00
DEMO-J-000028,Tune Up,Fall heating tune-up,Completed,Scheduled,membership,DEMO-E-00003,11/15/2025 4:47 PM,11/19/2025 9:29 AM,,,,,,DEMO-C-00025,Micah Larkin,DEMO-L-00027,HVAC Service,,DEMO-I-000025,11/19/2025,11/19/2025,Paid,,Fall heating tune-up,$129.00,$129.00,$0.00,$0.00,$0.00,11/19/2025 9:29 AM,DEMO-IL-000056,1,HVAC-TUNE-HT,Service,Heating tune-up (fall heating),1,$129.00,$129.00,$0.00,No,$0.00,$8.00
DEMO-J-000029,No Heat,Strange smell from furnace,Completed,Scheduled,phone,DEMO-E-00003,11/15/2025 3:07 PM,11/19/2025 11:05 AM,,,,,,DEMO-C-00019,Phil Runte,DEMO-L-00021,HVAC Service,,DEMO-I-000026,11/19/2025,11/19/2025,Paid,,Strange smell from furnace,$190.00,$0.00,$6.65,$196.65,$0.00,11/19/2025 11:17 AM,DEMO-IL-000057,1,HVAC-DIAG,Service,HVAC diagnostic / service call,1,$95.00,$0.00,$95.00,No,$0.00,$0.00
DEMO-J-000029,No Heat,Strange smell from furnace,Completed,Scheduled,phone,DEMO-E-00003,11/15/2025 3:07 PM,11/19/2025 11:05 AM,,,,,,DEMO-C-00019,Phil Runte,DEMO-L-00021,HVAC Service,,DEMO-I-000026,11/19/2025,11/19/2025,Paid,,Strange smell from furnace,$190.00,$0.00,$6.65,$196.65,$0.00,11/19/2025 11:17 AM,DEMO-IL-000058,2,HVAC-FILTER,Material,Media filter replacement,1,$95.00,$0.00,$95.00,Yes,$6.65,$28.00
DEMO-J-000030,Tune Up,Fall heating tune-up,Completed,Scheduled,membership,DEMO-E-00003,11/15/2025 11:17 AM,11/19/2025 9:16 AM,,,,,,DEMO-C-00020,Seth King,DEMO-L-00022,HVAC Service,,DEMO-I-000027,11/19/2025,11/19/2025,Paid,,Fall heating tune-up,$129.00,$129.00,$0.00,$0.00,$0.00,11/19/2025 9:16 AM,DEMO-IL-000059,1,HVAC-TUNE-HT,Service,Heating tune-up (fall heating),1,$129.00,$129.00,$0.00,No,$0.00,$8.00
DEMO-J-000031,Tune Up,Fall heating tune-up,Completed,Scheduled,membership,DEMO-E-00003,11/18/2025 3:05 PM,11/19/2025 12:28 PM,,,,,,DEMO-C-00016,Estel Kunde,DEMO-L-00018,HVAC Service,,DEMO-I-000028,11/19/2025,11/19/2025,Paid,,Fall heating tune-up,$478.00,$181.00,$0.00,$297.00,$0.00,11/19/2025 12:45 PM,DEMO-IL-000060,1,HVAC-TUNE-HT,Service,Heating tune-up (fall heating),1,$129.00,$129.00,$0.00,No,$0.00,$8.00
DEMO-J-000031,Tune Up,Fall heating tune-up,Completed,Scheduled,membership,DEMO-E-00003,11/18/2025 3:05 PM,11/19/2025 12:28 PM,,,,,,DEMO-C-00016,Estel Kunde,DEMO-L-00018,HVAC Service,,DEMO-I-000028,11/19/2025,11/19/2025,Paid,,Fall heating tune-up,$478.00,$181.00,$0.00,$297.00,$0.00,11/19/2025 12:45 PM,DEMO-IL-000061,2,HVAC-COIL-CLEAN,Service,Evaporator coil cleaning,1,$349.00,$52.00,$297.00,No,$0.00,$18.00
DEMO-J-000032,No Cooling,AC not keeping up,Completed,Scheduled,phone,DEMO-E-00003,11/14/2025 3:49 PM,11/19/2025 3:56 PM,,,,,,DEMO-C-00023,Declan Jaskolski,DEMO-L-00025,HVAC Service,,DEMO-I-000029,11/19/2025,11/19/2025,Paid,,AC not keeping up,$779.00,$0.00,$0.00,$779.00,$0.00,11/19/2025 4:16 PM,DEMO-IL-000062,1,HVAC-DIAG,Service,HVAC diagnostic / service call,1,$95.00,$0.00,$95.00,No,$0.00,$0.00
DEMO-J-000032,No Cooling,AC not keeping up,Completed,Scheduled,phone,DEMO-E-00003,11/14/2025 3:49 PM,11/19/2025 3:56 PM,,,,,,DEMO-C-00023,Declan Jaskolski,DEMO-L-00025,HVAC Service,,DEMO-I-000029,11/19/2025,11/19/2025,Paid,,AC not keeping up,$779.00,$0.00,$0.00,$779.00,$0.00,11/19/2025 4:16 PM,DEMO-IL-000063,2,HVAC-LEAK,Service,Refrigerant leak search,1,$395.00,$0.00,$395.00,No,$0.00,$10.00
DEMO-J-000032,No Cooling,AC not keeping up,Completed,Scheduled,phone,DEMO-E-00003,11/14/2025 3:49 PM,11/19/2025 3:56 PM,,,,,,DEMO-C-00023,Declan Jaskolski,DEMO-L-00025,HVAC Service,,DEMO-I-000029,11/19/2025,11/19/2025,Paid,,AC not keeping up,$779.00,$0.00,$0.00,$779.00,$0.00,11/19/2025 4:16 PM,DEMO-IL-000064,3,HVAC-CAP,Service,Replace run capacitor,1,$289.00,$0.00,$289.00,No,$0.00,$28.00
DEMO-J-000033,No Heat,Heat pump blowing cold air,Completed,Emergency,phone,DEMO-E-00003,11/19/2025 7:00 AM,11/19/2025 10:30 AM,,,,,,DEMO-C-00010,Alize Cassin,DEMO-L-00012,HVAC Service,,DEMO-I-000030,11/19/2025,11/19/2025,Paid,,Heat pump blowing cold air,$785.00,$0.00,$20.65,$805.65,$0.00,11/19/2025 10:38 AM,DEMO-IL-000065,1,HVAC-DIAG,Service,HVAC diagnostic / service call,1,$95.00,$0.00,$95.00,No,$0.00,$0.00
DEMO-J-000033,No Heat,Heat pump blowing cold air,Completed,Emergency,phone,DEMO-E-00003,11/19/2025 7:00 AM,11/19/2025 10:30 AM,,,,,,DEMO-C-00010,Alize Cassin,DEMO-L-00012,HVAC Service,,DEMO-I-000030,11/19/2025,11/19/2025,Paid,,Heat pump blowing cold air,$785.00,$0.00,$20.65,$805.65,$0.00,11/19/2025 10:38 AM,DEMO-IL-000066,2,HVAC-THERM,Service,Install programmable thermostat,1,$395.00,$0.00,$395.00,No,$0.00,$85.00
DEMO-J-000033,No Heat,Heat pump blowing cold air,Completed,Emergency,phone,DEMO-E-00003,11/19/2025 7:00 AM,11/19/2025 10:30 AM,,,,,,DEMO-C-00010,Alize Cassin,DEMO-L-00012,HVAC Service,,DEMO-I-000030,11/19/2025,11/19/2025,Paid,,Heat pump blowing cold air,$785.00,$0.00,$20.65,$805.65,$0.00,11/19/2025 10:38 AM,DEMO-IL-000067,3,ELEC-SURGE,Equipment,HVAC surge protector,1,$295.00,$0.00,$295.00,Yes,$20.65,$45.00
DEMO-J-000034,No Heat,No heat,Completed,Scheduled,phone,DEMO-E-00003,11/14/2025 12:37 PM,11/19/2025 10:00 AM,,,,,,DEMO-C-00028,Freida Kohler,DEMO-L-00030,HVAC Service,,DEMO-I-000031,11/19/2025,11/19/2025,Paid,,No heat,$790.00,$199.00,$0.00,$591.00,$0.00,12/2/2025 6:47 PM,DEMO-IL-000068,1,HVAC-DIAG,Service,HVAC diagnostic / service call,1,$95.00,$95.00,$0.00,No,$0.00,$0.00
DEMO-J-000034,No Heat,No heat,Completed,Scheduled,phone,DEMO-E-00003,11/14/2025 12:37 PM,11/19/2025 10:00 AM,,,,,,DEMO-C-00028,Freida Kohler,DEMO-L-00030,HVAC Service,,DEMO-I-000031,11/19/2025,11/19/2025,Paid,,No heat,$790.00,$199.00,$0.00,$591.00,$0.00,12/2/2025 6:47 PM,DEMO-IL-000069,2,HVAC-DEFROST,Service,Replace heat pump defrost board,1,$695.00,$104.00,$591.00,No,$0.00,$140.00
DEMO-J-000035,No Cooling,Unit tripping breaker,Completed,Scheduled,phone,DEMO-E-00002,11/13/2025 4:55 PM,11/19/2025 2:03 PM,,,,,,DEMO-C-00032,Cypress Hardware Group,DEMO-L-00038,Commercial & Refrigeration,,DEMO-I-000032,11/19/2025,12/19/2025,Open,,Unit tripping breaker,"$1,039.00",$0.00,$0.00,"$1,039.00","$1,039.00",,DEMO-IL-000070,1,COM-DIAG,Service,Commercial service call,1,$165.00,$0.00,$165.00,No,$0.00,$0.00
DEMO-J-000035,No Cooling,Unit tripping breaker,Completed,Scheduled,phone,DEMO-E-00002,11/13/2025 4:55 PM,11/19/2025 2:03 PM,,,,,,DEMO-C-00032,Cypress Hardware Group,DEMO-L-00038,Commercial & Refrigeration,,DEMO-I-000032,11/19/2025,12/19/2025,Open,,Unit tripping breaker,"$1,039.00",$0.00,$0.00,"$1,039.00","$1,039.00",,DEMO-IL-000071,2,REF-EVAPFAN,Service,Replace walk-in evaporator fan motor,1,$685.00,$0.00,$685.00,No,$0.00,$140.00
DEMO-J-000035,No Cooling,Unit tripping breaker,Completed,Scheduled,phone,DEMO-E-00002,11/13/2025 4:55 PM,11/19/2025 2:03 PM,,,,,,DEMO-C-00032,Cypress Hardware Group,DEMO-L-00038,Commercial & Refrigeration,,DEMO-I-000032,11/19/2025,12/19/2025,Open,,Unit tripping breaker,"$1,039.00",$0.00,$0.00,"$1,039.00","$1,039.00",,DEMO-IL-000072,3,COM-BELT,Service,Replace RTU belt,1,$189.00,$0.00,$189.00,No,$0.00,$22.00
DEMO-J-000036,Tune Up,Fall heating tune-up,Completed,Scheduled,membership,DEMO-E-00002,11/18/2025 2:23 PM,11/19/2025 9:43 AM,,,,,,DEMO-C-00018,Thad Hilll,DEMO-L-00020,HVAC Service,,DEMO-I-000033,11/19/2025,11/19/2025,Paid,,Fall heating tune-up,$224.00,$143.00,$5.67,$86.67,$0.00,12/1/2025 2:25 PM,DEMO-IL-000073,1,HVAC-TUNE-HT,Service,Heating tune-up (fall heating),1,$129.00,$129.00,$0.00,No,$0.00,$8.00
DEMO-J-000036,Tune Up,Fall heating tune-up,Completed,Scheduled,membership,DEMO-E-00002,11/18/2025 2:23 PM,11/19/2025 9:43 AM,,,,,,DEMO-C-00018,Thad Hilll,DEMO-L-00020,HVAC Service,,DEMO-I-000033,11/19/2025,11/19/2025,Paid,,Fall heating tune-up,$224.00,$143.00,$5.67,$86.67,$0.00,12/1/2025 2:25 PM,DEMO-IL-000074,2,HVAC-FILTER,Material,Media filter replacement,1,$95.00,$14.00,$81.00,Yes,$5.67,$28.00
DEMO-J-000037,Other,Sump pump not running,Completed,Emergency,phone,DEMO-E-00003,11/19/2025 7:00 AM,11/19/2025 11:24 AM,,,,,,DEMO-C-00026,Cara Beatty,DEMO-L-00028,Plumbing,,DEMO-I-000034,11/19/2025,11/19/2025,Paid,,Sump pump not running,$990.00,$229.00,$0.00,$761.00,$0.00,11/19/2025 11:40 AM,DEMO-IL-000075,1,PL-DIAG,Service,Plumbing diagnostic / service call,1,$95.00,$95.00,$0.00,No,$0.00,$0.00
DEMO-J-000037,Other,Sump pump not running,Completed,Emergency,phone,DEMO-E-00003,11/19/2025 7:00 AM,11/19/2025 11:24 AM,,,,,,DEMO-C-00026,Cara Beatty,DEMO-L-00028,Plumbing,,DEMO-I-000034,11/19/2025,11/19/2025,Paid,,Sump pump not running,$990.00,$229.00,$0.00,$761.00,$0.00,11/19/2025 11:40 AM,DEMO-IL-000076,2,PL-SUMP,Service,Replace sump pump,1,$895.00,$134.00,$761.00,No,$0.00,$240.00
DEMO-J-000038,Leak,Water spot on ceiling,Completed,Scheduled,phone,DEMO-E-00003,11/18/2025 3:05 PM,11/19/2025 3:50 PM,,,,,,DEMO-C-00028,Freida Kohler,DEMO-L-00030,Plumbing,,DEMO-I-000035,11/19/2025,11/19/2025,Paid,,Water spot on ceiling,"$1,105.00",$247.00,$0.00,$858.00,$0.00,11/19/2025 4:06 PM,DEMO-IL-000077,1,PL-DIAG,Service,Plumbing diagnostic / service call,1,$95.00,$95.00,$0.00,No,$0.00,$0.00
DEMO-J-000038,Leak,Water spot on ceiling,Completed,Scheduled,phone,DEMO-E-00003,11/18/2025 3:05 PM,11/19/2025 3:50 PM,,,,,,DEMO-C-00028,Freida Kohler,DEMO-L-00030,Plumbing,,DEMO-I-000035,11/19/2025,11/19/2025,Paid,,Water spot on ceiling,"$1,105.00",$247.00,$0.00,$858.00,$0.00,11/19/2025 4:06 PM,DEMO-IL-000078,2,PL-LEAK,Service,Repair pipe leak,1,$425.00,$64.00,$361.00,No,$0.00,$35.00
DEMO-J-000038,Leak,Water spot on ceiling,Completed,Scheduled,phone,DEMO-E-00003,11/18/2025 3:05 PM,11/19/2025 3:50 PM,,,,,,DEMO-C-00028,Freida Kohler,DEMO-L-00030,Plumbing,,DEMO-I-000035,11/19/2025,11/19/2025,Paid,,Water spot on ceiling,"$1,105.00",$247.00,$0.00,$858.00,$0.00,11/19/2025 4:06 PM,DEMO-IL-000079,3,PL-PRV,Service,Replace pressure reducing valve,1,$585.00,$88.00,$497.00,No,$0.00,$95.00
DEMO-J-000039,Other,Water quality consultation,Completed,Scheduled,phone,DEMO-E-00003,11/13/2025 8:33 AM,11/19/2025 12:16 PM,,,,,,DEMO-C-00002,Natasha Pfannerstill,DEMO-L-00002,Plumbing,,DEMO-I-000036,11/19/2025,11/19/2025,Paid,,Water quality consultation,"$2,890.00",$0.00,$195.65,"$3,085.65",$0.00,11/19/2025 12:29 PM,DEMO-IL-000080,1,PL-DIAG,Service,Plumbing diagnostic / service call,1,$95.00,$0.00,$95.00,No,$0.00,$0.00
DEMO-J-000039,Other,Water quality consultation,Completed,Scheduled,phone,DEMO-E-00003,11/13/2025 8:33 AM,11/19/2025 12:16 PM,,,,,,DEMO-C-00002,Natasha Pfannerstill,DEMO-L-00002,Plumbing,,DEMO-I-000036,11/19/2025,11/19/2025,Paid,,Water quality consultation,"$2,890.00",$0.00,$195.65,"$3,085.65",$0.00,11/19/2025 12:29 PM,DEMO-IL-000081,2,WTR-SOFT,Equipment,Water softener,1,"$2,795.00",$0.00,"$2,795.00",Yes,$195.65,$980.00
DEMO-J-000040,Leak,Leak under the sink,Completed,Scheduled,phone,DEMO-E-00003,11/18/2025 4:01 PM,11/19/2025 2:53 PM,,,,,,DEMO-C-00010,Alize Cassin,DEMO-L-00011,Plumbing,,DEMO-I-000037,11/19/2025,11/19/2025,Paid,,Leak under the sink,$520.00,$0.00,$0.00,$520.00,$0.00,11/19/2025 3:04 PM,DEMO-IL-000082,1,PL-DIAG,Service,Plumbing diagnostic / service call,1,$95.00,$0.00,$95.00,No,$0.00,$0.00
DEMO-J-000040,Leak,Leak under the sink,Completed,Scheduled,phone,DEMO-E-00003,11/18/2025 4:01 PM,11/19/2025 2:53 PM,,,,,,DEMO-C-00010,Alize Cassin,DEMO-L-00011,Plumbing,,DEMO-I-000037,11/19/2025,11/19/2025,Paid,,Leak under the sink,$520.00,$0.00,$0.00,$520.00,$0.00,11/19/2025 3:04 PM,DEMO-IL-000083,2,PL-LEAK,Service,Repair pipe leak,1,$425.00,$0.00,$425.00,No,$0.00,$35.00
DEMO-J-000041,Other,Water quality consultation,Completed,Scheduled,phone,DEMO-E-00003,11/17/2025 10:14 AM,11/19/2025 7:11 PM,,,,,,DEMO-C-00021,Silas Bauch,DEMO-L-00023,Plumbing,,DEMO-I-000038,11/19/2025,11/19/2025,Paid,,Water quality consultation,"$1,990.00",$0.00,$132.65,"$2,122.65",$0.00,11/19/2025 7:20 PM,DEMO-IL-000084,1,PL-DIAG,Service,Plumbing diagnostic / service call,1,$95.00,$0.00,$95.00,No,$0.00,$0.00
DEMO-J-000041,Other,Water quality consultation,Completed,Scheduled,phone,DEMO-E-00003,11/17/2025 10:14 AM,11/19/2025 7:11 PM,,,,,,DEMO-C-00021,Silas Bauch,DEMO-L-00023,Plumbing,,DEMO-I-000038,11/19/2025,11/19/2025,Paid,,Water quality consultation,"$1,990.00",$0.00,$132.65,"$2,122.65",$0.00,11/19/2025 7:20 PM,DEMO-IL-000085,2,WTR-FILTER,Equipment,Whole-home water filter,1,"$1,895.00",$0.00,"$1,895.00",Yes,$132.65,$620.00
DEMO-J-000042,Estimate,Replacement estimate,Completed,Scheduled,phone,DEMO-E-00003,11/18/2025 9:23 AM,11/20/2025 9:09 AM,,,,,,DEMO-C-00022,Clementina Jacobson,DEMO-L-00024,HVAC Replacement,,,,,,,,,,,,,,,,,,,,,,,,,
DEMO-J-000043,Install,System replacement install,Completed,Scheduled,replacement_sale,DEMO-E-00003,11/20/2025 10:43 AM,11/25/2025 3:53 PM,DEMO-E-00004,,,,,DEMO-C-00022,Clementina Jacobson,DEMO-L-00024,HVAC Replacement,,DEMO-I-000077,11/25/2025,11/25/2025,Paid,,System replacement,"$14,900.00",$0.00,$0.00,"$14,900.00",$0.00,11/28/2025 2:00 PM,DEMO-IL-000170,1,EQ-HP-3T,Equipment,"15.2 SEER2 heat pump system, 3 ton (installed)",1,"$10,950.00",$0.00,"$10,950.00",No,$0.00,"$4,600.00"
DEMO-J-000043,Install,System replacement install,Completed,Scheduled,replacement_sale,DEMO-E-00003,11/20/2025 10:43 AM,11/25/2025 3:53 PM,DEMO-E-00004,,,,,DEMO-C-00022,Clementina Jacobson,DEMO-L-00024,HVAC Replacement,,DEMO-I-000077,11/25/2025,11/25/2025,Paid,,System replacement,"$14,900.00",$0.00,$0.00,"$14,900.00",$0.00,11/28/2025 2:00 PM,DEMO-IL-000171,2,EQ-AH,Equipment,Air handler (installed),1,"$3,950.00",$0.00,"$3,950.00",No,$0.00,"$1,450.00"
DEMO-J-000044,No Heat,Strange smell from furnace,Completed,Emergency,phone,DEMO-E-00003,11/20/2025 8:12 AM,11/20/2025 11:31 AM,,,,,,DEMO-C-00023,Declan Jaskolski,DEMO-L-00025,HVAC Service,,DEMO-I-000039,11/20/2025,11/20/2025,Paid,,Strange smell from furnace,$384.00,$0.00,$0.00,$384.00,$0.00,11/20/2025 11:42 AM,DEMO-IL-000086,1,HVAC-DIAG,Service,HVAC diagnostic / service call,1,$95.00,$0.00,$95.00,No,$0.00,$0.00
DEMO-J-000044,No Heat,Strange smell from furnace,Completed,Emergency,phone,DEMO-E-00003,11/20/2025 8:12 AM,11/20/2025 11:31 AM,,,,,,DEMO-C-00023,Declan Jaskolski,DEMO-L-00025,HVAC Service,,DEMO-I-000039,11/20/2025,11/20/2025,Paid,,Strange smell from furnace,$384.00,$0.00,$0.00,$384.00,$0.00,11/20/2025 11:42 AM,DEMO-IL-000087,2,HVAC-CAP,Service,Replace run capacitor,1,$289.00,$0.00,$289.00,No,$0.00,$28.00
DEMO-J-000045,No Cooling,Unit tripping breaker,Completed,Scheduled,phone,DEMO-E-00003,11/18/2025 10:48 AM,11/20/2025 9:52 AM,,,,,,DEMO-C-00032,Cypress Hardware Group,DEMO-L-00037,Commercial & Refrigeration,,DEMO-I-000040,11/20/2025,12/20/2025,Paid,,Unit tripping breaker,$454.00,$0.00,$0.00,$454.00,$0.00,12/22/2025 11:00 AM,DEMO-IL-000088,1,COM-DIAG,Service,Commercial service call,1,$165.00,$0.00,$165.00,No,$0.00,$0.00
DEMO-J-000045,No Cooling,Unit tripping breaker,Completed,Scheduled,phone,DEMO-E-00003,11/18/2025 10:48 AM,11/20/2025 9:52 AM,,,,,,DEMO-C-00032,Cypress Hardware Group,DEMO-L-00037,Commercial & Refrigeration,,DEMO-I-000040,11/20/2025,12/20/2025,Paid,,Unit tripping breaker,$454.00,$0.00,$0.00,$454.00,$0.00,12/22/2025 11:00 AM,DEMO-IL-000089,2,HVAC-CAP,Service,Replace run capacitor,1,$289.00,$0.00,$289.00,No,$0.00,$28.00
DEMO-J-000046,No Cooling,RTU not cooling,Completed,Scheduled,phone,DEMO-E-00003,11/14/2025 3:33 PM,11/20/2025 2:18 PM,,,,,,DEMO-C-00037,Juniper Pharmacy,DEMO-L-00055,Commercial & Refrigeration,,DEMO-I-000041,11/20/2025,12/20/2025,Paid,,RTU not cooling,"$1,395.00",$0.00,$0.00,"$1,395.00",$0.00,1/8/2026 11:00 AM,DEMO-IL-000090,1,COM-DIAG,Service,Commercial service call,1,$165.00,$0.00,$165.00,No,$0.00,$0.00
DEMO-J-000046,No Cooling,RTU not cooling,Completed,Scheduled,phone,DEMO-E-00003,11/14/2025 3:33 PM,11/20/2025 2:18 PM,,,,,,DEMO-C-00037,Juniper Pharmacy,DEMO-L-00055,Commercial & Refrigeration,,DEMO-I-000041,11/20/2025,12/20/2025,Paid,,RTU not cooling,"$1,395.00",$0.00,$0.00,"$1,395.00",$0.00,1/8/2026 11:00 AM,DEMO-IL-000091,2,REF-DEFROST,Service,Replace defrost timer,1,$545.00,$0.00,$545.00,No,$0.00,$95.00
DEMO-J-000046,No Cooling,RTU not cooling,Completed,Scheduled,phone,DEMO-E-00003,11/14/2025 3:33 PM,11/20/2025 2:18 PM,,,,,,DEMO-C-00037,Juniper Pharmacy,DEMO-L-00055,Commercial & Refrigeration,,DEMO-I-000041,11/20/2025,12/20/2025,Paid,,RTU not cooling,"$1,395.00",$0.00,$0.00,"$1,395.00",$0.00,1/8/2026 11:00 AM,DEMO-IL-000092,3,REF-EVAPFAN,Service,Replace walk-in evaporator fan motor,1,$685.00,$0.00,$685.00,No,$0.00,$140.00
DEMO-J-000047,Tune Up,Fall heating tune-up,Completed,Scheduled,membership,DEMO-E-00003,11/19/2025 3:10 PM,11/20/2025 10:03 AM,,,,,,DEMO-C-00013,Jessica Waters,DEMO-L-00015,HVAC Service,,DEMO-I-000042,11/20/2025,11/20/2025,Paid,,Fall heating tune-up,$424.00,$173.00,$17.57,$268.57,$0.00,11/20/2025 10:22 AM,DEMO-IL-000093,1,HVAC-TUNE-HT,Service,Heating tune-up (fall heating),1,$129.00,$129.00,$0.00,No,$0.00,$8.00
DEMO-J-000047,Tune Up,Fall heating tune-up,Completed,Scheduled,membership,DEMO-E-00003,11/19/2025 3:10 PM,11/20/2025 10:03 AM,,,,,,DEMO-C-00013,Jessica Waters,DEMO-L-00015,HVAC Service,,DEMO-I-000042,11/20/2025,11/20/2025,Paid,,Fall heating tune-up,$424.00,$173.00,$17.57,$268.57,$0.00,11/20/2025 10:22 AM,DEMO-IL-000094,2,ELEC-SURGE,Equipment,HVAC surge protector,1,$295.00,$44.00,$251.00,Yes,$17.57,$45.00
DEMO-J-000048,No Heat,Strange smell from furnace,Completed,Scheduled,phone,DEMO-E-00003,11/14/2025 12:51 PM,11/20/2025 12:16 PM,,,,,,DEMO-C-00004,Brennon Homenick,DEMO-L-00004,HVAC Service,,DEMO-I-000043,11/20/2025,11/20/2025,Paid,,Strange smell from furnace,$440.00,$147.00,$0.00,$293.00,$0.00,11/20/2025 12:29 PM,DEMO-IL-000095,1,HVAC-DIAG,Service,HVAC diagnostic / service call,1,$95.00,$95.00,$0.00,No,$0.00,$0.00
DEMO-J-000048,No Heat,Strange smell from furnace,Completed,Scheduled,phone,DEMO-E-00003,11/14/2025 12:51 PM,11/20/2025 12:16 PM,,,,,,DEMO-C-00004,Brennon Homenick,DEMO-L-00004,HVAC Service,,DEMO-I-000043,11/20/2025,11/20/2025,Paid,,Strange smell from furnace,$440.00,$147.00,$0.00,$293.00,$0.00,11/20/2025 12:29 PM,DEMO-IL-000096,2,HVAC-IGN,Service,Replace hot surface ignitor,1,$345.00,$52.00,$293.00,No,$0.00,$38.00
DEMO-J-000049,No Cooling,RTU not cooling,Completed,Emergency,phone,DEMO-E-00003,11/20/2025 7:00 AM,11/20/2025 9:54 AM,,,,,,DEMO-C-00050,Harbor Light Self Storage,DEMO-L-00071,Commercial & Refrigeration,,DEMO-I-000044,11/20/2025,12/20/2025,Paid,,RTU not cooling,$454.00,$0.00,$0.00,$454.00,$0.00,1/10/2026 11:00 AM,DEMO-IL-000097,1,COM-DIAG,Service,Commercial service call,1,$165.00,$0.00,$165.00,No,$0.00,$0.00
DEMO-J-000049,No Cooling,RTU not cooling,Completed,Emergency,phone,DEMO-E-00003,11/20/2025 7:00 AM,11/20/2025 9:54 AM,,,,,,DEMO-C-00050,Harbor Light Self Storage,DEMO-L-00071,Commercial & Refrigeration,,DEMO-I-000044,11/20/2025,12/20/2025,Paid,,RTU not cooling,$454.00,$0.00,$0.00,$454.00,$0.00,1/10/2026 11:00 AM,DEMO-IL-000098,2,HVAC-CAP,Service,Replace run capacitor,1,$289.00,$0.00,$289.00,No,$0.00,$28.00
DEMO-J-000050,No Cooling,Unit tripping breaker,Completed,Scheduled,phone,DEMO-E-00003,11/16/2025 1:17 PM,11/20/2025 2:15 PM,,,,,,DEMO-C-00034,Marsh Point Outfitters Group,DEMO-L-00052,Commercial & Refrigeration,PO-67811,DEMO-I-000045,11/20/2025,12/5/2025,Paid,,Unit tripping breaker,"$1,175.00",$0.00,$0.00,"$1,175.00",$0.00,11/28/2025 11:00 AM,DEMO-IL-000099,1,COM-DIAG,Service,Commercial service call,1,$165.00,$0.00,$165.00,No,$0.00,$0.00
DEMO-J-000050,No Cooling,Unit tripping breaker,Completed,Scheduled,phone,DEMO-E-00003,11/16/2025 1:17 PM,11/20/2025 2:15 PM,,,,,,DEMO-C-00034,Marsh Point Outfitters Group,DEMO-L-00052,Commercial & Refrigeration,PO-67811,DEMO-I-000045,11/20/2025,12/5/2025,Paid,,Unit tripping breaker,"$1,175.00",$0.00,$0.00,"$1,175.00",$0.00,11/28/2025 11:00 AM,DEMO-IL-000100,2,REF-EVAPFAN,Service,Replace walk-in evaporator fan motor,1,$685.00,$0.00,$685.00,No,$0.00,$140.00
DEMO-J-000050,No Cooling,Unit tripping breaker,Completed,Scheduled,phone,DEMO-E-00003,11/16/2025 1:17 PM,11/20/2025 2:15 PM,,,,,,DEMO-C-00034,Marsh Point Outfitters Group,DEMO-L-00052,Commercial & Refrigeration,PO-67811,DEMO-I-000045,11/20/2025,12/5/2025,Paid,,Unit tripping breaker,"$1,175.00",$0.00,$0.00,"$1,175.00",$0.00,11/28/2025 11:00 AM,DEMO-IL-000101,3,REF-GASKET,Service,Replace door gasket,1,$325.00,$0.00,$325.00,No,$0.00,$85.00
DEMO-J-000051,Tune Up,Fall heating tune-up,Completed,Scheduled,membership,DEMO-E-00003,11/15/2025 2:39 PM,11/20/2025 10:04 AM,,,,,,DEMO-C-00011,Cole Flatley,DEMO-L-00013,HVAC Service,,DEMO-I-000046,11/20/2025,11/20/2025,Paid,,Fall heating tune-up,$824.00,$233.00,$41.37,$632.37,$0.00,11/20/2025 10:15 AM,DEMO-IL-000102,1,HVAC-TUNE-HT,Service,Heating tune-up (fall heating),1,$129.00,$129.00,$0.00,No,$0.00,$8.00
DEMO-J-000051,Tune Up,Fall heating tune-up,Completed,Scheduled,membership,DEMO-E-00003,11/15/2025 2:39 PM,11/20/2025 10:04 AM,,,,,,DEMO-C-00011,Cole Flatley,DEMO-L-00013,HVAC Service,,DEMO-I-000046,11/20/2025,11/20/2025,Paid,,Fall heating tune-up,$824.00,$233.00,$41.37,$632.37,$0.00,11/20/2025 10:15 AM,DEMO-IL-000103,2,IAQ-UV,Equipment,UV light (coil and air),1,$695.00,$104.00,$591.00,Yes,$41.37,$165.00
DEMO-J-000052,Drain,Main line backing up,Completed,Scheduled,phone,DEMO-E-00003,11/18/2025 4:31 PM,11/20/2025 10:14 AM,,,,,,DEMO-C-00017,German Thompson,DEMO-L-00019,Plumbing,,DEMO-I-000047,11/20/2025,11/20/2025,Paid,,Main line backing up,$395.00,$59.00,$0.00,$336.00,$0.00,11/20/2025 10:21 AM,DEMO-IL-000104,1,PL-DRAIN-MAIN,Service,Clear main drain line,1,$395.00,$59.00,$336.00,No,$0.00,$10.00
DEMO-J-000053,Water Heater,Water heater making noise,Completed,Emergency,phone,DEMO-E-00003,11/20/2025 7:00 AM,11/20/2025 10:12 AM,,,,,,DEMO-C-00002,Natasha Pfannerstill,DEMO-L-00002,Plumbing,,DEMO-I-000048,11/20/2025,11/20/2025,Paid,,Water heater making noise,$680.00,$0.00,$0.00,$680.00,$0.00,12/3/2025 10:24 AM,DEMO-IL-000105,1,PL-DIAG,Service,Plumbing diagnostic / service call,1,$95.00,$0.00,$95.00,No,$0.00,$0.00
DEMO-J-000053,Water Heater,Water heater making noise,Completed,Emergency,phone,DEMO-E-00003,11/20/2025 7:00 AM,11/20/2025 10:12 AM,,,,,,DEMO-C-00002,Natasha Pfannerstill,DEMO-L-00002,Plumbing,,DEMO-I-000048,11/20/2025,11/20/2025,Paid,,Water heater making noise,$680.00,$0.00,$0.00,$680.00,$0.00,12/3/2025 10:24 AM,DEMO-IL-000106,2,PL-PRV,Service,Replace pressure reducing valve,1,$585.00,$0.00,$585.00,No,$0.00,$95.00
DEMO-J-000054,Tune Up,Fall heating tune-up,Completed,Scheduled,membership,DEMO-E-00003,11/17/2025 2:04 PM,11/21/2025 10:18 AM,,,,,,DEMO-C-00029,Kallie Durgan,DEMO-L-00031,HVAC Service,,DEMO-I-000049,11/21/2025,11/21/2025,Paid,,Fall heating tune-up,$418.00,$172.00,$0.00,$246.00,$0.00,11/21/2025 10:29 AM,DEMO-IL-000107,1,HVAC-TUNE-HT,Service,Heating tune-up (fall heating),1,$129.00,$129.00,$0.00,No,$0.00,$8.00
DEMO-J-000054,Tune Up,Fall heating tune-up,Completed,Scheduled,membership,DEMO-E-00003,11/17/2025 2:04 PM,11/21/2025 10:18 AM,,,,,,DEMO-C-00029,Kallie Durgan,DEMO-L-00031,HVAC Service,,DEMO-I-000049,11/21/2025,11/21/2025,Paid,,Fall heating tune-up,$418.00,$172.00,$0.00,$246.00,$0.00,11/21/2025 10:29 AM,DEMO-IL-000108,2,HVAC-CAP,Service,Replace run capacitor,1,$289.00,$43.00,$246.00,No,$0.00,$28.00
DEMO-J-000055,No Heat,No heat,Completed,Scheduled,phone,DEMO-E-00002,11/16/2025 11:36 AM,11/21/2025 12:01 PM,,,,,,DEMO-C-00012,Kasey McClure,DEMO-L-00014,HVAC Service,,DEMO-I-000050,11/21/2025,11/21/2025,Paid,,No heat,$440.00,$0.00,$0.00,$440.00,$0.00,11/21/2025 12:16 PM,DEMO-IL-000109,1,HVAC-DIAG,Service,HVAC diagnostic / service call,1,$95.00,$0.00,$95.00,No,$0.00,$0.00
DEMO-J-000055,No Heat,No heat,Completed,Scheduled,phone,DEMO-E-00002,11/16/2025 11:36 AM,11/21/2025 12:01 PM,,,,,,DEMO-C-00012,Kasey McClure,DEMO-L-00014,HVAC Service,,DEMO-I-000050,11/21/2025,11/21/2025,Paid,,No heat,$440.00,$0.00,$0.00,$440.00,$0.00,11/21/2025 12:16 PM,DEMO-IL-000110,2,HVAC-IGN,Service,Replace hot surface ignitor,1,$345.00,$0.00,$345.00,No,$0.00,$38.00
DEMO-J-000056,No Heat,No heat,Completed,Scheduled,phone,DEMO-E-00003,11/17/2025 11:20 AM,11/21/2025 9:39 AM,,,,,,DEMO-C-00013,Jessica Waters,DEMO-L-00015,HVAC Service,,DEMO-I-000051,11/21/2025,11/21/2025,Paid,,No heat,$284.00,$123.00,$0.00,$161.00,$0.00,11/26/2025 2:11 PM,DEMO-IL-000111,1,HVAC-DIAG,Service,HVAC diagnostic / service call,1,$95.00,$95.00,$0.00,No,$0.00,$0.00
DEMO-J-000056,No Heat,No heat,Completed,Scheduled,phone,DEMO-E-00003,11/17/2025 11:20 AM,11/21/2025 9:39 AM,,,,,,DEMO-C-00013,Jessica Waters,DEMO-L-00015,HVAC Service,,DEMO-I-000051,11/21/2025,11/21/2025,Paid,,No heat,$284.00,$123.00,$0.00,$161.00,$0.00,11/26/2025 2:11 PM,DEMO-IL-000112,2,HVAC-FLAME,Service,Clean or replace flame sensor,1,$189.00,$28.00,$161.00,No,$0.00,$15.00
DEMO-J-000057,Tune Up,Fall heating tune-up,Completed,Scheduled,membership,DEMO-E-00003,11/19/2025 2:20 PM,11/21/2025 12:17 PM,,,,,,DEMO-C-00024,Jared Thiel,DEMO-L-00026,HVAC Service,,DEMO-I-000052,11/21/2025,11/21/2025,Paid,,Fall heating tune-up,$424.00,$173.00,$17.57,$268.57,$0.00,11/21/2025 12:29 PM,DEMO-IL-000113,1,HVAC-TUNE-HT,Service,Heating tune-up (fall heating),1,$129.00,$129.00,$0.00,No,$0.00,$8.00
DEMO-J-000057,Tune Up,Fall heating tune-up,Completed,Scheduled,membership,DEMO-E-00003,11/19/2025 2:20 PM,11/21/2025 12:17 PM,,,,,,DEMO-C-00024,Jared Thiel,DEMO-L-00026,HVAC Service,,DEMO-I-000052,11/21/2025,11/21/2025,Paid,,Fall heating tune-up,$424.00,$173.00,$17.57,$268.57,$0.00,11/21/2025 12:29 PM,DEMO-IL-000114,2,ELEC-SURGE,Equipment,HVAC surge protector,1,$295.00,$44.00,$251.00,Yes,$17.57,$45.00
DEMO-J-000058,No Cooling,Outdoor unit not running,Completed,Today,phone,DEMO-E-00003,11/21/2025 9:56 AM,11/21/2025 2:29 PM,,,,,,DEMO-C-00015,Nathen Rosenbaum,DEMO-L-00017,HVAC Service,,DEMO-I-000053,11/21/2025,11/21/2025,Paid,,Outdoor unit not running,$420.00,$0.00,$0.00,$420.00,$0.00,11/21/2025 2:39 PM,DEMO-IL-000115,1,HVAC-DIAG,Service,HVAC diagnostic / service call,1,$95.00,$0.00,$95.00,No,$0.00,$0.00
DEMO-J-000058,No Cooling,Outdoor unit not running,Completed,Today,phone,DEMO-E-00003,11/21/2025 9:56 AM,11/21/2025 2:29 PM,,,,,,DEMO-C-00015,Nathen Rosenbaum,DEMO-L-00017,HVAC Service,,DEMO-I-000053,11/21/2025,11/21/2025,Paid,,Outdoor unit not running,$420.00,$0.00,$0.00,$420.00,$0.00,11/21/2025 2:39 PM,DEMO-IL-000116,2,HVAC-CONT,Service,Replace contactor,1,$325.00,$0.00,$325.00,No,$0.00,$32.00
DEMO-J-000059,No Heat,Furnace short cycling,Completed,Scheduled,phone,DEMO-E-00003,11/18/2025 4:28 PM,11/21/2025 9:49 AM,,,,,,DEMO-C-00020,Seth King,DEMO-L-00022,HVAC Service,,DEMO-I-000054,11/21/2025,11/21/2025,Paid,,Furnace short cycling,$490.00,$154.00,$0.00,$336.00,$0.00,11/21/2025 9:57 AM,DEMO-IL-000117,1,HVAC-DIAG,Service,HVAC diagnostic / service call,1,$95.00,$95.00,$0.00,No,$0.00,$0.00
DEMO-J-000059,No Heat,Furnace short cycling,Completed,Scheduled,phone,DEMO-E-00003,11/18/2025 4:28 PM,11/21/2025 9:49 AM,,,,,,DEMO-C-00020,Seth King,DEMO-L-00022,HVAC Service,,DEMO-I-000054,11/21/2025,11/21/2025,Paid,,Furnace short cycling,$490.00,$154.00,$0.00,$336.00,$0.00,11/21/2025 9:57 AM,DEMO-IL-000118,2,HVAC-THERM,Service,Install programmable thermostat,1,$395.00,$59.00,$336.00,No,$0.00,$85.00
DEMO-J-000060,No Heat,No heat,Completed,Emergency,web,DEMO-E-00003,11/21/2025 7:00 AM,11/21/2025 10:16 AM,,,,,,DEMO-C-00010,Alize Cassin,DEMO-L-00012,HVAC Service,,DEMO-I-000055,11/21/2025,11/21/2025,Open,,No heat,$785.00,$0.00,$20.65,$805.65,$805.65,,DEMO-IL-000119,1,HVAC-DIAG,Service,HVAC diagnostic / service call,1,$95.00,$0.00,$95.00,No,$0.00,$0.00
DEMO-J-000060,No Heat,No heat,Completed,Emergency,web,DEMO-E-00003,11/21/2025 7:00 AM,11/21/2025 10:16 AM,,,,,,DEMO-C-00010,Alize Cassin,DEMO-L-00012,HVAC Service,,DEMO-I-000055,11/21/2025,11/21/2025,Open,,No heat,$785.00,$0.00,$20.65,$805.65,$805.65,,DEMO-IL-000120,2,HVAC-THERM,Service,Install programmable thermostat,1,$395.00,$0.00,$395.00,No,$0.00,$85.00
DEMO-J-000060,No Heat,No heat,Completed,Emergency,web,DEMO-E-00003,11/21/2025 7:00 AM,11/21/2025 10:16 AM,,,,,,DEMO-C-00010,Alize Cassin,DEMO-L-00012,HVAC Service,,DEMO-I-000055,11/21/2025,11/21/2025,Open,,No heat,$785.00,$0.00,$20.65,$805.65,$805.65,,DEMO-IL-000121,3,ELEC-SURGE,Equipment,HVAC surge protector,1,$295.00,$0.00,$295.00,Yes,$20.65,$45.00
DEMO-J-000061,No Cooling,No cooling,Completed,Scheduled,phone,DEMO-E-00003,11/16/2025 9:54 AM,11/21/2025 9:43 AM,,,,,,DEMO-C-00006,Inez McLaughlin,DEMO-L-00007,HVAC Service,,DEMO-I-000056,11/21/2025,11/21/2025,Paid,,No cooling,$420.00,$0.00,$0.00,$420.00,$0.00,12/12/2025 11:24 AM,DEMO-IL-000122,1,HVAC-DIAG,Service,HVAC diagnostic / service call,1,$95.00,$0.00,$95.00,No,$0.00,$0.00
DEMO-J-000061,No Cooling,No cooling,Completed,Scheduled,phone,DEMO-E-00003,11/16/2025 9:54 AM,11/21/2025 9:43 AM,,,,,,DEMO-C-00006,Inez McLaughlin,DEMO-L-00007,HVAC Service,,DEMO-I-000056,11/21/2025,11/21/2025,Paid,,No cooling,$420.00,$0.00,$0.00,$420.00,$0.00,12/12/2025 11:24 AM,DEMO-IL-000123,2,HVAC-CONT,Service,Replace contactor,1,$325.00,$0.00,$325.00,No,$0.00,$32.00
DEMO-J-000062,Water Heater,No hot water,Completed,Scheduled,phone,DEMO-E-00003,11/15/2025 11:25 AM,11/21/2025 11:11 AM,,,,,,DEMO-C-00006,Inez McLaughlin,DEMO-L-00007,Plumbing,,DEMO-I-000057,11/21/2025,11/21/2025,Paid,,No hot water,$680.00,$0.00,$0.00,$680.00,$0.00,11/21/2025 11:25 AM,DEMO-IL-000124,1,PL-DIAG,Service,Plumbing diagnostic / service call,1,$95.00,$0.00,$95.00,No,$0.00,$0.00
DEMO-J-000062,Water Heater,No hot water,Completed,Scheduled,phone,DEMO-E-00003,11/15/2025 11:25 AM,11/21/2025 11:11 AM,,,,,,DEMO-C-00006,Inez McLaughlin,DEMO-L-00007,Plumbing,,DEMO-I-000057,11/21/2025,11/21/2025,Paid,,No hot water,$680.00,$0.00,$0.00,$680.00,$0.00,11/21/2025 11:25 AM,DEMO-IL-000125,2,PL-PRV,Service,Replace pressure reducing valve,1,$585.00,$0.00,$585.00,No,$0.00,$95.00
DEMO-J-000063,Leak,Water spot on ceiling,Completed,Scheduled,phone,DEMO-E-00003,11/19/2025 11:55 AM,11/21/2025 1:17 PM,,,,,,DEMO-C-00020,Seth King,DEMO-L-00022,Plumbing,,DEMO-I-000058,11/21/2025,11/21/2025,Paid,,Water spot on ceiling,$520.00,$159.00,$0.00,$361.00,$0.00,11/21/2025 1:33 PM,DEMO-IL-000126,1,PL-DIAG,Service,Plumbing diagnostic / service call,1,$95.00,$95.00,$0.00,No,$0.00,$0.00
DEMO-J-000063,Leak,Water spot on ceiling,Completed,Scheduled,phone,DEMO-E-00003,11/19/2025 11:55 AM,11/21/2025 1:17 PM,,,,,,DEMO-C-00020,Seth King,DEMO-L-00022,Plumbing,,DEMO-I-000058,11/21/2025,11/21/2025,Paid,,Water spot on ceiling,$520.00,$159.00,$0.00,$361.00,$0.00,11/21/2025 1:33 PM,DEMO-IL-000127,2,PL-LEAK,Service,Repair pipe leak,1,$425.00,$64.00,$361.00,No,$0.00,$35.00
DEMO-J-000064,Other,Water quality consultation,Completed,Scheduled,phone,DEMO-E-00003,11/16/2025 12:10 PM,11/21/2025 12:27 PM,,,,,,DEMO-C-00021,Silas Bauch,DEMO-L-00023,Plumbing,,DEMO-I-000059,11/21/2025,11/21/2025,Open,,Water quality consultation,"$2,890.00",$0.00,$195.65,"$3,085.65","$3,085.65",,DEMO-IL-000128,1,PL-DIAG,Service,Plumbing diagnostic / service call,1,$95.00,$0.00,$95.00,No,$0.00,$0.00
DEMO-J-000064,Other,Water quality consultation,Completed,Scheduled,phone,DEMO-E-00003,11/16/2025 12:10 PM,11/21/2025 12:27 PM,,,,,,DEMO-C-00021,Silas Bauch,DEMO-L-00023,Plumbing,,DEMO-I-000059,11/21/2025,11/21/2025,Open,,Water quality consultation,"$2,890.00",$0.00,$195.65,"$3,085.65","$3,085.65",,DEMO-IL-000129,2,WTR-SOFT,Equipment,Water softener,1,"$2,795.00",$0.00,"$2,795.00",Yes,$195.65,$980.00
DEMO-J-000065,Leak,Pipe leak in crawlspace,Completed,Scheduled,phone,DEMO-E-00002,11/15/2025 10:56 AM,11/21/2025 3:19 PM,,,,,,DEMO-C-00017,German Thompson,DEMO-L-00019,Plumbing,,DEMO-I-000060,11/21/2025,11/21/2025,Paid,,Pipe leak in crawlspace,$520.00,$159.00,$0.00,$361.00,$0.00,11/21/2025 3:28 PM,DEMO-IL-000130,1,PL-DIAG,Service,Plumbing diagnostic / service call,1,$95.00,$95.00,$0.00,No,$0.00,$0.00
DEMO-J-000065,Leak,Pipe leak in crawlspace,Completed,Scheduled,phone,DEMO-E-00002,11/15/2025 10:56 AM,11/21/2025 3:19 PM,,,,,,DEMO-C-00017,German Thompson,DEMO-L-00019,Plumbing,,DEMO-I-000060,11/21/2025,11/21/2025,Paid,,Pipe leak in crawlspace,$520.00,$159.00,$0.00,$361.00,$0.00,11/21/2025 3:28 PM,DEMO-IL-000131,2,PL-LEAK,Service,Repair pipe leak,1,$425.00,$64.00,$361.00,No,$0.00,$35.00
DEMO-J-000066,No Heat,No heat,Completed,Today,phone,DEMO-E-00003,11/24/2025 7:00 AM,11/24/2025 11:40 AM,,,,,,DEMO-C-00006,Inez McLaughlin,DEMO-L-00007,HVAC Service,,DEMO-I-000062,11/24/2025,11/24/2025,Paid,,No heat,"$1,990.00",$0.00,$0.00,"$1,990.00",$0.00,11/24/2025 11:44 AM,DEMO-IL-000136,1,HVAC-DIAG,Service,HVAC diagnostic / service call,1,$95.00,$0.00,$95.00,No,$0.00,$0.00
DEMO-J-000066,No Heat,No heat,Completed,Today,phone,DEMO-E-00003,11/24/2025 7:00 AM,11/24/2025 11:40 AM,,,,,,DEMO-C-00006,Inez McLaughlin,DEMO-L-00007,HVAC Service,,DEMO-I-000062,11/24/2025,11/24/2025,Paid,,No heat,"$1,990.00",$0.00,$0.00,"$1,990.00",$0.00,11/24/2025 11:44 AM,DEMO-IL-000137,2,HVAC-ECM,Service,Replace ECM blower motor,1,"$1,895.00",$0.00,"$1,895.00",No,$0.00,$620.00
DEMO-J-000067,Tune Up,Fall heating tune-up,Completed,Scheduled,membership,DEMO-E-00003,11/22/2025 11:34 AM,11/24/2025 5:39 PM,,,,,,DEMO-C-00017,German Thompson,DEMO-L-00019,HVAC Service,,DEMO-I-000063,11/24/2025,11/24/2025,Paid,,Fall heating tune-up,"$1,262.00",$298.00,$0.00,$964.00,$0.00,11/24/2025 5:56 PM,DEMO-IL-000138,1,HVAC-TUNE-HT,Service,Heating tune-up (fall heating),1,$129.00,$129.00,$0.00,No,$0.00,$8.00
DEMO-J-000067,Tune Up,Fall heating tune-up,Completed,Scheduled,membership,DEMO-E-00003,11/22/2025 11:34 AM,11/24/2025 5:39 PM,,,,,,DEMO-C-00017,German Thompson,DEMO-L-00019,HVAC Service,,DEMO-I-000063,11/24/2025,11/24/2025,Paid,,Fall heating tune-up,"$1,262.00",$298.00,$0.00,$964.00,$0.00,11/24/2025 5:56 PM,DEMO-IL-000139,2,HVAC-DRAIN,Service,Clear condensate drain line,1,$189.00,$28.00,$161.00,No,$0.00,$6.00
DEMO-J-000067,Tune Up,Fall heating tune-up,Completed,Scheduled,membership,DEMO-E-00003,11/22/2025 11:34 AM,11/24/2025 5:39 PM,,,,,,DEMO-C-00017,German Thompson,DEMO-L-00019,HVAC Service,,DEMO-I-000063,11/24/2025,11/24/2025,Paid,,Fall heating tune-up,"$1,262.00",$298.00,$0.00,$964.00,$0.00,11/24/2025 5:56 PM,DEMO-IL-000140,3,HVAC-COIL-CLEAN,Service,Evaporator coil cleaning,1,$349.00,$52.00,$297.00,No,$0.00,$18.00
DEMO-J-000067,Tune Up,Fall heating tune-up,Completed,Scheduled,membership,DEMO-E-00003,11/22/2025 11:34 AM,11/24/2025 5:39 PM,,,,,,DEMO-C-00017,German Thompson,DEMO-L-00019,HVAC Service,,DEMO-I-000063,11/24/2025,11/24/2025,Paid,,Fall heating tune-up,"$1,262.00",$298.00,$0.00,$964.00,$0.00,11/24/2025 5:56 PM,DEMO-IL-000141,4,HVAC-SMART,Service,Install smart thermostat,1,$595.00,$89.00,$506.00,No,$0.00,$165.00
DEMO-J-000068,Maintenance,Quarterly preventive maintenance,Completed,Scheduled,phone,DEMO-E-00003,11/21/2025 11:11 AM,11/24/2025 9:41 AM,,,,,,DEMO-C-00052,Riverbend Fellowship Church,DEMO-L-00074,Commercial & Refrigeration,,DEMO-I-000064,11/24/2025,12/24/2025,Open,,Quarterly preventive maintenance,"$1,242.00",$0.00,$0.00,"$1,242.00","$1,242.00",,DEMO-IL-000142,1,COM-PM,Service,Commercial preventive maintenance (per unit),3,$225.00,$0.00,$675.00,No,$0.00,$75.00
DEMO-J-000068,Maintenance,Quarterly preventive maintenance,Completed,Scheduled,phone,DEMO-E-00003,11/21/2025 11:11 AM,11/24/2025 9:41 AM,,,,,,DEMO-C-00052,Riverbend Fellowship Church,DEMO-L-00074,Commercial & Refrigeration,,DEMO-I-000064,11/24/2025,12/24/2025,Open,,Quarterly preventive maintenance,"$1,242.00",$0.00,$0.00,"$1,242.00","$1,242.00",,DEMO-IL-000143,2,COM-BELT,Service,Replace RTU belt,3,$189.00,$0.00,$567.00,No,$0.00,$66.00
DEMO-J-000069,Maintenance,Quarterly preventive maintenance,Completed,Scheduled,phone,DEMO-E-00003,11/20/2025 4:34 PM,11/24/2025 9:38 AM,,,,,,DEMO-C-00051,Sound Side Family Medicine,DEMO-L-00072,Commercial & Refrigeration,,DEMO-I-000065,11/24/2025,12/24/2025,Paid,,Quarterly preventive maintenance,$225.00,$0.00,$0.00,$225.00,$0.00,12/25/2025 11:00 AM,DEMO-IL-000144,1,COM-PM,Service,Commercial preventive maintenance (per unit),1,$225.00,$0.00,$225.00,No,$0.00,$25.00
DEMO-J-000070,No Heat,Furnace short cycling,Completed,Scheduled,phone,DEMO-E-00003,11/21/2025 12:11 PM,11/24/2025 10:18 AM,,,,,,DEMO-C-00025,Micah Larkin,DEMO-L-00027,HVAC Service,,DEMO-I-000066,11/24/2025,11/24/2025,Paid,,Furnace short cycling,"$1,545.00",$312.00,$0.00,"$1,233.00",$0.00,11/24/2025 10:32 AM,DEMO-IL-000145,1,HVAC-DIAG,Service,HVAC diagnostic / service call,1,$95.00,$95.00,$0.00,No,$0.00,$0.00
DEMO-J-000070,No Heat,Furnace short cycling,Completed,Scheduled,phone,DEMO-E-00003,11/21/2025 12:11 PM,11/24/2025 10:18 AM,,,,,,DEMO-C-00025,Micah Larkin,DEMO-L-00027,HVAC Service,,DEMO-I-000066,11/24/2025,11/24/2025,Paid,,Furnace short cycling,"$1,545.00",$312.00,$0.00,"$1,233.00",$0.00,11/24/2025 10:32 AM,DEMO-IL-000146,2,HVAC-BOARD,Service,Replace control board,1,"$1,450.00",$217.00,"$1,233.00",No,$0.00,$310.00
DEMO-J-000071,Tune Up,Fall heating tune-up,Completed,Scheduled,membership,DEMO-E-00003,11/23/2025 4:41 PM,11/24/2025 12:58 PM,,,,,,DEMO-C-00026,Cara Beatty,DEMO-L-00028,HVAC Service,,DEMO-I-000067,11/24/2025,11/24/2025,Paid,,Fall heating tune-up,$607.00,$200.00,$0.00,$407.00,$0.00,11/24/2025 1:03 PM,DEMO-IL-000147,1,HVAC-TUNE-HT,Service,Heating tune-up (fall heating),1,$129.00,$129.00,$0.00,No,$0.00,$8.00
DEMO-J-000071,Tune Up,Fall heating tune-up,Completed,Scheduled,membership,DEMO-E-00003,11/23/2025 4:41 PM,11/24/2025 12:58 PM,,,,,,DEMO-C-00026,Cara Beatty,DEMO-L-00028,HVAC Service,,DEMO-I-000067,11/24/2025,11/24/2025,Paid,,Fall heating tune-up,$607.00,$200.00,$0.00,$407.00,$0.00,11/24/2025 1:03 PM,DEMO-IL-000148,2,HVAC-DRAIN,Service,Clear condensate drain line,1,$189.00,$28.00,$161.00,No,$0.00,$6.00
DEMO-J-000071,Tune Up,Fall heating tune-up,Completed,Scheduled,membership,DEMO-E-00003,11/23/2025 4:41 PM,11/24/2025 12:58 PM,,,,,,DEMO-C-00026,Cara Beatty,DEMO-L-00028,HVAC Service,,DEMO-I-000067,11/24/2025,11/24/2025,Paid,,Fall heating tune-up,$607.00,$200.00,$0.00,$407.00,$0.00,11/24/2025 1:03 PM,DEMO-IL-000149,3,HVAC-CAP,Service,Replace run capacitor,1,$289.00,$43.00,$246.00,No,$0.00,$28.00
DEMO-J-000072,Water Heater,Water heater making noise,Completed,Scheduled,phone,DEMO-E-00002,11/22/2025 3:09 PM,11/24/2025 10:47 AM,,,,,,DEMO-C-00030,Titus Moen,DEMO-L-00032,Plumbing,,DEMO-I-000068,11/24/2025,11/24/2025,Paid,,Water heater making noise,$520.00,$0.00,$0.00,$520.00,$0.00,12/20/2025 10:37 AM,DEMO-IL-000150,1,PL-DIAG,Service,Plumbing diagnostic / service call,1,$95.00,$0.00,$95.00,No,$0.00,$0.00
DEMO-J-000072,Water Heater,Water heater making noise,Completed,Scheduled,phone,DEMO-E-00002,11/22/2025 3:09 PM,11/24/2025 10:47 AM,,,,,,DEMO-C-00030,Titus Moen,DEMO-L-00032,Plumbing,,DEMO-I-000068,11/24/2025,11/24/2025,Paid,,Water heater making noise,$520.00,$0.00,$0.00,$520.00,$0.00,12/20/2025 10:37 AM,DEMO-IL-000151,2,PL-LEAK,Service,Repair pipe leak,1,$425.00,$0.00,$425.00,No,$0.00,$35.00
DEMO-J-000073,Other,Sump pump not running,Canceled,Emergency,phone,DEMO-E-00003,11/24/2025 7:46 AM,,,,,,,DEMO-C-00018,Thad Hilll,DEMO-L-00020,Plumbing,,,,,,,,,,,,,,,,,,,,,,,,,
DEMO-J-000074,No Cooling,AC not keeping up,Completed,Scheduled,phone,DEMO-E-00003,11/23/2025 10:34 AM,11/25/2025 10:49 AM,,,,,,DEMO-C-00026,Cara Beatty,DEMO-L-00028,HVAC Service,,DEMO-I-000069,11/25/2025,11/25/2025,Paid,,AC not keeping up,$679.00,$182.00,$0.00,$497.00,$0.00,12/9/2025 6:22 PM,DEMO-IL-000152,1,HVAC-DIAG,Service,HVAC diagnostic / service call,1,$95.00,$95.00,$0.00,No,$0.00,$0.00
DEMO-J-000074,No Cooling,AC not keeping up,Completed,Scheduled,phone,DEMO-E-00003,11/23/2025 10:34 AM,11/25/2025 10:49 AM,,,,,,DEMO-C-00026,Cara Beatty,DEMO-L-00028,HVAC Service,,DEMO-I-000069,11/25/2025,11/25/2025,Paid,,AC not keeping up,$679.00,$182.00,$0.00,$497.00,$0.00,12/9/2025 6:22 PM,DEMO-IL-000153,2,HVAC-DRAIN,Service,Clear condensate drain line,1,$189.00,$28.00,$161.00,No,$0.00,$6.00
DEMO-J-000074,No Cooling,AC not keeping up,Completed,Scheduled,phone,DEMO-E-00003,11/23/2025 10:34 AM,11/25/2025 10:49 AM,,,,,,DEMO-C-00026,Cara Beatty,DEMO-L-00028,HVAC Service,,DEMO-I-000069,11/25/2025,11/25/2025,Paid,,AC not keeping up,$679.00,$182.00,$0.00,$497.00,$0.00,12/9/2025 6:22 PM,DEMO-IL-000154,3,HVAC-LEAK,Service,Refrigerant leak search,1,$395.00,$59.00,$336.00,No,$0.00,$10.00
DEMO-J-000075,Tune Up,Fall heating tune-up,Completed,Scheduled,membership,DEMO-E-00003,11/19/2025 4:36 PM,11/25/2025 10:08 AM,,,,,,DEMO-C-00028,Freida Kohler,DEMO-L-00030,HVAC Service,,DEMO-I-000070,11/25/2025,11/25/2025,Paid,,Fall heating tune-up,$413.00,$171.00,$5.67,$247.67,$0.00,11/29/2025 5:03 PM,DEMO-IL-000155,1,HVAC-TUNE-HT,Service,Heating tune-up (fall heating),1,$129.00,$129.00,$0.00,No,$0.00,$8.00
DEMO-J-000075,Tune Up,Fall heating tune-up,Completed,Scheduled,membership,DEMO-E-00003,11/19/2025 4:36 PM,11/25/2025 10:08 AM,,,,,,DEMO-C-00028,Freida Kohler,DEMO-L-00030,HVAC Service,,DEMO-I-000070,11/25/2025,11/25/2025,Paid,,Fall heating tune-up,$413.00,$171.00,$5.67,$247.67,$0.00,11/29/2025 5:03 PM,DEMO-IL-000156,2,HVAC-FILTER,Material,Media filter replacement,1,$95.00,$14.00,$81.00,Yes,$5.67,$28.00
DEMO-J-000075,Tune Up,Fall heating tune-up,Completed,Scheduled,membership,DEMO-E-00003,11/19/2025 4:36 PM,11/25/2025 10:08 AM,,,,,,DEMO-C-00028,Freida Kohler,DEMO-L-00030,HVAC Service,,DEMO-I-000070,11/25/2025,11/25/2025,Paid,,Fall heating tune-up,$413.00,$171.00,$5.67,$247.67,$0.00,11/29/2025 5:03 PM,DEMO-IL-000157,3,HVAC-DRAIN,Service,Clear condensate drain line,1,$189.00,$28.00,$161.00,No,$0.00,$6.00
DEMO-J-000076,No Heat,Heat pump blowing cold air,Completed,Scheduled,phone,DEMO-E-00003,11/22/2025 9:29 AM,11/25/2025 11:59 AM,,,,,,DEMO-C-00016,Estel Kunde,DEMO-L-00018,HVAC Service,,DEMO-I-000071,11/25/2025,11/25/2025,Paid,,Heat pump blowing cold air,$440.00,$147.00,$0.00,$293.00,$0.00,11/26/2025 6:07 PM,DEMO-IL-000158,1,HVAC-DIAG,Service,HVAC diagnostic / service call,1,$95.00,$95.00,$0.00,No,$0.00,$0.00
DEMO-J-000076,No Heat,Heat pump blowing cold air,Completed,Scheduled,phone,DEMO-E-00003,11/22/2025 9:29 AM,11/25/2025 11:59 AM,,,,,,DEMO-C-00016,Estel Kunde,DEMO-L-00018,HVAC Service,,DEMO-I-000071,11/25/2025,11/25/2025,Paid,,Heat pump blowing cold air,$440.00,$147.00,$0.00,$293.00,$0.00,11/26/2025 6:07 PM,DEMO-IL-000159,2,HVAC-IGN,Service,Replace hot surface ignitor,1,$345.00,$52.00,$293.00,No,$0.00,$38.00
DEMO-J-000077,Tune Up,Fall heating tune-up,Completed,Scheduled,phone,DEMO-E-00003,11/24/2025 3:51 PM,11/25/2025 1:58 PM,,,,,,DEMO-C-00022,Clementina Jacobson,DEMO-L-00024,HVAC Service,,DEMO-I-000072,11/25/2025,11/25/2025,Paid,,Fall heating tune-up,$224.00,$0.00,$6.65,$230.65,$0.00,11/25/2025 2:15 PM,DEMO-IL-000160,1,HVAC-TUNE-HT,Service,Heating tune-up (fall heating),1,$129.00,$0.00,$129.00,No,$0.00,$8.00
DEMO-J-000077,Tune Up,Fall heating tune-up,Completed,Scheduled,phone,DEMO-E-00003,11/24/2025 3:51 PM,11/25/2025 1:58 PM,,,,,,DEMO-C-00022,Clementina Jacobson,DEMO-L-00024,HVAC Service,,DEMO-I-000072,11/25/2025,11/25/2025,Paid,,Fall heating tune-up,$224.00,$0.00,$6.65,$230.65,$0.00,11/25/2025 2:15 PM,DEMO-IL-000161,2,HVAC-FILTER,Material,Media filter replacement,1,$95.00,$0.00,$95.00,Yes,$6.65,$28.00
DEMO-J-000078,Tune Up,Fall heating tune-up,Completed,Scheduled,membership,DEMO-E-00003,11/24/2025 4:59 PM,11/25/2025 9:57 AM,,,,,,DEMO-C-00028,Freida Kohler,DEMO-L-00030,HVAC Service,,DEMO-I-000073,11/25/2025,11/25/2025,Paid,,Fall heating tune-up,$224.00,$143.00,$5.67,$86.67,$0.00,11/25/2025 10:01 AM,DEMO-IL-000162,1,HVAC-TUNE-HT,Service,Heating tune-up (fall heating),1,$129.00,$129.00,$0.00,No,$0.00,$8.00
DEMO-J-000078,Tune Up,Fall heating tune-up,Completed,Scheduled,membership,DEMO-E-00003,11/24/2025 4:59 PM,11/25/2025 9:57 AM,,,,,,DEMO-C-00028,Freida Kohler,DEMO-L-00030,HVAC Service,,DEMO-I-000073,11/25/2025,11/25/2025,Paid,,Fall heating tune-up,$224.00,$143.00,$5.67,$86.67,$0.00,11/25/2025 10:01 AM,DEMO-IL-000163,2,HVAC-FILTER,Material,Media filter replacement,1,$95.00,$14.00,$81.00,Yes,$5.67,$28.00
DEMO-J-000079,Tune Up,Fall heating tune-up,Completed,Scheduled,phone,DEMO-E-00003,11/21/2025 10:00 AM,11/25/2025 9:32 AM,,,,,,DEMO-C-00007,Roxane Williamson,DEMO-L-00008,HVAC Service,,DEMO-I-000074,11/25/2025,11/25/2025,Paid,,Fall heating tune-up,$129.00,$0.00,$0.00,$129.00,$0.00,11/25/2025 9:35 AM,DEMO-IL-000164,1,HVAC-TUNE-HT,Service,Heating tune-up (fall heating),1,$129.00,$0.00,$129.00,No,$0.00,$8.00
DEMO-J-000080,Other,Disposal not working,Completed,Scheduled,phone,DEMO-E-00003,11/21/2025 9:00 AM,11/25/2025 10:48 AM,,,,,,DEMO-C-00016,Estel Kunde,DEMO-L-00018,Plumbing,,DEMO-I-000075,11/25/2025,11/25/2025,Paid,,Disposal not working,$790.00,$199.00,$0.00,$591.00,$0.00,11/25/2025 11:04 AM,DEMO-IL-000165,1,PL-DIAG,Service,Plumbing diagnostic / service call,1,$95.00,$95.00,$0.00,No,$0.00,$0.00
DEMO-J-000080,Other,Disposal not working,Completed,Scheduled,phone,DEMO-E-00003,11/21/2025 9:00 AM,11/25/2025 10:48 AM,,,,,,DEMO-C-00016,Estel Kunde,DEMO-L-00018,Plumbing,,DEMO-I-000075,11/25/2025,11/25/2025,Paid,,Disposal not working,$790.00,$199.00,$0.00,$591.00,$0.00,11/25/2025 11:04 AM,DEMO-IL-000166,2,PL-TOILET-NEW,Service,Replace toilet,1,$695.00,$104.00,$591.00,No,$0.00,$210.00
DEMO-J-000081,Other,Disposal not working,Completed,Scheduled,phone,DEMO-E-00003,11/22/2025 12:44 PM,11/25/2025 2:24 PM,,,,,,DEMO-C-00010,Alize Cassin,DEMO-L-00012,Plumbing,,DEMO-I-000076,11/25/2025,11/25/2025,Paid,,Disposal not working,"$1,235.00",$0.00,$62.65,"$1,297.65",$0.00,11/25/2025 2:34 PM,DEMO-IL-000167,1,PL-DIAG,Service,Plumbing diagnostic / service call,1,$95.00,$0.00,$95.00,No,$0.00,$0.00
DEMO-J-000081,Other,Disposal not working,Completed,Scheduled,phone,DEMO-E-00003,11/22/2025 12:44 PM,11/25/2025 2:24 PM,,,,,,DEMO-C-00010,Alize Cassin,DEMO-L-00012,Plumbing,,DEMO-I-000076,11/25/2025,11/25/2025,Paid,,Disposal not working,"$1,235.00",$0.00,$62.65,"$1,297.65",$0.00,11/25/2025 2:34 PM,DEMO-IL-000168,2,PL-TOILET,Service,Rebuild toilet,1,$245.00,$0.00,$245.00,No,$0.00,$35.00
DEMO-J-000081,Other,Disposal not working,Completed,Scheduled,phone,DEMO-E-00003,11/22/2025 12:44 PM,11/25/2025 2:24 PM,,,,,,DEMO-C-00010,Alize Cassin,DEMO-L-00012,Plumbing,,DEMO-I-000076,11/25/2025,11/25/2025,Paid,,Disposal not working,"$1,235.00",$0.00,$62.65,"$1,297.65",$0.00,11/25/2025 2:34 PM,DEMO-IL-000169,3,WTR-LEAKVALVE,Equipment,Leak-detection shut-off valve,1,$895.00,$0.00,$895.00,Yes,$62.65,$290.00
DEMO-J-000082,Tune Up,Fall heating tune-up,Completed,Scheduled,phone,DEMO-E-00003,11/24/2025 3:03 PM,11/26/2025 9:50 AM,,,,,,DEMO-C-00003,Madalyn Toy,DEMO-L-00003,HVAC Service,,DEMO-I-000078,11/26/2025,11/26/2025,Paid,,Fall heating tune-up,$424.00,$0.00,$20.65,$444.65,$0.00,12/6/2025 3:03 PM,DEMO-IL-000172,1,HVAC-TUNE-HT,Service,Heating tune-up (fall heating),1,$129.00,$0.00,$129.00,No,$0.00,$8.00
DEMO-J-000082,Tune Up,Fall heating tune-up,Completed,Scheduled,phone,DEMO-E-00003,11/24/2025 3:03 PM,11/26/2025 9:50 AM,,,,,,DEMO-C-00003,Madalyn Toy,DEMO-L-00003,HVAC Service,,DEMO-I-000078,11/26/2025,11/26/2025,Paid,,Fall heating tune-up,$424.00,$0.00,$20.65,$444.65,$0.00,12/6/2025 3:03 PM,DEMO-IL-000173,2,ELEC-SURGE,Equipment,HVAC surge protector,1,$295.00,$0.00,$295.00,Yes,$20.65,$45.00
DEMO-J-000083,Tune Up,Fall heating tune-up,Completed,Scheduled,phone,DEMO-E-00003,11/24/2025 9:16 AM,11/26/2025 11:59 AM,,,,,,DEMO-C-00014,Haskell Bauch,DEMO-L-00016,HVAC Service,,DEMO-I-000079,11/26/2025,11/26/2025,Paid,,Fall heating tune-up,$129.00,$0.00,$0.00,$129.00,$0.00,11/26/2025 12:09 PM,DEMO-IL-000174,1,HVAC-TUNE-HT,Service,Heating tune-up (fall heating),1,$129.00,$0.00,$129.00,No,$0.00,$8.00
DEMO-J-000084,Estimate,Replacement estimate,Completed,Scheduled,phone,DEMO-E-00003,11/20/2025 2:58 PM,11/26/2025 2:12 PM,,,,,,DEMO-C-00010,Alize Cassin,DEMO-L-00011,HVAC Replacement,,,,,,,,,,,,,,,,,,,,,,,,,
DEMO-J-000085,Tune Up,Fall heating tune-up,Completed,Scheduled,membership,DEMO-E-00001,11/20/2025 12:20 PM,11/26/2025 10:30 AM,,,,,,DEMO-C-00011,Cole Flatley,DEMO-L-00013,HVAC Service,,DEMO-I-000080,11/26/2025,11/26/2025,Paid,,Fall heating tune-up,$824.00,$233.00,$41.37,$632.37,$0.00,11/26/2025 10:49 AM,DEMO-IL-000175,1,HVAC-TUNE-HT,Service,Heating tune-up (fall heating),1,$129.00,$129.00,$0.00,No,$0.00,$8.00
DEMO-J-000085,Tune Up,Fall heating tune-up,Completed,Scheduled,membership,DEMO-E-00001,11/20/2025 12:20 PM,11/26/2025 10:30 AM,,,,,,DEMO-C-00011,Cole Flatley,DEMO-L-00013,HVAC Service,,DEMO-I-000080,11/26/2025,11/26/2025,Paid,,Fall heating tune-up,$824.00,$233.00,$41.37,$632.37,$0.00,11/26/2025 10:49 AM,DEMO-IL-000176,2,IAQ-UV,Equipment,UV light (coil and air),1,$695.00,$104.00,$591.00,Yes,$41.37,$165.00
DEMO-J-000086,No Heat,No heat,Completed,Today,phone,DEMO-E-00001,11/26/2025 7:19 AM,11/26/2025 2:03 PM,,,,,,DEMO-C-00010,Alize Cassin,DEMO-L-00011,HVAC Service,,DEMO-I-000081,11/26/2025,11/26/2025,Paid,,No heat,"$1,345.00",$0.00,$0.00,"$1,345.00",$0.00,11/26/2025 2:19 PM,DEMO-IL-000177,1,HVAC-DIAG,Service,HVAC diagnostic / service call,1,$95.00,$0.00,$95.00,No,$0.00,$0.00
DEMO-J-000086,No Heat,No heat,Completed,Today,phone,DEMO-E-00001,11/26/2025 7:19 AM,11/26/2025 2:03 PM,,,,,,DEMO-C-00010,Alize Cassin,DEMO-L-00011,HVAC Service,,DEMO-I-000081,11/26/2025,11/26/2025,Paid,,No heat,"$1,345.00",$0.00,$0.00,"$1,345.00",$0.00,11/26/2025 2:19 PM,DEMO-IL-000178,2,HVAC-INDUCER,Service,Replace inducer motor,1,"$1,250.00",$0.00,"$1,250.00",No,$0.00,$340.00
DEMO-J-000087,Maintenance,Quarterly preventive maintenance,Completed,Scheduled,phone,DEMO-E-00002,11/21/2025 3:51 PM,11/26/2025 11:46 AM,,,,,,DEMO-C-00043,Drawbridge Cafe,DEMO-L-00063,Commercial & Refrigeration,,DEMO-I-000082,11/26/2025,12/26/2025,Paid,,Quarterly preventive maintenance,$709.00,$0.00,$0.00,$709.00,$0.00,12/22/2025 11:00 AM,DEMO-IL-000179,1,COM-PM,Service,Commercial preventive maintenance (per unit),1,$225.00,$0.00,$225.00,No,$0.00,$25.00
DEMO-J-000087,Maintenance,Quarterly preventive maintenance,Completed,Scheduled,phone,DEMO-E-00002,11/21/2025 3:51 PM,11/26/2025 11:46 AM,,,,,,DEMO-C-00043,Drawbridge Cafe,DEMO-L-00063,Commercial & Refrigeration,,DEMO-I-000082,11/26/2025,12/26/2025,Paid,,Quarterly preventive maintenance,$709.00,$0.00,$0.00,$709.00,$0.00,12/22/2025 11:00 AM,DEMO-IL-000180,2,REF-ICE,Service,Ice machine clean and sanitize,1,$295.00,$0.00,$295.00,No,$0.00,$35.00
DEMO-J-000087,Maintenance,Quarterly preventive maintenance,Completed,Scheduled,phone,DEMO-E-00002,11/21/2025 3:51 PM,11/26/2025 11:46 AM,,,,,,DEMO-C-00043,Drawbridge Cafe,DEMO-L-00063,Commercial & Refrigeration,,DEMO-I-000082,11/26/2025,12/26/2025,Paid,,Quarterly preventive maintenance,$709.00,$0.00,$0.00,$709.00,$0.00,12/22/2025 11:00 AM,DEMO-IL-000181,3,COM-BELT,Service,Replace RTU belt,1,$189.00,$0.00,$189.00,No,$0.00,$22.00
DEMO-J-000088,No Heat,Furnace short cycling,Completed,Scheduled,phone,DEMO-E-00003,11/21/2025 11:44 AM,11/26/2025 2:40 PM,,,,,,DEMO-C-00024,Jared Thiel,DEMO-L-00026,HVAC Service,,DEMO-I-000083,11/26/2025,11/26/2025,Paid,,Furnace short cycling,$979.00,$227.00,$41.37,$793.37,$0.00,11/26/2025 2:49 PM,DEMO-IL-000182,1,HVAC-DIAG,Service,HVAC diagnostic / service call,1,$95.00,$95.00,$0.00,No,$0.00,$0.00
DEMO-J-000088,No Heat,Furnace short cycling,Completed,Scheduled,phone,DEMO-E-00003,11/21/2025 11:44 AM,11/26/2025 2:40 PM,,,,,,DEMO-C-00024,Jared Thiel,DEMO-L-00026,HVAC Service,,DEMO-I-000083,11/26/2025,11/26/2025,Paid,,Furnace short cycling,$979.00,$227.00,$41.37,$793.37,$0.00,11/26/2025 2:49 PM,DEMO-IL-000183,2,HVAC-FLAME,Service,Clean or replace flame sensor,1,$189.00,$28.00,$161.00,No,$0.00,$15.00
DEMO-J-000088,No Heat,Furnace short cycling,Completed,Scheduled,phone,DEMO-E-00003,11/21/2025 11:44 AM,11/26/2025 2:40 PM,,,,,,DEMO-C-00024,Jared Thiel,DEMO-L-00026,HVAC Service,,DEMO-I-000083,11/26/2025,11/26/2025,Paid,,Furnace short cycling,$979.00,$227.00,$41.37,$793.37,$0.00,11/26/2025 2:49 PM,DEMO-IL-000184,3,IAQ-UV,Equipment,UV light (coil and air),1,$695.00,$104.00,$591.00,Yes,$41.37,$165.00
DEMO-J-000089,No Cooling,Callback: No cooling,Completed,Today,callback,DEMO-E-00003,11/26/2025 7:00 AM,11/26/2025 8:54 AM,,,DEMO-J-000061,Yes,Wrong capacitor size installed,DEMO-C-00006,Inez McLaughlin,DEMO-L-00007,HVAC Service,,,,,,,,,,,,,,,,,,,,,,,,,
DEMO-J-000090,Tune Up,Fall heating tune-up,Completed,Scheduled,phone,DEMO-E-00003,11/22/2025 9:08 AM,11/26/2025 11:59 AM,,,,,,DEMO-C-00023,Declan Jaskolski,DEMO-L-00025,HVAC Service,,DEMO-I-000084,11/26/2025,11/26/2025,Paid,,Fall heating tune-up,$318.00,$0.00,$0.00,$318.00,$0.00,11/26/2025 12:19 PM,DEMO-IL-000185,1,HVAC-TUNE-HT,Service,Heating tune-up (fall heating),1,$129.00,$0.00,$129.00,No,$0.00,$8.00
DEMO-J-000090,Tune Up,Fall heating tune-up,Completed,Scheduled,phone,DEMO-E-00003,11/22/2025 9:08 AM,11/26/2025 11:59 AM,,,,,,DEMO-C-00023,Declan Jaskolski,DEMO-L-00025,HVAC Service,,DEMO-I-000084,11/26/2025,11/26/2025,Paid,,Fall heating tune-up,$318.00,$0.00,$0.00,$318.00,$0.00,11/26/2025 12:19 PM,DEMO-IL-000186,2,HVAC-DRAIN,Service,Clear condensate drain line,1,$189.00,$0.00,$189.00,No,$0.00,$6.00
DEMO-J-000091,Drain,Tub draining slowly,Completed,Emergency,phone,DEMO-E-00003,11/26/2025 7:00 AM,11/26/2025 11:48 AM,,,,,,DEMO-C-00026,Cara Beatty,DEMO-L-00028,Plumbing,,DEMO-I-000085,11/26/2025,11/26/2025,Paid,,Tub draining slowly,"$1,120.00",$168.00,$53.27,"$1,005.27",$0.00,11/26/2025 12:01 PM,DEMO-IL-000187,1,PL-DRAIN-SM,Service,Clear sink or tub drain,1,$225.00,$34.00,$191.00,No,$0.00,$5.00
DEMO-J-000091,Drain,Tub draining slowly,Completed,Emergency,phone,DEMO-E-00003,11/26/2025 7:00 AM,11/26/2025 11:48 AM,,,,,,DEMO-C-00026,Cara Beatty,DEMO-L-00028,Plumbing,,DEMO-I-000085,11/26/2025,11/26/2025,Paid,,Tub draining slowly,"$1,120.00",$168.00,$53.27,"$1,005.27",$0.00,11/26/2025 12:01 PM,DEMO-IL-000188,2,WTR-LEAKVALVE,Equipment,Leak-detection shut-off valve,1,$895.00,$134.00,$761.00,Yes,$53.27,$290.00
DEMO-J-000092,Water Heater,No hot water,Completed,Emergency,phone,DEMO-E-00003,11/26/2025 7:08 AM,11/26/2025 2:48 PM,,,,,,DEMO-C-00011,Cole Flatley,DEMO-L-00013,Plumbing,,DEMO-I-000086,11/26/2025,11/26/2025,Paid,,No hot water,$520.00,$159.00,$0.00,$361.00,$0.00,11/26/2025 3:08 PM,DEMO-IL-000189,1,PL-DIAG,Service,Plumbing diagnostic / service call,1,$95.00,$95.00,$0.00,No,$0.00,$0.00
DEMO-J-000092,Water Heater,No hot water,Completed,Emergency,phone,DEMO-E-00003,11/26/2025 7:08 AM,11/26/2025 2:48 PM,,,,,,DEMO-C-00011,Cole Flatley,DEMO-L-00013,Plumbing,,DEMO-I-000086,11/26/2025,11/26/2025,Paid,,No hot water,$520.00,$159.00,$0.00,$361.00,$0.00,11/26/2025 3:08 PM,DEMO-IL-000190,2,PL-LEAK,Service,Repair pipe leak,1,$425.00,$64.00,$361.00,No,$0.00,$35.00
DEMO-J-000093,No Heat,Furnace short cycling,Completed,Emergency,phone,DEMO-E-00003,11/29/2025 8:58 AM,11/29/2025 1:24 PM,,,,,,DEMO-C-00008,Katelyn Thompson,DEMO-L-00009,HVAC Service,,DEMO-I-000087,11/29/2025,11/29/2025,Paid,,Furnace short cycling,"$1,345.00",$0.00,$0.00,"$1,345.00",$0.00,11/29/2025 1:38 PM,DEMO-IL-000191,1,HVAC-DIAG,Service,HVAC diagnostic / service call,1,$95.00,$0.00,$95.00,No,$0.00,$0.00
DEMO-J-000093,No Heat,Furnace short cycling,Completed,Emergency,phone,DEMO-E-00003,11/29/2025 8:58 AM,11/29/2025 1:24 PM,,,,,,DEMO-C-00008,Katelyn Thompson,DEMO-L-00009,HVAC Service,,DEMO-I-000087,11/29/2025,11/29/2025,Paid,,Furnace short cycling,"$1,345.00",$0.00,$0.00,"$1,345.00",$0.00,11/29/2025 1:38 PM,DEMO-IL-000192,2,HVAC-INDUCER,Service,Replace inducer motor,1,"$1,250.00",$0.00,"$1,250.00",No,$0.00,$340.00
DEMO-J-000094,No Heat,No heat,Completed,Emergency,web,DEMO-E-00003,11/29/2025 12:29 PM,11/29/2025 5:44 PM,,,,,,DEMO-C-00019,Phil Runte,DEMO-L-00021,HVAC Service,,DEMO-I-000088,11/29/2025,11/29/2025,Paid,,No heat,"$2,285.00",$0.00,$48.65,"$2,333.65",$0.00,11/29/2025 6:04 PM,DEMO-IL-000193,1,HVAC-DIAG,Service,HVAC diagnostic / service call,1,$95.00,$0.00,$95.00,No,$0.00,$0.00
DEMO-J-000094,No Heat,No heat,Completed,Emergency,web,DEMO-E-00003,11/29/2025 12:29 PM,11/29/2025 5:44 PM,,,,,,DEMO-C-00019,Phil Runte,DEMO-L-00021,HVAC Service,,DEMO-I-000088,11/29/2025,11/29/2025,Paid,,No heat,"$2,285.00",$0.00,$48.65,"$2,333.65",$0.00,11/29/2025 6:04 PM,DEMO-IL-000194,2,HVAC-BLWMTR,Service,Replace blower motor (PSC),1,"$1,150.00",$0.00,"$1,150.00",No,$0.00,$260.00
DEMO-J-000094,No Heat,No heat,Completed,Emergency,web,DEMO-E-00003,11/29/2025 12:29 PM,11/29/2025 5:44 PM,,,,,,DEMO-C-00019,Phil Runte,DEMO-L-00021,HVAC Service,,DEMO-I-000088,11/29/2025,11/29/2025,Paid,,No heat,"$2,285.00",$0.00,$48.65,"$2,333.65",$0.00,11/29/2025 6:04 PM,DEMO-IL-000195,3,HVAC-IGN,Service,Replace hot surface ignitor,1,$345.00,$0.00,$345.00,No,$0.00,$38.00
DEMO-J-000094,No Heat,No heat,Completed,Emergency,web,DEMO-E-00003,11/29/2025 12:29 PM,11/29/2025 5:44 PM,,,,,,DEMO-C-00019,Phil Runte,DEMO-L-00021,HVAC Service,,DEMO-I-000088,11/29/2025,11/29/2025,Paid,,No heat,"$2,285.00",$0.00,$48.65,"$2,333.65",$0.00,11/29/2025 6:04 PM,DEMO-IL-000196,4,IAQ-UV,Equipment,UV light (coil and air),1,$695.00,$0.00,$695.00,Yes,$48.65,$165.00
DEMO-J-000095,Water Heater,Water heater making noise,Completed,Emergency,phone,DEMO-E-00003,11/29/2025 8:47 AM,11/29/2025 1:53 PM,,,,,,DEMO-C-00025,Micah Larkin,DEMO-L-00027,Plumbing,,DEMO-I-000089,11/29/2025,11/29/2025,Paid,,Water heater making noise,"$2,290.00",$424.00,$130.62,"$1,996.62",$0.00,12/10/2025 9:54 AM,DEMO-IL-000197,1,PL-DIAG,Service,Plumbing diagnostic / service call,1,$95.00,$95.00,$0.00,No,$0.00,$0.00
DEMO-J-000095,Water Heater,Water heater making noise,Completed,Emergency,phone,DEMO-E-00003,11/29/2025 8:47 AM,11/29/2025 1:53 PM,,,,,,DEMO-C-00025,Micah Larkin,DEMO-L-00027,Plumbing,,DEMO-I-000089,11/29/2025,11/29/2025,Paid,,Water heater making noise,"$2,290.00",$424.00,$130.62,"$1,996.62",$0.00,12/10/2025 9:54 AM,DEMO-IL-000198,2,PL-WH40,Equipment,40-gallon water heater (installed),1,"$2,195.00",$329.00,"$1,866.00",Yes,$130.62,$780.00
DEMO-J-000096,No Heat,Strange smell from furnace,Completed,Emergency,phone,DEMO-E-00003,12/1/2025 7:00 AM,12/1/2025 9:51 AM,,,,,,DEMO-C-00005,Gardner Keebler,DEMO-L-00005,HVAC Service,,DEMO-I-000090,12/1/2025,12/1/2025,Paid,,Strange smell from furnace,$440.00,$0.00,$0.00,$440.00,$0.00,12/10/2025 1:04 PM,DEMO-IL-000199,1,HVAC-DIAG,Service,HVAC diagnostic / service call,1,$95.00,$0.00,$95.00,No,$0.00,$0.00
DEMO-J-000096,No Heat,Strange smell from furnace,Completed,Emergency,phone,DEMO-E-00003,12/1/2025 7:00 AM,12/1/2025 9:51 AM,,,,,,DEMO-C-00005,Gardner Keebler,DEMO-L-00005,HVAC Service,,DEMO-I-000090,12/1/2025,12/1/2025,Paid,,Strange smell from furnace,$440.00,$0.00,$0.00,$440.00,$0.00,12/10/2025 1:04 PM,DEMO-IL-000200,2,HVAC-IGN,Service,Replace hot surface ignitor,1,$345.00,$0.00,$345.00,No,$0.00,$38.00
DEMO-J-000097,No Heat,Strange smell from furnace,Completed,Scheduled,phone,DEMO-E-00003,11/29/2025 11:46 AM,12/1/2025 11:21 AM,,,,,,DEMO-C-00011,Cole Flatley,DEMO-L-00013,HVAC Service,,DEMO-I-000091,12/1/2025,12/1/2025,Paid,,Strange smell from furnace,"$1,540.00",$311.00,$17.57,"$1,246.57",$0.00,12/1/2025 11:31 AM,DEMO-IL-000201,1,HVAC-DIAG,Service,HVAC diagnostic / service call,1,$95.00,$95.00,$0.00,No,$0.00,$0.00
DEMO-J-000097,No Heat,Strange smell from furnace,Completed,Scheduled,phone,DEMO-E-00003,11/29/2025 11:46 AM,12/1/2025 11:21 AM,,,,,,DEMO-C-00011,Cole Flatley,DEMO-L-00013,HVAC Service,,DEMO-I-000091,12/1/2025,12/1/2025,Paid,,Strange smell from furnace,"$1,540.00",$311.00,$17.57,"$1,246.57",$0.00,12/1/2025 11:31 AM,DEMO-IL-000202,2,HVAC-BLWMTR,Service,Replace blower motor (PSC),1,"$1,150.00",$172.00,$978.00,No,$0.00,$260.00
DEMO-J-000097,No Heat,Strange smell from furnace,Completed,Scheduled,phone,DEMO-E-00003,11/29/2025 11:46 AM,12/1/2025 11:21 AM,,,,,,DEMO-C-00011,Cole Flatley,DEMO-L-00013,HVAC Service,,DEMO-I-000091,12/1/2025,12/1/2025,Paid,,Strange smell from furnace,"$1,540.00",$311.00,$17.57,"$1,246.57",$0.00,12/1/2025 11:31 AM,DEMO-IL-000203,3,ELEC-SURGE,Equipment,HVAC surge protector,1,$295.00,$44.00,$251.00,Yes,$17.57,$45.00
DEMO-J-000098,No Cooling,Unit tripping breaker,Completed,Today,phone,DEMO-E-00003,12/1/2025 8:03 AM,12/1/2025 2:09 PM,,,,,,DEMO-C-00032,Cypress Hardware Group,DEMO-L-00038,Commercial & Refrigeration,,DEMO-I-000092,12/1/2025,12/31/2025,Paid,,Unit tripping breaker,$850.00,$0.00,$0.00,$850.00,$0.00,12/27/2025 11:00 AM,DEMO-IL-000204,1,COM-DIAG,Service,Commercial service call,1,$165.00,$0.00,$165.00,No,$0.00,$0.00
DEMO-J-000098,No Cooling,Unit tripping breaker,Completed,Today,phone,DEMO-E-00003,12/1/2025 8:03 AM,12/1/2025 2:09 PM,,,,,,DEMO-C-00032,Cypress Hardware Group,DEMO-L-00038,Commercial & Refrigeration,,DEMO-I-000092,12/1/2025,12/31/2025,Paid,,Unit tripping breaker,$850.00,$0.00,$0.00,$850.00,$0.00,12/27/2025 11:00 AM,DEMO-IL-000205,2,REF-EVAPFAN,Service,Replace walk-in evaporator fan motor,1,$685.00,$0.00,$685.00,No,$0.00,$140.00
DEMO-J-000099,No Heat,Strange smell from furnace,Completed,Scheduled,phone,DEMO-E-00003,11/27/2025 4:22 PM,12/1/2025 10:39 AM,,,,,,DEMO-C-00011,Cole Flatley,DEMO-L-00013,HVAC Service,,DEMO-I-000093,12/1/2025,12/1/2025,Paid,,Strange smell from furnace,"$1,735.00",$341.00,$77.07,"$1,471.07",$0.00,12/12/2025 12:16 PM,DEMO-IL-000206,1,HVAC-DIAG,Service,HVAC diagnostic / service call,1,$95.00,$95.00,$0.00,No,$0.00,$0.00
DEMO-J-000099,No Heat,Strange smell from furnace,Completed,Scheduled,phone,DEMO-E-00003,11/27/2025 4:22 PM,12/1/2025 10:39 AM,,,,,,DEMO-C-00011,Cole Flatley,DEMO-L-00013,HVAC Service,,DEMO-I-000093,12/1/2025,12/1/2025,Paid,,Strange smell from furnace,"$1,735.00",$341.00,$77.07,"$1,471.07",$0.00,12/12/2025 12:16 PM,DEMO-IL-000207,2,HVAC-IGN,Service,Replace hot surface ignitor,1,$345.00,$52.00,$293.00,No,$0.00,$38.00
DEMO-J-000099,No Heat,Strange smell from furnace,Completed,Scheduled,phone,DEMO-E-00003,11/27/2025 4:22 PM,12/1/2025 10:39 AM,,,,,,DEMO-C-00011,Cole Flatley,DEMO-L-00013,HVAC Service,,DEMO-I-000093,12/1/2025,12/1/2025,Paid,,Strange smell from furnace,"$1,735.00",$341.00,$77.07,"$1,471.07",$0.00,12/12/2025 12:16 PM,DEMO-IL-000208,3,IAQ-SCRUB,Equipment,Air scrubber,1,"$1,295.00",$194.00,"$1,101.00",Yes,$77.07,$420.00
DEMO-J-000100,No Cooling,Water leaking from air handler,Completed,Scheduled,phone,DEMO-E-00003,11/26/2025 11:58 AM,12/1/2025 2:20 PM,,,,,,DEMO-C-00009,Dion Little,DEMO-L-00010,HVAC Service,,DEMO-I-000094,12/1/2025,12/1/2025,Paid,,Water leaking from air handler,"$1,870.00",$0.00,$0.00,"$1,870.00",$0.00,12/13/2025 8:05 PM,DEMO-IL-000209,1,HVAC-DIAG,Service,HVAC diagnostic / service call,1,$95.00,$0.00,$95.00,No,$0.00,$0.00
DEMO-J-000100,No Cooling,Water leaking from air handler,Completed,Scheduled,phone,DEMO-E-00003,11/26/2025 11:58 AM,12/1/2025 2:20 PM,,,,,,DEMO-C-00009,Dion Little,DEMO-L-00010,HVAC Service,,DEMO-I-000094,12/1/2025,12/1/2025,Paid,,Water leaking from air handler,"$1,870.00",$0.00,$0.00,"$1,870.00",$0.00,12/13/2025 8:05 PM,DEMO-IL-000210,2,HVAC-BOARD,Service,Replace control board,1,"$1,450.00",$0.00,"$1,450.00",No,$0.00,$310.00
DEMO-J-000100,No Cooling,Water leaking from air handler,Completed,Scheduled,phone,DEMO-E-00003,11/26/2025 11:58 AM,12/1/2025 2:20 PM,,,,,,DEMO-C-00009,Dion Little,DEMO-L-00010,HVAC Service,,DEMO-I-000094,12/1/2025,12/1/2025,Paid,,Water leaking from air handler,"$1,870.00",$0.00,$0.00,"$1,870.00",$0.00,12/13/2025 8:05 PM,DEMO-IL-000211,3,HVAC-CONT,Service,Replace contactor,1,$325.00,$0.00,$325.00,No,$0.00,$32.00
DEMO-J-000101,No Heat,Heat pump blowing cold air,Completed,Emergency,phone,DEMO-E-00003,12/1/2025 9:01 AM,12/1/2025 4:39 PM,,,,,,DEMO-C-00006,Inez McLaughlin,DEMO-L-00006,HVAC Service,,DEMO-I-000095,12/1/2025,12/1/2025,Paid,,Heat pump blowing cold air,"$1,635.00",$326.00,$71.12,"$1,380.12",$0.00,12/1/2025 4:53 PM,DEMO-IL-000212,1,HVAC-DIAG,Service,HVAC diagnostic / service call,1,$95.00,$95.00,$0.00,No,$0.00,$0.00
DEMO-J-000101,No Heat,Heat pump blowing cold air,Completed,Emergency,phone,DEMO-E-00003,12/1/2025 9:01 AM,12/1/2025 4:39 PM,,,,,,DEMO-C-00006,Inez McLaughlin,DEMO-L-00006,HVAC Service,,DEMO-I-000095,12/1/2025,12/1/2025,Paid,,Heat pump blowing cold air,"$1,635.00",$326.00,$71.12,"$1,380.12",$0.00,12/1/2025 4:53 PM,DEMO-IL-000213,2,HVAC-IGN,Service,Replace hot surface ignitor,1,$345.00,$52.00,$293.00,No,$0.00,$38.00
DEMO-J-000101,No Heat,Heat pump blowing cold air,Completed,Emergency,phone,DEMO-E-00003,12/1/2025 9:01 AM,12/1/2025 4:39 PM,,,,,,DEMO-C-00006,Inez McLaughlin,DEMO-L-00006,HVAC Service,,DEMO-I-000095,12/1/2025,12/1/2025,Paid,,Heat pump blowing cold air,"$1,635.00",$326.00,$71.12,"$1,380.12",$0.00,12/1/2025 4:53 PM,DEMO-IL-000214,3,IAQ-PURIFIER,Equipment,Whole-home air purifier,1,"$1,195.00",$179.00,"$1,016.00",Yes,$71.12,$360.00
DEMO-J-000102,No Cooling,RTU not cooling,Completed,Scheduled,phone,DEMO-E-00003,11/26/2025 11:56 AM,12/1/2025 10:31 AM,,,,,,DEMO-C-00032,Cypress Hardware Group,DEMO-L-00038,Commercial & Refrigeration,,DEMO-I-000096,12/1/2025,12/31/2025,Open,,RTU not cooling,$490.00,$0.00,$0.00,$490.00,$490.00,,DEMO-IL-000215,1,COM-DIAG,Service,Commercial service call,1,$165.00,$0.00,$165.00,No,$0.00,$0.00
DEMO-J-000102,No Cooling,RTU not cooling,Completed,Scheduled,phone,DEMO-E-00003,11/26/2025 11:56 AM,12/1/2025 10:31 AM,,,,,,DEMO-C-00032,Cypress Hardware Group,DEMO-L-00038,Commercial & Refrigeration,,DEMO-I-000096,12/1/2025,12/31/2025,Open,,RTU not cooling,$490.00,$0.00,$0.00,$490.00,$490.00,,DEMO-IL-000216,2,HVAC-CONT,Service,Replace contactor,1,$325.00,$0.00,$325.00,No,$0.00,$32.00
DEMO-J-000103,No Heat,Strange smell from furnace,Completed,Scheduled,phone,DEMO-E-00003,11/25/2025 10:15 AM,12/1/2025 12:23 PM,,,,,,DEMO-C-00025,Micah Larkin,DEMO-L-00027,HVAC Service,,DEMO-I-000097,12/1/2025,12/1/2025,Paid,,Strange smell from furnace,$284.00,$123.00,$0.00,$161.00,$0.00,12/1/2025 12:36 PM,DEMO-IL-000217,1,HVAC-DIAG,Service,HVAC diagnostic / service call,1,$95.00,$95.00,$0.00,No,$0.00,$0.00
DEMO-J-000103,No Heat,Strange smell from furnace,Completed,Scheduled,phone,DEMO-E-00003,11/25/2025 10:15 AM,12/1/2025 12:23 PM,,,,,,DEMO-C-00025,Micah Larkin,DEMO-L-00027,HVAC Service,,DEMO-I-000097,12/1/2025,12/1/2025,Paid,,Strange smell from furnace,$284.00,$123.00,$0.00,$161.00,$0.00,12/1/2025 12:36 PM,DEMO-IL-000218,2,HVAC-FLAME,Service,Clean or replace flame sensor,1,$189.00,$28.00,$161.00,No,$0.00,$15.00
DEMO-J-000104,Drain,Main line backing up,Completed,Scheduled,phone,DEMO-E-00003,11/28/2025 3:49 PM,12/1/2025 11:00 AM,,,,,,DEMO-C-00010,Alize Cassin,DEMO-L-00011,Plumbing,,DEMO-I-000098,12/1/2025,12/1/2025,Paid,,Main line backing up,"$1,120.00",$0.00,$62.65,"$1,182.65",$0.00,12/1/2025 11:12 AM,DEMO-IL-000219,1,PL-DRAIN-SM,Service,Clear sink or tub drain,1,$225.00,$0.00,$225.00,No,$0.00,$5.00
DEMO-J-000104,Drain,Main line backing up,Completed,Scheduled,phone,DEMO-E-00003,11/28/2025 3:49 PM,12/1/2025 11:00 AM,,,,,,DEMO-C-00010,Alize Cassin,DEMO-L-00011,Plumbing,,DEMO-I-000098,12/1/2025,12/1/2025,Paid,,Main line backing up,"$1,120.00",$0.00,$62.65,"$1,182.65",$0.00,12/1/2025 11:12 AM,DEMO-IL-000220,2,WTR-LEAKVALVE,Equipment,Leak-detection shut-off valve,1,$895.00,$0.00,$895.00,Yes,$62.65,$290.00
DEMO-J-000105,Other,Water quality consultation,Completed,Scheduled,phone,DEMO-E-00003,11/28/2025 11:14 AM,12/1/2025 12:15 PM,,,,,,DEMO-C-00028,Freida Kohler,DEMO-L-00030,Plumbing,,DEMO-I-000099,12/1/2025,12/1/2025,Paid,,Water quality consultation,"$2,890.00",$514.00,$166.32,"$2,542.32",$0.00,12/18/2025 9:40 AM,DEMO-IL-000221,1,PL-DIAG,Service,Plumbing diagnostic / service call,1,$95.00,$95.00,$0.00,No,$0.00,$0.00
DEMO-J-000105,Other,Water quality consultation,Completed,Scheduled,phone,DEMO-E-00003,11/28/2025 11:14 AM,12/1/2025 12:15 PM,,,,,,DEMO-C-00028,Freida Kohler,DEMO-L-00030,Plumbing,,DEMO-I-000099,12/1/2025,12/1/2025,Paid,,Water quality consultation,"$2,890.00",$514.00,$166.32,"$2,542.32",$0.00,12/18/2025 9:40 AM,DEMO-IL-000222,2,WTR-SOFT,Equipment,Water softener,1,"$2,795.00",$419.00,"$2,376.00",Yes,$166.32,$980.00
DEMO-J-000106,Other,Toilet running,Completed,Scheduled,phone,DEMO-E-00003,11/28/2025 9:19 AM,12/1/2025 2:22 PM,,,,,,DEMO-C-00011,Cole Flatley,DEMO-L-00013,Plumbing,,DEMO-I-000100,12/1/2025,12/1/2025,Paid,,Toilet running,$590.00,$169.00,$0.00,$421.00,$0.00,12/1/2025 2:39 PM,DEMO-IL-000223,1,PL-DIAG,Service,Plumbing diagnostic / service call,1,$95.00,$95.00,$0.00,No,$0.00,$0.00
DEMO-J-000106,Other,Toilet running,Completed,Scheduled,phone,DEMO-E-00003,11/28/2025 9:19 AM,12/1/2025 2:22 PM,,,,,,DEMO-C-00011,Cole Flatley,DEMO-L-00013,Plumbing,,DEMO-I-000100,12/1/2025,12/1/2025,Paid,,Toilet running,$590.00,$169.00,$0.00,$421.00,$0.00,12/1/2025 2:39 PM,DEMO-IL-000224,2,PL-DISPOSAL,Service,Replace garbage disposal,1,$495.00,$74.00,$421.00,No,$0.00,$140.00
DEMO-J-000107,Estimate,Replacement estimate,Completed,Scheduled,phone,DEMO-E-00003,12/1/2025 12:23 PM,12/2/2025 10:01 AM,,,,,,DEMO-C-00002,Natasha Pfannerstill,DEMO-L-00002,HVAC Replacement,,,,,,,,,,,,,,,,,,,,,,,,,
DEMO-J-000108,Tune Up,Fall heating tune-up,Completed,Scheduled,phone,DEMO-E-00002,11/27/2025 10:02 AM,12/2/2025 12:57 PM,,,,,,DEMO-C-00014,Haskell Bauch,DEMO-L-00016,HVAC Service,,DEMO-I-000101,12/2/2025,12/2/2025,Paid,,Fall heating tune-up,$424.00,$0.00,$20.65,$444.65,$0.00,12/2/2025 1:08 PM,DEMO-IL-000225,1,HVAC-TUNE-HT,Service,Heating tune-up (fall heating),1,$129.00,$0.00,$129.00,No,$0.00,$8.00
DEMO-J-000108,Tune Up,Fall heating tune-up,Completed,Scheduled,phone,DEMO-E-00002,11/27/2025 10:02 AM,12/2/2025 12:57 PM,,,,,,DEMO-C-00014,Haskell Bauch,DEMO-L-00016,HVAC Service,,DEMO-I-000101,12/2/2025,12/2/2025,Paid,,Fall heating tune-up,$424.00,$0.00,$20.65,$444.65,$0.00,12/2/2025 1:08 PM,DEMO-IL-000226,2,ELEC-SURGE,Equipment,HVAC surge protector,1,$295.00,$0.00,$295.00,Yes,$20.65,$45.00
DEMO-J-000109,Maintenance,Quarterly preventive maintenance,Completed,Scheduled,phone,DEMO-E-00002,12/1/2025 4:45 PM,12/2/2025 9:49 AM,,,,,,DEMO-C-00034,Marsh Point Outfitters Group,DEMO-L-00051,Commercial & Refrigeration,PO-16780,DEMO-I-000102,12/2/2025,12/17/2025,Paid,,Quarterly preventive maintenance,$828.00,$0.00,$0.00,$828.00,$0.00,12/18/2025 11:00 AM,DEMO-IL-000227,1,COM-PM,Service,Commercial preventive maintenance (per unit),2,$225.00,$0.00,$450.00,No,$0.00,$50.00
DEMO-J-000109,Maintenance,Quarterly preventive maintenance,Completed,Scheduled,phone,DEMO-E-00002,12/1/2025 4:45 PM,12/2/2025 9:49 AM,,,,,,DEMO-C-00034,Marsh Point Outfitters Group,DEMO-L-00051,Commercial & Refrigeration,PO-16780,DEMO-I-000102,12/2/2025,12/17/2025,Paid,,Quarterly preventive maintenance,$828.00,$0.00,$0.00,$828.00,$0.00,12/18/2025 11:00 AM,DEMO-IL-000228,2,COM-BELT,Service,Replace RTU belt,2,$189.00,$0.00,$378.00,No,$0.00,$44.00
DEMO-J-000110,No Heat,Furnace short cycling,Completed,Scheduled,phone,DEMO-E-00002,11/27/2025 3:54 PM,12/2/2025 11:28 AM,,,,,,DEMO-C-00029,Kallie Durgan,DEMO-L-00031,HVAC Service,,DEMO-I-000103,12/2/2025,12/2/2025,Paid,,Furnace short cycling,$384.00,$138.00,$0.00,$246.00,$0.00,12/2/2025 11:43 AM,DEMO-IL-000229,1,HVAC-DIAG,Service,HVAC diagnostic / service call,1,$95.00,$95.00,$0.00,No,$0.00,$0.00
DEMO-J-000110,No Heat,Furnace short cycling,Completed,Scheduled,phone,DEMO-E-00002,11/27/2025 3:54 PM,12/2/2025 11:28 AM,,,,,,DEMO-C-00029,Kallie Durgan,DEMO-L-00031,HVAC Service,,DEMO-I-000103,12/2/2025,12/2/2025,Paid,,Furnace short cycling,$384.00,$138.00,$0.00,$246.00,$0.00,12/2/2025 11:43 AM,DEMO-IL-000230,2,HVAC-CAP,Service,Replace run capacitor,1,$289.00,$43.00,$246.00,No,$0.00,$28.00
DEMO-J-000111,No Heat,Strange smell from furnace,Completed,Scheduled,phone,DEMO-E-00003,11/26/2025 11:02 AM,12/2/2025 9:46 AM,,,,,,DEMO-C-00002,Natasha Pfannerstill,DEMO-L-00002,HVAC Service,,DEMO-I-000104,12/2/2025,12/2/2025,Paid,,Strange smell from furnace,$490.00,$0.00,$0.00,$490.00,$0.00,12/11/2025 11:06 AM,DEMO-IL-000231,1,HVAC-DIAG,Service,HVAC diagnostic / service call,1,$95.00,$0.00,$95.00,No,$0.00,$0.00
DEMO-J-000111,No Heat,Strange smell from furnace,Completed,Scheduled,phone,DEMO-E-00003,11/26/2025 11:02 AM,12/2/2025 9:46 AM,,,,,,DEMO-C-00002,Natasha Pfannerstill,DEMO-L-00002,HVAC Service,,DEMO-I-000104,12/2/2025,12/2/2025,Paid,,Strange smell from furnace,$490.00,$0.00,$0.00,$490.00,$0.00,12/11/2025 11:06 AM,DEMO-IL-000232,2,HVAC-THERM,Service,Install programmable thermostat,1,$395.00,$0.00,$395.00,No,$0.00,$85.00
DEMO-J-000112,Other,Indoor air quality consultation,Completed,Scheduled,phone,DEMO-E-00003,12/1/2025 1:19 PM,12/2/2025 9:44 AM,,,,,,DEMO-C-00013,Jessica Waters,DEMO-L-00015,HVAC Service,,DEMO-I-000105,12/2/2025,12/2/2025,Paid,,Indoor air quality consultation,$790.00,$199.00,$41.37,$632.37,$0.00,12/2/2025 9:47 AM,DEMO-IL-000233,1,HVAC-DIAG,Service,HVAC diagnostic / service call,1,$95.00,$95.00,$0.00,No,$0.00,$0.00
DEMO-J-000112,Other,Indoor air quality consultation,Completed,Scheduled,phone,DEMO-E-00003,12/1/2025 1:19 PM,12/2/2025 9:44 AM,,,,,,DEMO-C-00013,Jessica Waters,DEMO-L-00015,HVAC Service,,DEMO-I-000105,12/2/2025,12/2/2025,Paid,,Indoor air quality consultation,$790.00,$199.00,$41.37,$632.37,$0.00,12/2/2025 9:47 AM,DEMO-IL-000234,2,IAQ-UV,Equipment,UV light (coil and air),1,$695.00,$104.00,$591.00,Yes,$41.37,$165.00
DEMO-J-000113,Drain,Main line backing up,Completed,Scheduled,phone,DEMO-E-00003,12/1/2025 1:04 PM,12/2/2025 9:42 AM,,,,,,DEMO-C-00016,Estel Kunde,DEMO-L-00018,Plumbing,,DEMO-I-000106,12/2/2025,12/2/2025,Paid,,Main line backing up,$395.00,$59.00,$0.00,$336.00,$0.00,12/6/2025 10:17 AM,DEMO-IL-000235,1,PL-DRAIN-MAIN,Service,Clear main drain line,1,$395.00,$59.00,$336.00,No,$0.00,$10.00
DEMO-J-000114,Other,Sump pump not running,Completed,Emergency,phone,DEMO-E-00002,12/2/2025 7:41 AM,12/2/2025 1:39 PM,,,,,,DEMO-C-00030,Titus Moen,DEMO-L-00032,Plumbing,,DEMO-I-000107,12/2/2025,12/2/2025,Paid,,Sump pump not running,$990.00,$0.00,$0.00,$990.00,$0.00,12/2/2025 1:49 PM,DEMO-IL-000236,1,PL-DIAG,Service,Plumbing diagnostic / service call,1,$95.00,$0.00,$95.00,No,$0.00,$0.00
DEMO-J-000114,Other,Sump pump not running,Completed,Emergency,phone,DEMO-E-00002,12/2/2025 7:41 AM,12/2/2025 1:39 PM,,,,,,DEMO-C-00030,Titus Moen,DEMO-L-00032,Plumbing,,DEMO-I-000107,12/2/2025,12/2/2025,Paid,,Sump pump not running,$990.00,$0.00,$0.00,$990.00,$0.00,12/2/2025 1:49 PM,DEMO-IL-000237,2,PL-SUMP,Service,Replace sump pump,1,$895.00,$0.00,$895.00,No,$0.00,$240.00
DEMO-J-000115,Other,Disposal not working,Completed,Scheduled,phone,DEMO-E-00003,12/1/2025 9:41 AM,12/2/2025 4:17 PM,,,,,,DEMO-C-00010,Alize Cassin,DEMO-L-00011,Plumbing,,DEMO-I-000108,12/2/2025,12/2/2025,Paid,,Disposal not working,$590.00,$0.00,$0.00,$590.00,$0.00,12/10/2025 2:20 PM,DEMO-IL-000238,1,PL-DIAG,Service,Plumbing diagnostic / service call,1,$95.00,$0.00,$95.00,No,$0.00,$0.00
DEMO-J-000115,Other,Disposal not working,Completed,Scheduled,phone,DEMO-E-00003,12/1/2025 9:41 AM,12/2/2025 4:17 PM,,,,,,DEMO-C-00010,Alize Cassin,DEMO-L-00011,Plumbing,,DEMO-I-000108,12/2/2025,12/2/2025,Paid,,Disposal not working,$590.00,$0.00,$0.00,$590.00,$0.00,12/10/2025 2:20 PM,DEMO-IL-000239,2,PL-DISPOSAL,Service,Replace garbage disposal,1,$495.00,$0.00,$495.00,No,$0.00,$140.00
DEMO-J-000116,Other,Water quality consultation,Completed,Emergency,phone,DEMO-E-00002,12/2/2025 7:00 AM,12/2/2025 10:44 AM,,,,,,DEMO-C-00030,Titus Moen,DEMO-L-00032,Plumbing,,DEMO-I-000109,12/2/2025,12/2/2025,Paid,,Water quality consultation,"$1,990.00",$0.00,$132.65,"$2,122.65",$0.00,12/2/2025 11:04 AM,DEMO-IL-000240,1,PL-DIAG,Service,Plumbing diagnostic / service call,1,$95.00,$0.00,$95.00,No,$0.00,$0.00
DEMO-J-000116,Other,Water quality consultation,Completed,Emergency,phone,DEMO-E-00002,12/2/2025 7:00 AM,12/2/2025 10:44 AM,,,,,,DEMO-C-00030,Titus Moen,DEMO-L-00032,Plumbing,,DEMO-I-000109,12/2/2025,12/2/2025,Paid,,Water quality consultation,"$1,990.00",$0.00,$132.65,"$2,122.65",$0.00,12/2/2025 11:04 AM,DEMO-IL-000241,2,WTR-FILTER,Equipment,Whole-home water filter,1,"$1,895.00",$0.00,"$1,895.00",Yes,$132.65,$620.00
DEMO-J-000117,Other,Faucet dripping,Completed,Scheduled,phone,DEMO-E-00003,11/26/2025 2:09 PM,12/2/2025 1:26 PM,,,,,,DEMO-C-00028,Freida Kohler,DEMO-L-00030,Plumbing,,DEMO-I-000110,12/2/2025,12/2/2025,Paid,,Faucet dripping,$590.00,$169.00,$0.00,$421.00,$0.00,12/2/2025 1:40 PM,DEMO-IL-000242,1,PL-DIAG,Service,Plumbing diagnostic / service call,1,$95.00,$95.00,$0.00,No,$0.00,$0.00
DEMO-J-000117,Other,Faucet dripping,Completed,Scheduled,phone,DEMO-E-00003,11/26/2025 2:09 PM,12/2/2025 1:26 PM,,,,,,DEMO-C-00028,Freida Kohler,DEMO-L-00030,Plumbing,,DEMO-I-000110,12/2/2025,12/2/2025,Paid,,Faucet dripping,$590.00,$169.00,$0.00,$421.00,$0.00,12/2/2025 1:40 PM,DEMO-IL-000243,2,PL-DISPOSAL,Service,Replace garbage disposal,1,$495.00,$74.00,$421.00,No,$0.00,$140.00
DEMO-J-000118,No Cooling,No cooling,Completed,Today,phone,DEMO-E-00003,12/3/2025 7:00 AM,12/3/2025 9:41 AM,,,,,,DEMO-C-00013,Jessica Waters,DEMO-L-00015,HVAC Service,,DEMO-I-000111,12/3/2025,12/3/2025,Paid,,No cooling,$384.00,$138.00,$0.00,$246.00,$0.00,12/3/2025 9:49 AM,DEMO-IL-000244,1,HVAC-DIAG,Service,HVAC diagnostic / service call,1,$95.00,$95.00,$0.00,No,$0.00,$0.00
DEMO-J-000118,No Cooling,No cooling,Completed,Today,phone,DEMO-E-00003,12/3/2025 7:00 AM,12/3/2025 9:41 AM,,,,,,DEMO-C-00013,Jessica Waters,DEMO-L-00015,HVAC Service,,DEMO-I-000111,12/3/2025,12/3/2025,Paid,,No cooling,$384.00,$138.00,$0.00,$246.00,$0.00,12/3/2025 9:49 AM,DEMO-IL-000245,2,HVAC-CAP,Service,Replace run capacitor,1,$289.00,$43.00,$246.00,No,$0.00,$28.00
DEMO-J-000119,No Heat,Furnace short cycling,Completed,Scheduled,phone,DEMO-E-00003,11/30/2025 1:51 PM,12/3/2025 11:47 AM,,,,,,DEMO-C-00001,Hank Erdman,DEMO-L-00001,HVAC Service,,DEMO-I-000112,12/3/2025,12/3/2025,Paid,,Furnace short cycling,$284.00,$0.00,$0.00,$284.00,$0.00,12/3/2025 11:51 AM,DEMO-IL-000246,1,HVAC-DIAG,Service,HVAC diagnostic / service call,1,$95.00,$0.00,$95.00,No,$0.00,$0.00
DEMO-J-000119,No Heat,Furnace short cycling,Completed,Scheduled,phone,DEMO-E-00003,11/30/2025 1:51 PM,12/3/2025 11:47 AM,,,,,,DEMO-C-00001,Hank Erdman,DEMO-L-00001,HVAC Service,,DEMO-I-000112,12/3/2025,12/3/2025,Paid,,Furnace short cycling,$284.00,$0.00,$0.00,$284.00,$0.00,12/3/2025 11:51 AM,DEMO-IL-000247,2,HVAC-FLAME,Service,Clean or replace flame sensor,1,$189.00,$0.00,$189.00,No,$0.00,$15.00
DEMO-J-000120,No Heat,Strange smell from furnace,Completed,Scheduled,phone,DEMO-E-00003,12/1/2025 4:35 PM,12/3/2025 11:09 AM,,,,,,DEMO-C-00018,Thad Hilll,DEMO-L-00020,HVAC Service,,DEMO-I-000113,12/3/2025,12/3/2025,Paid,,Strange smell from furnace,"$1,990.00",$379.00,$0.00,"$1,611.00",$0.00,12/15/2025 10:10 AM,DEMO-IL-000248,1,HVAC-DIAG,Service,HVAC diagnostic / service call,1,$95.00,$95.00,$0.00,No,$0.00,$0.00
DEMO-J-000120,No Heat,Strange smell from furnace,Completed,Scheduled,phone,DEMO-E-00003,12/1/2025 4:35 PM,12/3/2025 11:09 AM,,,,,,DEMO-C-00018,Thad Hilll,DEMO-L-00020,HVAC Service,,DEMO-I-000113,12/3/2025,12/3/2025,Paid,,Strange smell from furnace,"$1,990.00",$379.00,$0.00,"$1,611.00",$0.00,12/15/2025 10:10 AM,DEMO-IL-000249,2,HVAC-ECM,Service,Replace ECM blower motor,1,"$1,895.00",$284.00,"$1,611.00",No,$0.00,$620.00
DEMO-J-000121,No Heat,Furnace short cycling,Completed,Scheduled,phone,DEMO-E-00003,12/1/2025 3:19 PM,12/3/2025 1:27 PM,,,,,,DEMO-C-00014,Haskell Bauch,DEMO-L-00016,HVAC Service,,DEMO-I-000114,12/3/2025,12/3/2025,Paid,,Furnace short cycling,$440.00,$0.00,$0.00,$440.00,$0.00,12/3/2025 1:45 PM,DEMO-IL-000250,1,HVAC-DIAG,Service,HVAC diagnostic / service call,1,$95.00,$0.00,$95.00,No,$0.00,$0.00
DEMO-J-000121,No Heat,Furnace short cycling,Completed,Scheduled,phone,DEMO-E-00003,12/1/2025 3:19 PM,12/3/2025 1:27 PM,,,,,,DEMO-C-00014,Haskell Bauch,DEMO-L-00016,HVAC Service,,DEMO-I-000114,12/3/2025,12/3/2025,Paid,,Furnace short cycling,$440.00,$0.00,$0.00,$440.00,$0.00,12/3/2025 1:45 PM,DEMO-IL-000251,2,HVAC-IGN,Service,Replace hot surface ignitor,1,$345.00,$0.00,$345.00,No,$0.00,$38.00
DEMO-J-000122,Other,Indoor air quality consultation,Completed,Scheduled,phone,DEMO-E-00003,11/27/2025 1:36 PM,12/3/2025 9:45 AM,,,,,,DEMO-C-00028,Freida Kohler,DEMO-L-00030,HVAC Service,,DEMO-I-000115,12/3/2025,12/3/2025,Paid,,Indoor air quality consultation,$690.00,$184.00,$0.00,$506.00,$0.00,12/26/2025 7:34 PM,DEMO-IL-000252,1,HVAC-DIAG,Service,HVAC diagnostic / service call,1,$95.00,$95.00,$0.00,No,$0.00,$0.00
DEMO-J-000122,Other,Indoor air quality consultation,Completed,Scheduled,phone,DEMO-E-00003,11/27/2025 1:36 PM,12/3/2025 9:45 AM,,,,,,DEMO-C-00028,Freida Kohler,DEMO-L-00030,HVAC Service,,DEMO-I-000115,12/3/2025,12/3/2025,Paid,,Indoor air quality consultation,$690.00,$184.00,$0.00,$506.00,$0.00,12/26/2025 7:34 PM,DEMO-IL-000253,2,HVAC-SMART,Service,Install smart thermostat,1,$595.00,$89.00,$506.00,No,$0.00,$165.00
DEMO-J-000123,No Heat,Furnace short cycling,Completed,Scheduled,referral,DEMO-E-00003,12/1/2025 10:26 AM,12/3/2025 9:31 AM,,,,,,DEMO-C-00009,Dion Little,DEMO-L-00010,HVAC Service,,DEMO-I-000116,12/3/2025,12/3/2025,Paid,,Furnace short cycling,$790.00,$0.00,$0.00,$790.00,$0.00,12/3/2025 9:38 AM,DEMO-IL-000254,1,HVAC-DIAG,Service,HVAC diagnostic / service call,1,$95.00,$0.00,$95.00,No,$0.00,$0.00
DEMO-J-000123,No Heat,Furnace short cycling,Completed,Scheduled,referral,DEMO-E-00003,12/1/2025 10:26 AM,12/3/2025 9:31 AM,,,,,,DEMO-C-00009,Dion Little,DEMO-L-00010,HVAC Service,,DEMO-I-000116,12/3/2025,12/3/2025,Paid,,Furnace short cycling,$790.00,$0.00,$0.00,$790.00,$0.00,12/3/2025 9:38 AM,DEMO-IL-000255,2,HVAC-DEFROST,Service,Replace heat pump defrost board,1,$695.00,$0.00,$695.00,No,$0.00,$140.00
DEMO-J-000124,Drain,Main line backing up,Completed,Scheduled,phone,DEMO-E-00003,12/2/2025 11:02 AM,12/3/2025 9:30 AM,,,,,,DEMO-C-00007,Roxane Williamson,DEMO-L-00008,Plumbing,,DEMO-I-000117,12/3/2025,12/3/2025,Paid,,Main line backing up,$225.00,$0.00,$0.00,$225.00,$0.00,12/3/2025 9:46 AM,DEMO-IL-000256,1,PL-DRAIN-SM,Service,Clear sink or tub drain,1,$225.00,$0.00,$225.00,No,$0.00,$5.00
DEMO-J-000125,Other,Sump pump not running,Completed,Scheduled,phone,DEMO-E-00003,12/1/2025 11:31 AM,12/3/2025 12:40 PM,,,,,,DEMO-C-00024,Jared Thiel,DEMO-L-00026,Plumbing,,DEMO-I-000118,12/3/2025,12/3/2025,Paid,,Sump pump not running,$990.00,$229.00,$0.00,$761.00,$0.00,12/3/2025 12:50 PM,DEMO-IL-000257,1,PL-DIAG,Service,Plumbing diagnostic / service call,1,$95.00,$95.00,$0.00,No,$0.00,$0.00
DEMO-J-000125,Other,Sump pump not running,Completed,Scheduled,phone,DEMO-E-00003,12/1/2025 11:31 AM,12/3/2025 12:40 PM,,,,,,DEMO-C-00024,Jared Thiel,DEMO-L-00026,Plumbing,,DEMO-I-000118,12/3/2025,12/3/2025,Paid,,Sump pump not running,$990.00,$229.00,$0.00,$761.00,$0.00,12/3/2025 12:50 PM,DEMO-IL-000258,2,PL-SUMP,Service,Replace sump pump,1,$895.00,$134.00,$761.00,No,$0.00,$240.00
DEMO-J-000126,Other,Toilet running,Completed,Scheduled,phone,DEMO-E-00002,11/28/2025 8:15 AM,12/3/2025 4:13 PM,,,,,,DEMO-C-00005,Gardner Keebler,DEMO-L-00005,Plumbing,,DEMO-I-000119,12/3/2025,12/3/2025,Paid,,Toilet running,"$1,485.00",$0.00,$62.65,"$1,547.65",$0.00,12/3/2025 4:19 PM,DEMO-IL-000259,1,PL-DIAG,Service,Plumbing diagnostic / service call,1,$95.00,$0.00,$95.00,No,$0.00,$0.00
DEMO-J-000126,Other,Toilet running,Completed,Scheduled,phone,DEMO-E-00002,11/28/2025 8:15 AM,12/3/2025 4:13 PM,,,,,,DEMO-C-00005,Gardner Keebler,DEMO-L-00005,Plumbing,,DEMO-I-000119,12/3/2025,12/3/2025,Paid,,Toilet running,"$1,485.00",$0.00,$62.65,"$1,547.65",$0.00,12/3/2025 4:19 PM,DEMO-IL-000260,2,PL-DISPOSAL,Service,Replace garbage disposal,1,$495.00,$0.00,$495.00,No,$0.00,$140.00
DEMO-J-000126,Other,Toilet running,Completed,Scheduled,phone,DEMO-E-00002,11/28/2025 8:15 AM,12/3/2025 4:13 PM,,,,,,DEMO-C-00005,Gardner Keebler,DEMO-L-00005,Plumbing,,DEMO-I-000119,12/3/2025,12/3/2025,Paid,,Toilet running,"$1,485.00",$0.00,$62.65,"$1,547.65",$0.00,12/3/2025 4:19 PM,DEMO-IL-000261,3,WTR-LEAKVALVE,Equipment,Leak-detection shut-off valve,1,$895.00,$0.00,$895.00,Yes,$62.65,$290.00
DEMO-J-000127,Drain,Tub draining slowly,Completed,Scheduled,phone,DEMO-E-00003,12/1/2025 12:34 PM,12/3/2025 9:58 AM,,,,,,DEMO-C-00002,Natasha Pfannerstill,DEMO-L-00002,Plumbing,,DEMO-I-000120,12/3/2025,12/3/2025,Paid,,Tub draining slowly,$395.00,$0.00,$0.00,$395.00,$0.00,12/3/2025 10:01 AM,DEMO-IL-000262,1,PL-DRAIN-MAIN,Service,Clear main drain line,1,$395.00,$0.00,$395.00,No,$0.00,$10.00
DEMO-J-000128,No Heat,Strange smell from furnace,Completed,Scheduled,phone,DEMO-E-00003,11/28/2025 8:11 AM,12/4/2025 9:28 AM,,,,,,DEMO-C-00010,Alize Cassin,DEMO-L-00012,HVAC Service,,DEMO-I-000121,12/4/2025,12/4/2025,Paid,,Strange smell from furnace,$190.00,$0.00,$6.65,$196.65,$0.00,12/17/2025 6:13 PM,DEMO-IL-000263,1,HVAC-DIAG,Service,HVAC diagnostic / service call,1,$95.00,$0.00,$95.00,No,$0.00,$0.00
DEMO-J-000128,No Heat,Strange smell from furnace,Completed,Scheduled,phone,DEMO-E-00003,11/28/2025 8:11 AM,12/4/2025 9:28 AM,,,,,,DEMO-C-00010,Alize Cassin,DEMO-L-00012,HVAC Service,,DEMO-I-000121,12/4/2025,12/4/2025,Paid,,Strange smell from furnace,$190.00,$0.00,$6.65,$196.65,$0.00,12/17/2025 6:13 PM,DEMO-IL-000264,2,HVAC-FILTER,Material,Media filter replacement,1,$95.00,$0.00,$95.00,Yes,$6.65,$28.00
DEMO-J-000129,Tune Up,Fall heating tune-up,Completed,Scheduled,membership,DEMO-E-00003,11/29/2025 1:38 PM,12/4/2025 12:34 PM,,,,,,DEMO-C-00016,Estel Kunde,DEMO-L-00018,HVAC Service,,DEMO-I-000122,12/4/2025,12/4/2025,Paid,,Fall heating tune-up,$573.00,$195.00,$5.67,$383.67,$0.00,12/4/2025 12:37 PM,DEMO-IL-000265,1,HVAC-TUNE-HT,Service,Heating tune-up (fall heating),1,$129.00,$129.00,$0.00,No,$0.00,$8.00
DEMO-J-000129,Tune Up,Fall heating tune-up,Completed,Scheduled,membership,DEMO-E-00003,11/29/2025 1:38 PM,12/4/2025 12:34 PM,,,,,,DEMO-C-00016,Estel Kunde,DEMO-L-00018,HVAC Service,,DEMO-I-000122,12/4/2025,12/4/2025,Paid,,Fall heating tune-up,$573.00,$195.00,$5.67,$383.67,$0.00,12/4/2025 12:37 PM,DEMO-IL-000266,2,HVAC-FILTER,Material,Media filter replacement,1,$95.00,$14.00,$81.00,Yes,$5.67,$28.00
DEMO-J-000129,Tune Up,Fall heating tune-up,Completed,Scheduled,membership,DEMO-E-00003,11/29/2025 1:38 PM,12/4/2025 12:34 PM,,,,,,DEMO-C-00016,Estel Kunde,DEMO-L-00018,HVAC Service,,DEMO-I-000122,12/4/2025,12/4/2025,Paid,,Fall heating tune-up,$573.00,$195.00,$5.67,$383.67,$0.00,12/4/2025 12:37 PM,DEMO-IL-000267,3,HVAC-COIL-CLEAN,Service,Evaporator coil cleaning,1,$349.00,$52.00,$297.00,No,$0.00,$18.00
DEMO-J-000130,No Cooling,No heat in sales floor,Completed,Scheduled,phone,DEMO-E-00002,11/28/2025 11:29 AM,12/4/2025 10:22 AM,,,,,,DEMO-C-00034,Marsh Point Outfitters Group,DEMO-L-00050,Commercial & Refrigeration,PO-98312,DEMO-I-000123,12/4/2025,12/19/2025,Paid,,No heat in sales floor,$490.00,$0.00,$0.00,$490.00,$0.00,12/20/2025 11:00 AM,DEMO-IL-000268,1,COM-DIAG,Service,Commercial service call,1,$165.00,$0.00,$165.00,No,$0.00,$0.00
DEMO-J-000130,No Cooling,No heat in sales floor,Completed,Scheduled,phone,DEMO-E-00002,11/28/2025 11:29 AM,12/4/2025 10:22 AM,,,,,,DEMO-C-00034,Marsh Point Outfitters Group,DEMO-L-00050,Commercial & Refrigeration,PO-98312,DEMO-I-000123,12/4/2025,12/19/2025,Paid,,No heat in sales floor,$490.00,$0.00,$0.00,$490.00,$0.00,12/20/2025 11:00 AM,DEMO-IL-000269,2,HVAC-CONT,Service,Replace contactor,1,$325.00,$0.00,$325.00,No,$0.00,$32.00
DEMO-J-000131,No Heat,Strange smell from furnace,Completed,Emergency,referral,DEMO-E-00003,12/4/2025 8:45 AM,12/4/2025 12:15 PM,,,,,,DEMO-C-00006,Inez McLaughlin,DEMO-L-00007,HVAC Service,,DEMO-I-000124,12/4/2025,12/4/2025,Paid,,Strange smell from furnace,$440.00,$0.00,$0.00,$440.00,$0.00,1/3/2026 3:46 PM,DEMO-IL-000270,1,HVAC-DIAG,Service,HVAC diagnostic / service call,1,$95.00,$0.00,$95.00,No,$0.00,$0.00
DEMO-J-000131,No Heat,Strange smell from furnace,Completed,Emergency,referral,DEMO-E-00003,12/4/2025 8:45 AM,12/4/2025 12:15 PM,,,,,,DEMO-C-00006,Inez McLaughlin,DEMO-L-00007,HVAC Service,,DEMO-I-000124,12/4/2025,12/4/2025,Paid,,Strange smell from furnace,$440.00,$0.00,$0.00,$440.00,$0.00,1/3/2026 3:46 PM,DEMO-IL-000271,2,HVAC-IGN,Service,Replace hot surface ignitor,1,$345.00,$0.00,$345.00,No,$0.00,$38.00
DEMO-J-000132,No Cooling,AC not keeping up,Completed,Today,web,DEMO-E-00003,12/4/2025 10:58 AM,12/4/2025 2:26 PM,,,,,,DEMO-C-00005,Gardner Keebler,DEMO-L-00005,HVAC Service,,DEMO-I-000125,12/4/2025,12/4/2025,Paid,,AC not keeping up,$420.00,$0.00,$0.00,$420.00,$0.00,12/4/2025 2:34 PM,DEMO-IL-000272,1,HVAC-DIAG,Service,HVAC diagnostic / service call,1,$95.00,$0.00,$95.00,No,$0.00,$0.00
DEMO-J-000132,No Cooling,AC not keeping up,Completed,Today,web,DEMO-E-00003,12/4/2025 10:58 AM,12/4/2025 2:26 PM,,,,,,DEMO-C-00005,Gardner Keebler,DEMO-L-00005,HVAC Service,,DEMO-I-000125,12/4/2025,12/4/2025,Paid,,AC not keeping up,$420.00,$0.00,$0.00,$420.00,$0.00,12/4/2025 2:34 PM,DEMO-IL-000273,2,HVAC-CONT,Service,Replace contactor,1,$325.00,$0.00,$325.00,No,$0.00,$32.00
DEMO-J-000133,Estimate,Replacement estimate,Completed,Scheduled,phone,DEMO-E-00002,11/29/2025 3:27 PM,12/4/2025 9:57 AM,,,,,,DEMO-C-00006,Inez McLaughlin,DEMO-L-00007,HVAC Replacement,,,,,,,,,,,,,,,,,,,,,,,,,
DEMO-J-000134,No Heat,Strange smell from furnace,Completed,Today,phone,DEMO-E-00003,12/4/2025 7:42 AM,12/4/2025 1:20 PM,,,,,,DEMO-C-00014,Haskell Bauch,DEMO-L-00016,HVAC Service,,DEMO-I-000126,12/4/2025,12/4/2025,Paid,,Strange smell from furnace,"$1,135.00",$0.00,$0.00,"$1,135.00",$0.00,12/4/2025 1:28 PM,DEMO-IL-000274,1,HVAC-DIAG,Service,HVAC diagnostic / service call,1,$95.00,$0.00,$95.00,No,$0.00,$0.00
DEMO-J-000134,No Heat,Strange smell from furnace,Completed,Today,phone,DEMO-E-00003,12/4/2025 7:42 AM,12/4/2025 1:20 PM,,,,,,DEMO-C-00014,Haskell Bauch,DEMO-L-00016,HVAC Service,,DEMO-I-000126,12/4/2025,12/4/2025,Paid,,Strange smell from furnace,"$1,135.00",$0.00,$0.00,"$1,135.00",$0.00,12/4/2025 1:28 PM,DEMO-IL-000275,2,HVAC-IGN,Service,Replace hot surface ignitor,1,$345.00,$0.00,$345.00,No,$0.00,$38.00
DEMO-J-000134,No Heat,Strange smell from furnace,Completed,Today,phone,DEMO-E-00003,12/4/2025 7:42 AM,12/4/2025 1:20 PM,,,,,,DEMO-C-00014,Haskell Bauch,DEMO-L-00016,HVAC Service,,DEMO-I-000126,12/4/2025,12/4/2025,Paid,,Strange smell from furnace,"$1,135.00",$0.00,$0.00,"$1,135.00",$0.00,12/4/2025 1:28 PM,DEMO-IL-000276,3,HVAC-DEFROST,Service,Replace heat pump defrost board,1,$695.00,$0.00,$695.00,No,$0.00,$140.00
DEMO-J-000135,No Heat,Furnace short cycling,Completed,Today,referral,DEMO-E-00003,12/4/2025 7:00 AM,12/4/2025 10:17 AM,,,,,,DEMO-C-00028,Freida Kohler,DEMO-L-00030,HVAC Service,,DEMO-I-000127,12/4/2025,12/4/2025,Paid,,Furnace short cycling,$729.00,$190.00,$0.00,$539.00,$0.00,12/4/2025 10:20 AM,DEMO-IL-000277,1,HVAC-DIAG,Service,HVAC diagnostic / service call,1,$95.00,$95.00,$0.00,No,$0.00,$0.00
DEMO-J-000135,No Heat,Furnace short cycling,Completed,Today,referral,DEMO-E-00003,12/4/2025 7:00 AM,12/4/2025 10:17 AM,,,,,,DEMO-C-00028,Freida Kohler,DEMO-L-00030,HVAC Service,,DEMO-I-000127,12/4/2025,12/4/2025,Paid,,Furnace short cycling,$729.00,$190.00,$0.00,$539.00,$0.00,12/4/2025 10:20 AM,DEMO-IL-000278,2,HVAC-IGN,Service,Replace hot surface ignitor,1,$345.00,$52.00,$293.00,No,$0.00,$38.00
DEMO-J-000135,No Heat,Furnace short cycling,Completed,Today,referral,DEMO-E-00003,12/4/2025 7:00 AM,12/4/2025 10:17 AM,,,,,,DEMO-C-00028,Freida Kohler,DEMO-L-00030,HVAC Service,,DEMO-I-000127,12/4/2025,12/4/2025,Paid,,Furnace short cycling,$729.00,$190.00,$0.00,$539.00,$0.00,12/4/2025 10:20 AM,DEMO-IL-000279,3,HVAC-CAP,Service,Replace run capacitor,1,$289.00,$43.00,$246.00,No,$0.00,$28.00
DEMO-J-000136,Tune Up,Fall heating tune-up,Completed,Scheduled,membership,DEMO-E-00003,11/28/2025 11:18 AM,12/4/2025 1:27 PM,,,,,,DEMO-C-00006,Inez McLaughlin,DEMO-L-00006,HVAC Service,,DEMO-I-000128,12/4/2025,12/4/2025,Paid,,Fall heating tune-up,$708.00,$215.00,$23.24,$516.24,$0.00,12/4/2025 1:44 PM,DEMO-IL-000280,1,HVAC-TUNE-HT,Service,Heating tune-up (fall heating),1,$129.00,$129.00,$0.00,No,$0.00,$8.00
DEMO-J-000136,Tune Up,Fall heating tune-up,Completed,Scheduled,membership,DEMO-E-00003,11/28/2025 11:18 AM,12/4/2025 1:27 PM,,,,,,DEMO-C-00006,Inez McLaughlin,DEMO-L-00006,HVAC Service,,DEMO-I-000128,12/4/2025,12/4/2025,Paid,,Fall heating tune-up,$708.00,$215.00,$23.24,$516.24,$0.00,12/4/2025 1:44 PM,DEMO-IL-000281,2,HVAC-FILTER,Material,Media filter replacement,1,$95.00,$14.00,$81.00,Yes,$5.67,$28.00
DEMO-J-000136,Tune Up,Fall heating tune-up,Completed,Scheduled,membership,DEMO-E-00003,11/28/2025 11:18 AM,12/4/2025 1:27 PM,,,,,,DEMO-C-00006,Inez McLaughlin,DEMO-L-00006,HVAC Service,,DEMO-I-000128,12/4/2025,12/4/2025,Paid,,Fall heating tune-up,$708.00,$215.00,$23.24,$516.24,$0.00,12/4/2025 1:44 PM,DEMO-IL-000282,3,HVAC-DRAIN,Service,Clear condensate drain line,1,$189.00,$28.00,$161.00,No,$0.00,$6.00
DEMO-J-000136,Tune Up,Fall heating tune-up,Completed,Scheduled,membership,DEMO-E-00003,11/28/2025 11:18 AM,12/4/2025 1:27 PM,,,,,,DEMO-C-00006,Inez McLaughlin,DEMO-L-00006,HVAC Service,,DEMO-I-000128,12/4/2025,12/4/2025,Paid,,Fall heating tune-up,$708.00,$215.00,$23.24,$516.24,$0.00,12/4/2025 1:44 PM,DEMO-IL-000283,4,ELEC-SURGE,Equipment,HVAC surge protector,1,$295.00,$44.00,$251.00,Yes,$17.57,$45.00
DEMO-J-000137,Drain,Callback: Tub draining slowly,Completed,Today,callback,DEMO-E-00003,12/4/2025 7:00 AM,12/4/2025 8:58 AM,,,DEMO-J-000091,No,Different problem from the first visit,DEMO-C-00026,Cara Beatty,DEMO-L-00028,Plumbing,,,,,,,,,,,,,,,,,,,,,,,,,
DEMO-J-000138,Leak,Pipe leak in crawlspace,Completed,Today,phone,DEMO-E-00003,12/4/2025 8:26 AM,12/4/2025 12:02 PM,,,,,,DEMO-C-00024,Jared Thiel,DEMO-L-00026,Plumbing,,DEMO-I-000129,12/4/2025,12/4/2025,Paid,,Pipe leak in crawlspace,$520.00,$159.00,$0.00,$361.00,$0.00,12/4/2025 12:05 PM,DEMO-IL-000284,1,PL-DIAG,Service,Plumbing diagnostic / service call,1,$95.00,$95.00,$0.00,No,$0.00,$0.00
DEMO-J-000138,Leak,Pipe leak in crawlspace,Completed,Today,phone,DEMO-E-00003,12/4/2025 8:26 AM,12/4/2025 12:02 PM,,,,,,DEMO-C-00024,Jared Thiel,DEMO-L-00026,Plumbing,,DEMO-I-000129,12/4/2025,12/4/2025,Paid,,Pipe leak in crawlspace,$520.00,$159.00,$0.00,$361.00,$0.00,12/4/2025 12:05 PM,DEMO-IL-000285,2,PL-LEAK,Service,Repair pipe leak,1,$425.00,$64.00,$361.00,No,$0.00,$35.00
DEMO-J-000139,Other,Toilet running,Completed,Scheduled,phone,DEMO-E-00002,12/2/2025 9:55 AM,12/4/2025 10:06 AM,,,,,,DEMO-C-00006,Inez McLaughlin,DEMO-L-00006,Plumbing,,DEMO-I-000130,12/4/2025,12/4/2025,Paid,,Toilet running,$440.00,$147.00,$0.00,$293.00,$0.00,12/4/2025 10:18 AM,DEMO-IL-000286,1,PL-DIAG,Service,Plumbing diagnostic / service call,1,$95.00,$95.00,$0.00,No,$0.00,$0.00
DEMO-J-000139,Other,Toilet running,Completed,Scheduled,phone,DEMO-E-00002,12/2/2025 9:55 AM,12/4/2025 10:06 AM,,,,,,DEMO-C-00006,Inez McLaughlin,DEMO-L-00006,Plumbing,,DEMO-I-000130,12/4/2025,12/4/2025,Paid,,Toilet running,$440.00,$147.00,$0.00,$293.00,$0.00,12/4/2025 10:18 AM,DEMO-IL-000287,2,PL-FAUCET,Service,Replace faucet,1,$345.00,$52.00,$293.00,No,$0.00,$95.00
DEMO-J-000140,New Construction,"New construction HVAC, lot 1",In Progress,Scheduled,builder,DEMO-E-00002,12/5/2025 10:00 AM,,,,,,,DEMO-C-00058,Sandbar Homes LLC,DEMO-L-00081,New Construction,PO-47852,DEMO-I-000131,12/5/2025,1/4/2026,Paid,Deposit,"New construction HVAC, lot 1","$3,050.00",$0.00,$0.00,"$3,050.00",$0.00,12/29/2025 11:00 AM,DEMO-IL-000288,1,NC-HVAC-HOME,Service,"New construction HVAC, per home: deposit (25%)",1,"$3,050.00",$0.00,"$3,050.00",No,$0.00,$0.00
DEMO-J-000140,New Construction,"New construction HVAC, lot 1",In Progress,Scheduled,builder,DEMO-E-00002,12/5/2025 10:00 AM,,,,,,,DEMO-C-00058,Sandbar Homes LLC,DEMO-L-00081,New Construction,PO-47852,DEMO-I-000331,12/29/2025,1/28/2026,Open,Rough-In,"New construction HVAC, lot 1","$4,270.00",$0.00,$0.00,"$4,270.00","$4,270.00",,DEMO-IL-000725,1,NC-HVAC-HOME,Service,"New construction HVAC, per home: rough-in (35%)",1,"$4,270.00",$0.00,"$4,270.00",No,$0.00,"$3,660.00"
DEMO-J-000141,Tune Up,Fall heating tune-up,Completed,Scheduled,phone,DEMO-E-00001,11/30/2025 10:07 AM,12/5/2025 11:15 AM,,,,,,DEMO-C-00021,Silas Bauch,DEMO-L-00023,HVAC Service,,DEMO-I-000132,12/5/2025,12/5/2025,Paid,,Fall heating tune-up,$478.00,$0.00,$0.00,$478.00,$0.00,12/5/2025 11:28 AM,DEMO-IL-000289,1,HVAC-TUNE-HT,Service,Heating tune-up (fall heating),1,$129.00,$0.00,$129.00,No,$0.00,$8.00
DEMO-J-000141,Tune Up,Fall heating tune-up,Completed,Scheduled,phone,DEMO-E-00001,11/30/2025 10:07 AM,12/5/2025 11:15 AM,,,,,,DEMO-C-00021,Silas Bauch,DEMO-L-00023,HVAC Service,,DEMO-I-000132,12/5/2025,12/5/2025,Paid,,Fall heating tune-up,$478.00,$0.00,$0.00,$478.00,$0.00,12/5/2025 11:28 AM,DEMO-IL-000290,2,HVAC-COIL-CLEAN,Service,Evaporator coil cleaning,1,$349.00,$0.00,$349.00,No,$0.00,$18.00
DEMO-J-000142,No Heat,Strange smell from furnace,Completed,Today,phone,DEMO-E-00003,12/5/2025 7:06 AM,12/5/2025 1:14 PM,,,,,,DEMO-C-00022,Clementina Jacobson,DEMO-L-00024,HVAC Service,,DEMO-I-000133,12/5/2025,12/5/2025,Paid,,Strange smell from furnace,$440.00,$0.00,$0.00,$440.00,$0.00,12/5/2025 1:17 PM,DEMO-IL-000291,1,HVAC-DIAG,Service,HVAC diagnostic / service call,1,$95.00,$0.00,$95.00,No,$0.00,$0.00
DEMO-J-000142,No Heat,Strange smell from furnace,Completed,Today,phone,DEMO-E-00003,12/5/2025 7:06 AM,12/5/2025 1:14 PM,,,,,,DEMO-C-00022,Clementina Jacobson,DEMO-L-00024,HVAC Service,,DEMO-I-000133,12/5/2025,12/5/2025,Paid,,Strange smell from furnace,$440.00,$0.00,$0.00,$440.00,$0.00,12/5/2025 1:17 PM,DEMO-IL-000292,2,HVAC-IGN,Service,Replace hot surface ignitor,1,$345.00,$0.00,$345.00,No,$0.00,$38.00
DEMO-J-000143,No Heat,Furnace short cycling,Completed,Today,referral,DEMO-E-00003,12/5/2025 10:36 AM,12/5/2025 3:27 PM,,,,,,DEMO-C-00013,Jessica Waters,DEMO-L-00015,HVAC Service,,DEMO-I-000134,12/5/2025,12/5/2025,Paid,,Furnace short cycling,$440.00,$147.00,$0.00,$293.00,$0.00,12/5/2025 3:46 PM,DEMO-IL-000293,1,HVAC-DIAG,Service,HVAC diagnostic / service call,1,$95.00,$95.00,$0.00,No,$0.00,$0.00
DEMO-J-000143,No Heat,Furnace short cycling,Completed,Today,referral,DEMO-E-00003,12/5/2025 10:36 AM,12/5/2025 3:27 PM,,,,,,DEMO-C-00013,Jessica Waters,DEMO-L-00015,HVAC Service,,DEMO-I-000134,12/5/2025,12/5/2025,Paid,,Furnace short cycling,$440.00,$147.00,$0.00,$293.00,$0.00,12/5/2025 3:46 PM,DEMO-IL-000294,2,HVAC-IGN,Service,Replace hot surface ignitor,1,$345.00,$52.00,$293.00,No,$0.00,$38.00
DEMO-J-000144,No Heat,No heat,Completed,Emergency,phone,DEMO-E-00003,12/5/2025 7:00 AM,12/5/2025 10:39 AM,,,,,,DEMO-C-00003,Madalyn Toy,DEMO-L-00003,HVAC Service,,DEMO-I-000135,12/5/2025,12/5/2025,Paid,,No heat,"$1,545.00",$0.00,$0.00,"$1,545.00",$0.00,12/5/2025 10:49 AM,DEMO-IL-000295,1,HVAC-DIAG,Service,HVAC diagnostic / service call,1,$95.00,$0.00,$95.00,No,$0.00,$0.00
DEMO-J-000144,No Heat,No heat,Completed,Emergency,phone,DEMO-E-00003,12/5/2025 7:00 AM,12/5/2025 10:39 AM,,,,,,DEMO-C-00003,Madalyn Toy,DEMO-L-00003,HVAC Service,,DEMO-I-000135,12/5/2025,12/5/2025,Paid,,No heat,"$1,545.00",$0.00,$0.00,"$1,545.00",$0.00,12/5/2025 10:49 AM,DEMO-IL-000296,2,HVAC-BOARD,Service,Replace control board,1,"$1,450.00",$0.00,"$1,450.00",No,$0.00,$310.00
DEMO-J-000145,No Cooling,AC not keeping up,Completed,Scheduled,phone,DEMO-E-00003,11/29/2025 9:53 AM,12/5/2025 12:43 PM,,,,,,DEMO-C-00010,Alize Cassin,DEMO-L-00011,HVAC Service,,DEMO-I-000136,12/5/2025,12/5/2025,Paid,,AC not keeping up,$420.00,$0.00,$0.00,$420.00,$0.00,12/5/2025 12:53 PM,DEMO-IL-000297,1,HVAC-DIAG,Service,HVAC diagnostic / service call,1,$95.00,$0.00,$95.00,No,$0.00,$0.00
DEMO-J-000145,No Cooling,AC not keeping up,Completed,Scheduled,phone,DEMO-E-00003,11/29/2025 9:53 AM,12/5/2025 12:43 PM,,,,,,DEMO-C-00010,Alize Cassin,DEMO-L-00011,HVAC Service,,DEMO-I-000136,12/5/2025,12/5/2025,Paid,,AC not keeping up,$420.00,$0.00,$0.00,$420.00,$0.00,12/5/2025 12:53 PM,DEMO-IL-000298,2,HVAC-CONT,Service,Replace contactor,1,$325.00,$0.00,$325.00,No,$0.00,$32.00
DEMO-J-000146,No Cooling,AC not keeping up,Completed,Scheduled,phone,DEMO-E-00003,11/30/2025 4:55 PM,12/5/2025 10:35 AM,,,,,,DEMO-C-00016,Estel Kunde,DEMO-L-00018,HVAC Service,,DEMO-I-000137,12/5/2025,12/5/2025,Paid,,AC not keeping up,"$1,215.00",$264.00,$29.68,$980.68,$0.00,12/5/2025 10:54 AM,DEMO-IL-000299,1,HVAC-DIAG,Service,HVAC diagnostic / service call,1,$95.00,$95.00,$0.00,No,$0.00,$0.00
DEMO-J-000146,No Cooling,AC not keeping up,Completed,Scheduled,phone,DEMO-E-00003,11/30/2025 4:55 PM,12/5/2025 10:35 AM,,,,,,DEMO-C-00016,Estel Kunde,DEMO-L-00018,HVAC Service,,DEMO-I-000137,12/5/2025,12/5/2025,Paid,,AC not keeping up,"$1,215.00",$264.00,$29.68,$980.68,$0.00,12/5/2025 10:54 AM,DEMO-IL-000300,2,HVAC-CONT,Service,Replace contactor,1,$325.00,$49.00,$276.00,No,$0.00,$32.00
DEMO-J-000146,No Cooling,AC not keeping up,Completed,Scheduled,phone,DEMO-E-00003,11/30/2025 4:55 PM,12/5/2025 10:35 AM,,,,,,DEMO-C-00016,Estel Kunde,DEMO-L-00018,HVAC Service,,DEMO-I-000137,12/5/2025,12/5/2025,Paid,,AC not keeping up,"$1,215.00",$264.00,$29.68,$980.68,$0.00,12/5/2025 10:54 AM,DEMO-IL-000301,3,HVAC-HARDSTART,Service,Install hard start kit,1,$295.00,$44.00,$251.00,No,$0.00,$35.00
DEMO-J-000146,No Cooling,AC not keeping up,Completed,Scheduled,phone,DEMO-E-00003,11/30/2025 4:55 PM,12/5/2025 10:35 AM,,,,,,DEMO-C-00016,Estel Kunde,DEMO-L-00018,HVAC Service,,DEMO-I-000137,12/5/2025,12/5/2025,Paid,,AC not keeping up,"$1,215.00",$264.00,$29.68,$980.68,$0.00,12/5/2025 10:54 AM,DEMO-IL-000302,4,HVAC-R410A,Material,Refrigerant R-410A (per lb),4,$125.00,$76.00,$424.00,Yes,$29.68,$88.00
DEMO-J-000147,No Heat,Strange smell from furnace,Completed,Today,phone,DEMO-E-00003,12/5/2025 7:58 AM,12/5/2025 12:49 PM,,,,,,DEMO-C-00008,Katelyn Thompson,DEMO-L-00009,HVAC Service,,DEMO-I-000138,12/5/2025,12/5/2025,Paid,,Strange smell from furnace,$440.00,$0.00,$0.00,$440.00,$0.00,12/5/2025 1:09 PM,DEMO-IL-000303,1,HVAC-DIAG,Service,HVAC diagnostic / service call,1,$95.00,$0.00,$95.00,No,$0.00,$0.00
DEMO-J-000147,No Heat,Strange smell from furnace,Completed,Today,phone,DEMO-E-00003,12/5/2025 7:58 AM,12/5/2025 12:49 PM,,,,,,DEMO-C-00008,Katelyn Thompson,DEMO-L-00009,HVAC Service,,DEMO-I-000138,12/5/2025,12/5/2025,Paid,,Strange smell from furnace,$440.00,$0.00,$0.00,$440.00,$0.00,12/5/2025 1:09 PM,DEMO-IL-000304,2,HVAC-IGN,Service,Replace hot surface ignitor,1,$345.00,$0.00,$345.00,No,$0.00,$38.00
DEMO-J-000148,No Heat,Furnace short cycling,Completed,Today,phone,DEMO-E-00003,12/5/2025 7:00 AM,12/5/2025 12:07 PM,,,,,,DEMO-C-00026,Cara Beatty,DEMO-L-00028,HVAC Service,,DEMO-I-000139,12/5/2025,12/5/2025,Paid,,Furnace short cycling,"$2,485.00",$453.00,$0.00,"$2,032.00",$0.00,12/5/2025 12:25 PM,DEMO-IL-000305,1,HVAC-DIAG,Service,HVAC diagnostic / service call,1,$95.00,$95.00,$0.00,No,$0.00,$0.00
DEMO-J-000148,No Heat,Furnace short cycling,Completed,Today,phone,DEMO-E-00003,12/5/2025 7:00 AM,12/5/2025 12:07 PM,,,,,,DEMO-C-00026,Cara Beatty,DEMO-L-00028,HVAC Service,,DEMO-I-000139,12/5/2025,12/5/2025,Paid,,Furnace short cycling,"$2,485.00",$453.00,$0.00,"$2,032.00",$0.00,12/5/2025 12:25 PM,DEMO-IL-000306,2,HVAC-IGN,Service,Replace hot surface ignitor,1,$345.00,$52.00,$293.00,No,$0.00,$38.00
DEMO-J-000148,No Heat,Furnace short cycling,Completed,Today,phone,DEMO-E-00003,12/5/2025 7:00 AM,12/5/2025 12:07 PM,,,,,,DEMO-C-00026,Cara Beatty,DEMO-L-00028,HVAC Service,,DEMO-I-000139,12/5/2025,12/5/2025,Paid,,Furnace short cycling,"$2,485.00",$453.00,$0.00,"$2,032.00",$0.00,12/5/2025 12:25 PM,DEMO-IL-000307,3,HVAC-BOARD,Service,Replace control board,1,"$1,450.00",$217.00,"$1,233.00",No,$0.00,$310.00
DEMO-J-000148,No Heat,Furnace short cycling,Completed,Today,phone,DEMO-E-00003,12/5/2025 7:00 AM,12/5/2025 12:07 PM,,,,,,DEMO-C-00026,Cara Beatty,DEMO-L-00028,HVAC Service,,DEMO-I-000139,12/5/2025,12/5/2025,Paid,,Furnace short cycling,"$2,485.00",$453.00,$0.00,"$2,032.00",$0.00,12/5/2025 12:25 PM,DEMO-IL-000308,4,HVAC-SMART,Service,Install smart thermostat,1,$595.00,$89.00,$506.00,No,$0.00,$165.00
DEMO-J-000149,Tune Up,Fall heating tune-up,Completed,Scheduled,phone,DEMO-E-00003,12/3/2025 1:21 PM,12/5/2025 1:54 PM,,,,,,DEMO-C-00030,Titus Moen,DEMO-L-00032,HVAC Service,,DEMO-I-000140,12/5/2025,12/5/2025,Paid,,Fall heating tune-up,$318.00,$0.00,$0.00,$318.00,$0.00,12/5/2025 2:06 PM,DEMO-IL-000309,1,HVAC-TUNE-HT,Service,Heating tune-up (fall heating),1,$129.00,$0.00,$129.00,No,$0.00,$8.00
DEMO-J-000149,Tune Up,Fall heating tune-up,Completed,Scheduled,phone,DEMO-E-00003,12/3/2025 1:21 PM,12/5/2025 1:54 PM,,,,,,DEMO-C-00030,Titus Moen,DEMO-L-00032,HVAC Service,,DEMO-I-000140,12/5/2025,12/5/2025,Paid,,Fall heating tune-up,$318.00,$0.00,$0.00,$318.00,$0.00,12/5/2025 2:06 PM,DEMO-IL-000310,2,HVAC-DRAIN,Service,Clear condensate drain line,1,$189.00,$0.00,$189.00,No,$0.00,$6.00
DEMO-J-000150,Water Heater,Water heater leaking,Completed,Today,phone,DEMO-E-00002,12/5/2025 7:00 AM,12/5/2025 12:07 PM,,,,,,DEMO-C-00019,Phil Runte,DEMO-L-00021,Plumbing,,DEMO-I-000141,12/5/2025,12/5/2025,Paid,,Water heater leaking,"$2,290.00",$0.00,$153.65,"$2,443.65",$0.00,12/5/2025 12:10 PM,DEMO-IL-000311,1,PL-DIAG,Service,Plumbing diagnostic / service call,1,$95.00,$0.00,$95.00,No,$0.00,$0.00
DEMO-J-000150,Water Heater,Water heater leaking,Completed,Today,phone,DEMO-E-00002,12/5/2025 7:00 AM,12/5/2025 12:07 PM,,,,,,DEMO-C-00019,Phil Runte,DEMO-L-00021,Plumbing,,DEMO-I-000141,12/5/2025,12/5/2025,Paid,,Water heater leaking,"$2,290.00",$0.00,$153.65,"$2,443.65",$0.00,12/5/2025 12:10 PM,DEMO-IL-000312,2,PL-WH40,Equipment,40-gallon water heater (installed),1,"$2,195.00",$0.00,"$2,195.00",Yes,$153.65,$780.00
DEMO-J-000151,Leak,Leak under the sink,Completed,Scheduled,phone,DEMO-E-00003,12/3/2025 3:11 PM,12/5/2025 3:53 PM,,,,,,DEMO-C-00012,Kasey McClure,DEMO-L-00014,Plumbing,,DEMO-I-000142,12/5/2025,12/5/2025,Paid,,Leak under the sink,"$1,415.00",$0.00,$62.65,"$1,477.65",$0.00,12/5/2025 4:07 PM,DEMO-IL-000313,1,PL-DIAG,Service,Plumbing diagnostic / service call,1,$95.00,$0.00,$95.00,No,$0.00,$0.00
DEMO-J-000151,Leak,Leak under the sink,Completed,Scheduled,phone,DEMO-E-00003,12/3/2025 3:11 PM,12/5/2025 3:53 PM,,,,,,DEMO-C-00012,Kasey McClure,DEMO-L-00014,Plumbing,,DEMO-I-000142,12/5/2025,12/5/2025,Paid,,Leak under the sink,"$1,415.00",$0.00,$62.65,"$1,477.65",$0.00,12/5/2025 4:07 PM,DEMO-IL-000314,2,PL-LEAK,Service,Repair pipe leak,1,$425.00,$0.00,$425.00,No,$0.00,$35.00
DEMO-J-000151,Leak,Leak under the sink,Completed,Scheduled,phone,DEMO-E-00003,12/3/2025 3:11 PM,12/5/2025 3:53 PM,,,,,,DEMO-C-00012,Kasey McClure,DEMO-L-00014,Plumbing,,DEMO-I-000142,12/5/2025,12/5/2025,Paid,,Leak under the sink,"$1,415.00",$0.00,$62.65,"$1,477.65",$0.00,12/5/2025 4:07 PM,DEMO-IL-000315,3,WTR-LEAKVALVE,Equipment,Leak-detection shut-off valve,1,$895.00,$0.00,$895.00,Yes,$62.65,$290.00
DEMO-J-000152,Water Heater,No hot water,Completed,Scheduled,phone,DEMO-E-00002,12/2/2025 12:55 PM,12/5/2025 3:29 PM,,,,,,DEMO-C-00013,Jessica Waters,DEMO-L-00015,Plumbing,,DEMO-I-000143,12/5/2025,12/5/2025,Paid,,No hot water,"$5,085.00",$843.00,$296.94,"$4,538.94",$0.00,12/24/2025 4:03 PM,DEMO-IL-000316,1,PL-DIAG,Service,Plumbing diagnostic / service call,1,$95.00,$95.00,$0.00,No,$0.00,$0.00
DEMO-J-000152,Water Heater,No hot water,Completed,Scheduled,phone,DEMO-E-00002,12/2/2025 12:55 PM,12/5/2025 3:29 PM,,,,,,DEMO-C-00013,Jessica Waters,DEMO-L-00015,Plumbing,,DEMO-I-000143,12/5/2025,12/5/2025,Paid,,No hot water,"$5,085.00",$843.00,$296.94,"$4,538.94",$0.00,12/24/2025 4:03 PM,DEMO-IL-000317,2,PL-WH40,Equipment,40-gallon water heater (installed),1,"$2,195.00",$329.00,"$1,866.00",Yes,$130.62,$780.00
DEMO-J-000152,Water Heater,No hot water,Completed,Scheduled,phone,DEMO-E-00002,12/2/2025 12:55 PM,12/5/2025 3:29 PM,,,,,,DEMO-C-00013,Jessica Waters,DEMO-L-00015,Plumbing,,DEMO-I-000143,12/5/2025,12/5/2025,Paid,,No hot water,"$5,085.00",$843.00,$296.94,"$4,538.94",$0.00,12/24/2025 4:03 PM,DEMO-IL-000318,3,WTR-SOFT,Equipment,Water softener,1,"$2,795.00",$419.00,"$2,376.00",Yes,$166.32,$980.00
DEMO-J-000153,Other,Disposal not working,Completed,Scheduled,phone,DEMO-E-00003,12/4/2025 3:18 PM,12/5/2025 5:38 PM,,,,,,DEMO-C-00026,Cara Beatty,DEMO-L-00028,Plumbing,,DEMO-I-000144,12/5/2025,12/5/2025,Paid,,Disposal not working,$590.00,$169.00,$0.00,$421.00,$0.00,12/5/2025 5:56 PM,DEMO-IL-000319,1,PL-DIAG,Service,Plumbing diagnostic / service call,1,$95.00,$95.00,$0.00,No,$0.00,$0.00
DEMO-J-000153,Other,Disposal not working,Completed,Scheduled,phone,DEMO-E-00003,12/4/2025 3:18 PM,12/5/2025 5:38 PM,,,,,,DEMO-C-00026,Cara Beatty,DEMO-L-00028,Plumbing,,DEMO-I-000144,12/5/2025,12/5/2025,Paid,,Disposal not working,$590.00,$169.00,$0.00,$421.00,$0.00,12/5/2025 5:56 PM,DEMO-IL-000320,2,PL-DISPOSAL,Service,Replace garbage disposal,1,$495.00,$74.00,$421.00,No,$0.00,$140.00
DEMO-J-000154,No Heat,No heat,Completed,Emergency,phone,DEMO-E-00003,12/6/2025 7:58 AM,12/6/2025 12:31 PM,,,,,,DEMO-C-00019,Phil Runte,DEMO-L-00021,HVAC Service,,DEMO-I-000145,12/6/2025,12/6/2025,Paid,,No heat,$790.00,$0.00,$0.00,$790.00,$0.00,12/6/2025 12:50 PM,DEMO-IL-000321,1,HVAC-DIAG,Service,HVAC diagnostic / service call,1,$95.00,$0.00,$95.00,No,$0.00,$0.00
DEMO-J-000154,No Heat,No heat,Completed,Emergency,phone,DEMO-E-00003,12/6/2025 7:58 AM,12/6/2025 12:31 PM,,,,,,DEMO-C-00019,Phil Runte,DEMO-L-00021,HVAC Service,,DEMO-I-000145,12/6/2025,12/6/2025,Paid,,No heat,$790.00,$0.00,$0.00,$790.00,$0.00,12/6/2025 12:50 PM,DEMO-IL-000322,2,HVAC-DEFROST,Service,Replace heat pump defrost board,1,$695.00,$0.00,$695.00,No,$0.00,$140.00
DEMO-J-000155,Water Heater,Water heater leaking,Completed,Emergency,phone,DEMO-E-00003,12/6/2025 8:29 AM,12/6/2025 2:17 PM,,,,,,DEMO-C-00008,Katelyn Thompson,DEMO-L-00009,Plumbing,,DEMO-I-000146,12/6/2025,12/6/2025,Paid,,Water heater leaking,"$2,590.00",$0.00,$174.65,"$2,764.65",$0.00,12/6/2025 2:22 PM,DEMO-IL-000323,1,PL-DIAG,Service,Plumbing diagnostic / service call,1,$95.00,$0.00,$95.00,No,$0.00,$0.00
DEMO-J-000155,Water Heater,Water heater leaking,Completed,Emergency,phone,DEMO-E-00003,12/6/2025 8:29 AM,12/6/2025 2:17 PM,,,,,,DEMO-C-00008,Katelyn Thompson,DEMO-L-00009,Plumbing,,DEMO-I-000146,12/6/2025,12/6/2025,Paid,,Water heater leaking,"$2,590.00",$0.00,$174.65,"$2,764.65",$0.00,12/6/2025 2:22 PM,DEMO-IL-000324,2,PL-WH50,Equipment,50-gallon water heater (installed),1,"$2,495.00",$0.00,"$2,495.00",Yes,$174.65,$890.00
DEMO-J-000156,Other,Sump pump not running,Completed,Emergency,phone,DEMO-E-00003,12/6/2025 12:07 PM,12/6/2025 6:17 PM,,,,,,DEMO-C-00023,Declan Jaskolski,DEMO-L-00025,Plumbing,,DEMO-I-000147,12/6/2025,12/6/2025,Paid,,Sump pump not running,$990.00,$0.00,$0.00,$990.00,$0.00,12/6/2025 6:37 PM,DEMO-IL-000325,1,PL-DIAG,Service,Plumbing diagnostic / service call,1,$95.00,$0.00,$95.00,No,$0.00,$0.00
DEMO-J-000156,Other,Sump pump not running,Completed,Emergency,phone,DEMO-E-00003,12/6/2025 12:07 PM,12/6/2025 6:17 PM,,,,,,DEMO-C-00023,Declan Jaskolski,DEMO-L-00025,Plumbing,,DEMO-I-000147,12/6/2025,12/6/2025,Paid,,Sump pump not running,$990.00,$0.00,$0.00,$990.00,$0.00,12/6/2025 6:37 PM,DEMO-IL-000326,2,PL-SUMP,Service,Replace sump pump,1,$895.00,$0.00,$895.00,No,$0.00,$240.00
DEMO-J-000157,New Construction,"New construction HVAC, lot 1",In Progress,Scheduled,builder,DEMO-E-00002,12/8/2025 10:00 AM,,,,,,,DEMO-C-00060,Cypress Point Homes LLC,DEMO-L-00082,New Construction,PO-61588,DEMO-I-000148,12/8/2025,1/7/2026,Paid,Deposit,"New construction HVAC, lot 1","$2,550.00",$0.00,$0.00,"$2,550.00",$0.00,12/29/2025 11:00 AM,DEMO-IL-000327,1,NC-HVAC-HOME,Service,"New construction HVAC, per home: deposit (25%)",1,"$2,550.00",$0.00,"$2,550.00",No,$0.00,$0.00
DEMO-J-000157,New Construction,"New construction HVAC, lot 1",In Progress,Scheduled,builder,DEMO-E-00002,12/8/2025 10:00 AM,,,,,,,DEMO-C-00060,Cypress Point Homes LLC,DEMO-L-00082,New Construction,PO-61588,DEMO-I-000362,1/2/2026,2/1/2026,Open,Rough-In,"New construction HVAC, lot 1","$3,570.00",$0.00,$0.00,"$3,570.00","$3,570.00",,DEMO-IL-000800,1,NC-HVAC-HOME,Service,"New construction HVAC, per home: rough-in (35%)",1,"$3,570.00",$0.00,"$3,570.00",No,$0.00,"$3,060.00"
DEMO-J-000158,No Heat,Strange smell from furnace,Completed,Scheduled,phone,DEMO-E-00003,12/2/2025 11:22 AM,12/8/2025 9:40 AM,,,,,,DEMO-C-00006,Inez McLaughlin,DEMO-L-00007,HVAC Service,,DEMO-I-000149,12/8/2025,12/8/2025,Paid,,Strange smell from furnace,$790.00,$0.00,$0.00,$790.00,$0.00,12/8/2025 9:57 AM,DEMO-IL-000328,1,HVAC-DIAG,Service,HVAC diagnostic / service call,1,$95.00,$0.00,$95.00,No,$0.00,$0.00
DEMO-J-000158,No Heat,Strange smell from furnace,Completed,Scheduled,phone,DEMO-E-00003,12/2/2025 11:22 AM,12/8/2025 9:40 AM,,,,,,DEMO-C-00006,Inez McLaughlin,DEMO-L-00007,HVAC Service,,DEMO-I-000149,12/8/2025,12/8/2025,Paid,,Strange smell from furnace,$790.00,$0.00,$0.00,$790.00,$0.00,12/8/2025 9:57 AM,DEMO-IL-000329,2,HVAC-DEFROST,Service,Replace heat pump defrost board,1,$695.00,$0.00,$695.00,No,$0.00,$140.00
DEMO-J-000159,Other,Indoor air quality consultation,Completed,Scheduled,phone,DEMO-E-00003,12/6/2025 1:34 PM,12/8/2025 12:31 PM,,,,,,DEMO-C-00013,Jessica Waters,DEMO-L-00015,HVAC Service,,DEMO-I-000150,12/8/2025,12/8/2025,Paid,,Indoor air quality consultation,"$1,585.00",$318.00,$88.69,"$1,355.69",$0.00,12/8/2025 12:50 PM,DEMO-IL-000330,1,HVAC-DIAG,Service,HVAC diagnostic / service call,1,$95.00,$95.00,$0.00,No,$0.00,$0.00
DEMO-J-000159,Other,Indoor air quality consultation,Completed,Scheduled,phone,DEMO-E-00003,12/6/2025 1:34 PM,12/8/2025 12:31 PM,,,,,,DEMO-C-00013,Jessica Waters,DEMO-L-00015,HVAC Service,,DEMO-I-000150,12/8/2025,12/8/2025,Paid,,Indoor air quality consultation,"$1,585.00",$318.00,$88.69,"$1,355.69",$0.00,12/8/2025 12:50 PM,DEMO-IL-000331,2,IAQ-PURIFIER,Equipment,Whole-home air purifier,1,"$1,195.00",$179.00,"$1,016.00",Yes,$71.12,$360.00
DEMO-J-000159,Other,Indoor air quality consultation,Completed,Scheduled,phone,DEMO-E-00003,12/6/2025 1:34 PM,12/8/2025 12:31 PM,,,,,,DEMO-C-00013,Jessica Waters,DEMO-L-00015,HVAC Service,,DEMO-I-000150,12/8/2025,12/8/2025,Paid,,Indoor air quality consultation,"$1,585.00",$318.00,$88.69,"$1,355.69",$0.00,12/8/2025 12:50 PM,DEMO-IL-000332,3,ELEC-SURGE,Equipment,HVAC surge protector,1,$295.00,$44.00,$251.00,Yes,$17.57,$45.00
DEMO-J-000160,No Heat,Furnace short cycling,Completed,Emergency,phone,DEMO-E-00001,12/8/2025 7:00 AM,12/8/2025 10:11 AM,,,,,,DEMO-C-00010,Alize Cassin,DEMO-L-00012,HVAC Service,,DEMO-I-000151,12/8/2025,12/8/2025,Paid,,Furnace short cycling,$790.00,$0.00,$0.00,$790.00,$0.00,12/8/2025 10:21 AM,DEMO-IL-000333,1,HVAC-DIAG,Service,HVAC diagnostic / service call,1,$95.00,$0.00,$95.00,No,$0.00,$0.00
DEMO-J-000160,No Heat,Furnace short cycling,Completed,Emergency,phone,DEMO-E-00001,12/8/2025 7:00 AM,12/8/2025 10:11 AM,,,,,,DEMO-C-00010,Alize Cassin,DEMO-L-00012,HVAC Service,,DEMO-I-000151,12/8/2025,12/8/2025,Paid,,Furnace short cycling,$790.00,$0.00,$0.00,$790.00,$0.00,12/8/2025 10:21 AM,DEMO-IL-000334,2,HVAC-DEFROST,Service,Replace heat pump defrost board,1,$695.00,$0.00,$695.00,No,$0.00,$140.00
DEMO-J-000161,No Heat,Strange smell from furnace,Completed,Scheduled,web,DEMO-E-00003,12/3/2025 3:33 PM,12/8/2025 12:51 PM,,,,,,DEMO-C-00011,Cole Flatley,DEMO-L-00013,HVAC Service,,DEMO-I-000152,12/8/2025,12/8/2025,Paid,,Strange smell from furnace,$629.00,$175.00,$0.00,$454.00,$0.00,12/8/2025 1:05 PM,DEMO-IL-000335,1,HVAC-DIAG,Service,HVAC diagnostic / service call,1,$95.00,$95.00,$0.00,No,$0.00,$0.00
DEMO-J-000161,No Heat,Strange smell from furnace,Completed,Scheduled,web,DEMO-E-00003,12/3/2025 3:33 PM,12/8/2025 12:51 PM,,,,,,DEMO-C-00011,Cole Flatley,DEMO-L-00013,HVAC Service,,DEMO-I-000152,12/8/2025,12/8/2025,Paid,,Strange smell from furnace,$629.00,$175.00,$0.00,$454.00,$0.00,12/8/2025 1:05 PM,DEMO-IL-000336,2,HVAC-FLAME,Service,Clean or replace flame sensor,1,$189.00,$28.00,$161.00,No,$0.00,$15.00
DEMO-J-000161,No Heat,Strange smell from furnace,Completed,Scheduled,web,DEMO-E-00003,12/3/2025 3:33 PM,12/8/2025 12:51 PM,,,,,,DEMO-C-00011,Cole Flatley,DEMO-L-00013,HVAC Service,,DEMO-I-000152,12/8/2025,12/8/2025,Paid,,Strange smell from furnace,$629.00,$175.00,$0.00,$454.00,$0.00,12/8/2025 1:05 PM,DEMO-IL-000337,3,HVAC-IGN,Service,Replace hot surface ignitor,1,$345.00,$52.00,$293.00,No,$0.00,$38.00
DEMO-J-000162,No Heat,Strange smell from furnace,Completed,Scheduled,phone,DEMO-E-00003,12/4/2025 9:40 AM,12/8/2025 9:19 AM,,,,,,DEMO-C-00020,Seth King,DEMO-L-00022,HVAC Service,,DEMO-I-000153,12/8/2025,12/8/2025,Paid,,Strange smell from furnace,$190.00,$109.00,$5.67,$86.67,$0.00,12/8/2025 9:28 AM,DEMO-IL-000338,1,HVAC-DIAG,Service,HVAC diagnostic / service call,1,$95.00,$95.00,$0.00,No,$0.00,$0.00
DEMO-J-000162,No Heat,Strange smell from furnace,Completed,Scheduled,phone,DEMO-E-00003,12/4/2025 9:40 AM,12/8/2025 9:19 AM,,,,,,DEMO-C-00020,Seth King,DEMO-L-00022,HVAC Service,,DEMO-I-000153,12/8/2025,12/8/2025,Paid,,Strange smell from furnace,$190.00,$109.00,$5.67,$86.67,$0.00,12/8/2025 9:28 AM,DEMO-IL-000339,2,HVAC-FILTER,Material,Media filter replacement,1,$95.00,$14.00,$81.00,Yes,$5.67,$28.00
DEMO-J-000163,No Cooling,Outdoor unit not running,Completed,Scheduled,phone,DEMO-E-00001,12/5/2025 4:49 PM,12/8/2025 10:54 AM,,,,,,DEMO-C-00013,Jessica Waters,DEMO-L-00015,HVAC Service,,DEMO-I-000154,12/8/2025,12/8/2025,Paid,,Outdoor unit not running,$284.00,$123.00,$0.00,$161.00,$0.00,12/8/2025 11:11 AM,DEMO-IL-000340,1,HVAC-DIAG,Service,HVAC diagnostic / service call,1,$95.00,$95.00,$0.00,No,$0.00,$0.00
DEMO-J-000163,No Cooling,Outdoor unit not running,Completed,Scheduled,phone,DEMO-E-00001,12/5/2025 4:49 PM,12/8/2025 10:54 AM,,,,,,DEMO-C-00013,Jessica Waters,DEMO-L-00015,HVAC Service,,DEMO-I-000154,12/8/2025,12/8/2025,Paid,,Outdoor unit not running,$284.00,$123.00,$0.00,$161.00,$0.00,12/8/2025 11:11 AM,DEMO-IL-000341,2,HVAC-DRAIN,Service,Clear condensate drain line,1,$189.00,$28.00,$161.00,No,$0.00,$6.00
DEMO-J-000164,No Heat,Strange smell from furnace,Completed,Scheduled,phone,DEMO-E-00003,12/2/2025 2:42 PM,12/8/2025 11:07 AM,,,,,,DEMO-C-00012,Kasey McClure,DEMO-L-00014,HVAC Service,,DEMO-I-000155,12/8/2025,12/8/2025,Open,,Strange smell from furnace,"$1,245.00",$0.00,$0.00,"$1,245.00","$1,245.00",,DEMO-IL-000342,1,HVAC-DIAG,Service,HVAC diagnostic / service call,1,$95.00,$0.00,$95.00,No,$0.00,$0.00
DEMO-J-000164,No Heat,Strange smell from furnace,Completed,Scheduled,phone,DEMO-E-00003,12/2/2025 2:42 PM,12/8/2025 11:07 AM,,,,,,DEMO-C-00012,Kasey McClure,DEMO-L-00014,HVAC Service,,DEMO-I-000155,12/8/2025,12/8/2025,Open,,Strange smell from furnace,"$1,245.00",$0.00,$0.00,"$1,245.00","$1,245.00",,DEMO-IL-000343,2,HVAC-BLWMTR,Service,Replace blower motor (PSC),1,"$1,150.00",$0.00,"$1,150.00",No,$0.00,$260.00
DEMO-J-000165,No Heat,No heat,Completed,Scheduled,phone,DEMO-E-00002,12/6/2025 2:11 PM,12/8/2025 1:46 PM,,,,,,DEMO-C-00021,Silas Bauch,DEMO-L-00023,HVAC Service,,DEMO-I-000156,12/8/2025,12/8/2025,Paid,,No heat,"$1,545.00",$0.00,$0.00,"$1,545.00",$0.00,12/8/2025 2:03 PM,DEMO-IL-000344,1,HVAC-DIAG,Service,HVAC diagnostic / service call,1,$95.00,$0.00,$95.00,No,$0.00,$0.00
DEMO-J-000165,No Heat,No heat,Completed,Scheduled,phone,DEMO-E-00002,12/6/2025 2:11 PM,12/8/2025 1:46 PM,,,,,,DEMO-C-00021,Silas Bauch,DEMO-L-00023,HVAC Service,,DEMO-I-000156,12/8/2025,12/8/2025,Paid,,No heat,"$1,545.00",$0.00,$0.00,"$1,545.00",$0.00,12/8/2025 2:03 PM,DEMO-IL-000345,2,HVAC-BOARD,Service,Replace control board,1,"$1,450.00",$0.00,"$1,450.00",No,$0.00,$310.00
DEMO-J-000166,Other,Disposal not working,Completed,Scheduled,phone,DEMO-E-00003,12/6/2025 11:41 AM,12/8/2025 9:40 AM,,,,,,DEMO-C-00022,Clementina Jacobson,DEMO-L-00024,Plumbing,,DEMO-I-000157,12/8/2025,12/8/2025,Paid,,Disposal not working,$440.00,$0.00,$0.00,$440.00,$0.00,12/8/2025 9:54 AM,DEMO-IL-000346,1,PL-DIAG,Service,Plumbing diagnostic / service call,1,$95.00,$0.00,$95.00,No,$0.00,$0.00
DEMO-J-000166,Other,Disposal not working,Completed,Scheduled,phone,DEMO-E-00003,12/6/2025 11:41 AM,12/8/2025 9:40 AM,,,,,,DEMO-C-00022,Clementina Jacobson,DEMO-L-00024,Plumbing,,DEMO-I-000157,12/8/2025,12/8/2025,Paid,,Disposal not working,$440.00,$0.00,$0.00,$440.00,$0.00,12/8/2025 9:54 AM,DEMO-IL-000347,2,PL-FAUCET,Service,Replace faucet,1,$345.00,$0.00,$345.00,No,$0.00,$95.00
DEMO-J-000167,Other,Faucet dripping,Completed,Scheduled,phone,DEMO-E-00003,12/7/2025 1:34 PM,12/8/2025 11:32 AM,,,,,,DEMO-C-00014,Haskell Bauch,DEMO-L-00016,Plumbing,,DEMO-I-000158,12/8/2025,12/8/2025,Paid,,Faucet dripping,$340.00,$0.00,$0.00,$340.00,$0.00,12/8/2025 11:51 AM,DEMO-IL-000348,1,PL-DIAG,Service,Plumbing diagnostic / service call,1,$95.00,$0.00,$95.00,No,$0.00,$0.00
DEMO-J-000167,Other,Faucet dripping,Completed,Scheduled,phone,DEMO-E-00003,12/7/2025 1:34 PM,12/8/2025 11:32 AM,,,,,,DEMO-C-00014,Haskell Bauch,DEMO-L-00016,Plumbing,,DEMO-I-000158,12/8/2025,12/8/2025,Paid,,Faucet dripping,$340.00,$0.00,$0.00,$340.00,$0.00,12/8/2025 11:51 AM,DEMO-IL-000349,2,PL-TOILET,Service,Rebuild toilet,1,$245.00,$0.00,$245.00,No,$0.00,$35.00
DEMO-J-000168,Water Heater,Water heater making noise,Completed,Scheduled,phone,DEMO-E-00003,12/2/2025 10:22 AM,12/8/2025 10:13 AM,,,,,,DEMO-C-00014,Haskell Bauch,DEMO-L-00016,Plumbing,,DEMO-I-000159,12/8/2025,12/8/2025,Paid,,Water heater making noise,$520.00,$0.00,$0.00,$520.00,$0.00,12/8/2025 10:26 AM,DEMO-IL-000350,1,PL-DIAG,Service,Plumbing diagnostic / service call,1,$95.00,$0.00,$95.00,No,$0.00,$0.00
DEMO-J-000168,Water Heater,Water heater making noise,Completed,Scheduled,phone,DEMO-E-00003,12/2/2025 10:22 AM,12/8/2025 10:13 AM,,,,,,DEMO-C-00014,Haskell Bauch,DEMO-L-00016,Plumbing,,DEMO-I-000159,12/8/2025,12/8/2025,Paid,,Water heater making noise,$520.00,$0.00,$0.00,$520.00,$0.00,12/8/2025 10:26 AM,DEMO-IL-000351,2,PL-LEAK,Service,Repair pipe leak,1,$425.00,$0.00,$425.00,No,$0.00,$35.00
DEMO-J-000169,Leak,Leak under the sink,Completed,Today,phone,DEMO-E-00003,12/8/2025 8:39 AM,12/8/2025 2:16 PM,,,,,,DEMO-C-00020,Seth King,DEMO-L-00022,Plumbing,,DEMO-I-000160,12/8/2025,12/8/2025,Paid,,Leak under the sink,"$1,415.00",$293.00,$53.27,"$1,175.27",$0.00,12/8/2025 2:19 PM,DEMO-IL-000352,1,PL-DIAG,Service,Plumbing diagnostic / service call,1,$95.00,$95.00,$0.00,No,$0.00,$0.00
DEMO-J-000169,Leak,Leak under the sink,Completed,Today,phone,DEMO-E-00003,12/8/2025 8:39 AM,12/8/2025 2:16 PM,,,,,,DEMO-C-00020,Seth King,DEMO-L-00022,Plumbing,,DEMO-I-000160,12/8/2025,12/8/2025,Paid,,Leak under the sink,"$1,415.00",$293.00,$53.27,"$1,175.27",$0.00,12/8/2025 2:19 PM,DEMO-IL-000353,2,PL-LEAK,Service,Repair pipe leak,1,$425.00,$64.00,$361.00,No,$0.00,$35.00
DEMO-J-000169,Leak,Leak under the sink,Completed,Today,phone,DEMO-E-00003,12/8/2025 8:39 AM,12/8/2025 2:16 PM,,,,,,DEMO-C-00020,Seth King,DEMO-L-00022,Plumbing,,DEMO-I-000160,12/8/2025,12/8/2025,Paid,,Leak under the sink,"$1,415.00",$293.00,$53.27,"$1,175.27",$0.00,12/8/2025 2:19 PM,DEMO-IL-000354,3,WTR-LEAKVALVE,Equipment,Leak-detection shut-off valve,1,$895.00,$134.00,$761.00,Yes,$53.27,$290.00
DEMO-J-000170,Other,Toilet running,Completed,Scheduled,phone,DEMO-E-00003,12/3/2025 8:27 AM,12/8/2025 10:34 AM,,,,,,DEMO-C-00006,Inez McLaughlin,DEMO-L-00007,Plumbing,,DEMO-I-000161,12/8/2025,12/8/2025,Paid,,Toilet running,$590.00,$0.00,$0.00,$590.00,$0.00,12/8/2025 10:52 AM,DEMO-IL-000355,1,PL-DIAG,Service,Plumbing diagnostic / service call,1,$95.00,$0.00,$95.00,No,$0.00,$0.00
DEMO-J-000170,Other,Toilet running,Completed,Scheduled,phone,DEMO-E-00003,12/3/2025 8:27 AM,12/8/2025 10:34 AM,,,,,,DEMO-C-00006,Inez McLaughlin,DEMO-L-00007,Plumbing,,DEMO-I-000161,12/8/2025,12/8/2025,Paid,,Toilet running,$590.00,$0.00,$0.00,$590.00,$0.00,12/8/2025 10:52 AM,DEMO-IL-000356,2,PL-DISPOSAL,Service,Replace garbage disposal,1,$495.00,$0.00,$495.00,No,$0.00,$140.00
DEMO-J-000171,Tune Up,Fall heating tune-up,Completed,Scheduled,membership,DEMO-E-00003,12/3/2025 8:33 AM,12/8/2025 12:13 PM,,,,,,DEMO-C-00011,Cole Flatley,DEMO-L-00013,HVAC Service,,DEMO-I-000162,12/8/2025,12/8/2025,Paid,,Fall heating tune-up,$129.00,$129.00,$0.00,$0.00,$0.00,12/8/2025 12:13 PM,DEMO-IL-000357,1,HVAC-TUNE-HT,Service,Heating tune-up (fall heating),1,$129.00,$129.00,$0.00,No,$0.00,$8.00
DEMO-J-000172,No Heat,Heat pump blowing cold air,Completed,Today,web,DEMO-E-00003,12/9/2025 7:00 AM,12/9/2025 10:55 AM,,,,,,DEMO-C-00024,Jared Thiel,DEMO-L-00026,HVAC Service,,DEMO-I-000163,12/9/2025,12/9/2025,Paid,,Heat pump blowing cold air,"$1,245.00",$267.00,$0.00,$978.00,$0.00,12/9/2025 11:10 AM,DEMO-IL-000358,1,HVAC-DIAG,Service,HVAC diagnostic / service call,1,$95.00,$95.00,$0.00,No,$0.00,$0.00
DEMO-J-000172,No Heat,Heat pump blowing cold air,Completed,Today,web,DEMO-E-00003,12/9/2025 7:00 AM,12/9/2025 10:55 AM,,,,,,DEMO-C-00024,Jared Thiel,DEMO-L-00026,HVAC Service,,DEMO-I-000163,12/9/2025,12/9/2025,Paid,,Heat pump blowing cold air,"$1,245.00",$267.00,$0.00,$978.00,$0.00,12/9/2025 11:10 AM,DEMO-IL-000359,2,HVAC-BLWMTR,Service,Replace blower motor (PSC),1,"$1,150.00",$172.00,$978.00,No,$0.00,$260.00
DEMO-J-000173,No Heat,Heat pump blowing cold air,Completed,Scheduled,phone,DEMO-E-00003,12/7/2025 3:47 PM,12/9/2025 10:09 AM,,,,,,DEMO-C-00008,Katelyn Thompson,DEMO-L-00009,HVAC Service,,DEMO-I-000164,12/9/2025,12/9/2025,Paid,,Heat pump blowing cold air,"$1,545.00",$0.00,$0.00,"$1,545.00",$0.00,12/9/2025 10:27 AM,DEMO-IL-000360,1,HVAC-DIAG,Service,HVAC diagnostic / service call,1,$95.00,$0.00,$95.00,No,$0.00,$0.00
DEMO-J-000173,No Heat,Heat pump blowing cold air,Completed,Scheduled,phone,DEMO-E-00003,12/7/2025 3:47 PM,12/9/2025 10:09 AM,,,,,,DEMO-C-00008,Katelyn Thompson,DEMO-L-00009,HVAC Service,,DEMO-I-000164,12/9/2025,12/9/2025,Paid,,Heat pump blowing cold air,"$1,545.00",$0.00,$0.00,"$1,545.00",$0.00,12/9/2025 10:27 AM,DEMO-IL-000361,2,HVAC-BOARD,Service,Replace control board,1,"$1,450.00",$0.00,"$1,450.00",No,$0.00,$310.00
DEMO-J-000174,No Heat,Furnace short cycling,Completed,Scheduled,phone,DEMO-E-00003,12/8/2025 8:03 AM,12/9/2025 12:26 PM,,,,,,DEMO-C-00024,Jared Thiel,DEMO-L-00026,HVAC Service,,DEMO-I-000165,12/9/2025,12/9/2025,Paid,,Furnace short cycling,$284.00,$123.00,$0.00,$161.00,$0.00,12/9/2025 12:31 PM,DEMO-IL-000362,1,HVAC-DIAG,Service,HVAC diagnostic / service call,1,$95.00,$95.00,$0.00,No,$0.00,$0.00
DEMO-J-000174,No Heat,Furnace short cycling,Completed,Scheduled,phone,DEMO-E-00003,12/8/2025 8:03 AM,12/9/2025 12:26 PM,,,,,,DEMO-C-00024,Jared Thiel,DEMO-L-00026,HVAC Service,,DEMO-I-000165,12/9/2025,12/9/2025,Paid,,Furnace short cycling,$284.00,$123.00,$0.00,$161.00,$0.00,12/9/2025 12:31 PM,DEMO-IL-000363,2,HVAC-FLAME,Service,Clean or replace flame sensor,1,$189.00,$28.00,$161.00,No,$0.00,$15.00
DEMO-J-000175,Install,System replacement install,Completed,Scheduled,replacement_sale,DEMO-E-00003,12/9/2025 1:41 PM,12/30/2025 3:28 PM,DEMO-E-00005,,,,,DEMO-C-00024,Jared Thiel,DEMO-L-00026,HVAC Replacement,,DEMO-I-000342,12/30/2025,12/30/2025,Paid,,System replacement,"$15,290.00",$852.00,$17.57,"$14,455.57",$0.00,1/3/2026 2:00 PM,DEMO-IL-000755,1,EQ-AC-3T,Equipment,"14.3 SEER2 AC and coil, 3 ton (installed)",1,"$7,950.00",$397.00,"$7,553.00",No,$0.00,"$3,300.00"
DEMO-J-000175,Install,System replacement install,Completed,Scheduled,replacement_sale,DEMO-E-00003,12/9/2025 1:41 PM,12/30/2025 3:28 PM,DEMO-E-00005,,,,,DEMO-C-00024,Jared Thiel,DEMO-L-00026,HVAC Replacement,,DEMO-I-000342,12/30/2025,12/30/2025,Paid,,System replacement,"$15,290.00",$852.00,$17.57,"$14,455.57",$0.00,1/3/2026 2:00 PM,DEMO-IL-000756,2,EQ-FURN-96,Equipment,96% gas furnace (installed),1,"$6,450.00",$322.00,"$6,128.00",No,$0.00,"$2,200.00"
DEMO-J-000175,Install,System replacement install,Completed,Scheduled,replacement_sale,DEMO-E-00003,12/9/2025 1:41 PM,12/30/2025 3:28 PM,DEMO-E-00005,,,,,DEMO-C-00024,Jared Thiel,DEMO-L-00026,HVAC Replacement,,DEMO-I-000342,12/30/2025,12/30/2025,Paid,,System replacement,"$15,290.00",$852.00,$17.57,"$14,455.57",$0.00,1/3/2026 2:00 PM,DEMO-IL-000757,3,ELEC-SURGE,Equipment,HVAC surge protector,1,$295.00,$44.00,$251.00,Yes,$17.57,$45.00
DEMO-J-000175,Install,System replacement install,Completed,Scheduled,replacement_sale,DEMO-E-00003,12/9/2025 1:41 PM,12/30/2025 3:28 PM,DEMO-E-00005,,,,,DEMO-C-00024,Jared Thiel,DEMO-L-00026,HVAC Replacement,,DEMO-I-000342,12/30/2025,12/30/2025,Paid,,System replacement,"$15,290.00",$852.00,$17.57,"$14,455.57",$0.00,1/3/2026 2:00 PM,DEMO-IL-000758,4,HVAC-SMART,Service,Install smart thermostat,1,$595.00,$89.00,$506.00,No,$0.00,$165.00
DEMO-J-000176,No Heat,Heat pump blowing cold air,Completed,Scheduled,phone,DEMO-E-00003,12/6/2025 1:59 PM,12/9/2025 9:24 AM,,,,,,DEMO-C-00007,Roxane Williamson,DEMO-L-00008,HVAC Service,,DEMO-I-000166,12/9/2025,12/9/2025,Paid,,Heat pump blowing cold air,$440.00,$0.00,$0.00,$440.00,$0.00,12/9/2025 9:35 AM,DEMO-IL-000364,1,HVAC-DIAG,Service,HVAC diagnostic / service call,1,$95.00,$0.00,$95.00,No,$0.00,$0.00
DEMO-J-000176,No Heat,Heat pump blowing cold air,Completed,Scheduled,phone,DEMO-E-00003,12/6/2025 1:59 PM,12/9/2025 9:24 AM,,,,,,DEMO-C-00007,Roxane Williamson,DEMO-L-00008,HVAC Service,,DEMO-I-000166,12/9/2025,12/9/2025,Paid,,Heat pump blowing cold air,$440.00,$0.00,$0.00,$440.00,$0.00,12/9/2025 9:35 AM,DEMO-IL-000365,2,HVAC-IGN,Service,Replace hot surface ignitor,1,$345.00,$0.00,$345.00,No,$0.00,$38.00
DEMO-J-000177,No Heat,Heat pump blowing cold air,Completed,Scheduled,phone,DEMO-E-00003,12/6/2025 11:39 AM,12/9/2025 12:19 PM,,,,,,DEMO-C-00028,Freida Kohler,DEMO-L-00030,HVAC Service,,DEMO-I-000167,12/9/2025,12/9/2025,Paid,,Heat pump blowing cold air,"$2,140.00",$401.00,$0.00,"$1,739.00",$0.00,12/9/2025 12:36 PM,DEMO-IL-000366,1,HVAC-DIAG,Service,HVAC diagnostic / service call,1,$95.00,$95.00,$0.00,No,$0.00,$0.00
DEMO-J-000177,No Heat,Heat pump blowing cold air,Completed,Scheduled,phone,DEMO-E-00003,12/6/2025 11:39 AM,12/9/2025 12:19 PM,,,,,,DEMO-C-00028,Freida Kohler,DEMO-L-00030,HVAC Service,,DEMO-I-000167,12/9/2025,12/9/2025,Paid,,Heat pump blowing cold air,"$2,140.00",$401.00,$0.00,"$1,739.00",$0.00,12/9/2025 12:36 PM,DEMO-IL-000367,2,HVAC-BOARD,Service,Replace control board,1,"$1,450.00",$217.00,"$1,233.00",No,$0.00,$310.00
DEMO-J-000177,No Heat,Heat pump blowing cold air,Completed,Scheduled,phone,DEMO-E-00003,12/6/2025 11:39 AM,12/9/2025 12:19 PM,,,,,,DEMO-C-00028,Freida Kohler,DEMO-L-00030,HVAC Service,,DEMO-I-000167,12/9/2025,12/9/2025,Paid,,Heat pump blowing cold air,"$2,140.00",$401.00,$0.00,"$1,739.00",$0.00,12/9/2025 12:36 PM,DEMO-IL-000368,3,HVAC-SMART,Service,Install smart thermostat,1,$595.00,$89.00,$506.00,No,$0.00,$165.00
DEMO-J-000178,Water Heater,Water heater making noise,Completed,Scheduled,phone,DEMO-E-00003,12/8/2025 3:31 PM,12/9/2025 9:35 AM,,,,,,DEMO-C-00011,Cole Flatley,DEMO-L-00013,Plumbing,,DEMO-I-000168,12/9/2025,12/9/2025,Paid,,Water heater making noise,$520.00,$159.00,$0.00,$361.00,$0.00,12/9/2025 9:52 AM,DEMO-IL-000369,1,PL-DIAG,Service,Plumbing diagnostic / service call,1,$95.00,$95.00,$0.00,No,$0.00,$0.00
DEMO-J-000178,Water Heater,Water heater making noise,Completed,Scheduled,phone,DEMO-E-00003,12/8/2025 3:31 PM,12/9/2025 9:35 AM,,,,,,DEMO-C-00011,Cole Flatley,DEMO-L-00013,Plumbing,,DEMO-I-000168,12/9/2025,12/9/2025,Paid,,Water heater making noise,$520.00,$159.00,$0.00,$361.00,$0.00,12/9/2025 9:52 AM,DEMO-IL-000370,2,PL-LEAK,Service,Repair pipe leak,1,$425.00,$64.00,$361.00,No,$0.00,$35.00
DEMO-J-000179,Drain,Tub draining slowly,Completed,Today,phone,DEMO-E-00003,12/9/2025 7:23 AM,12/9/2025 11:21 AM,,,,,,DEMO-C-00028,Freida Kohler,DEMO-L-00030,Plumbing,,DEMO-I-000169,12/9/2025,12/9/2025,Paid,,Tub draining slowly,$225.00,$34.00,$0.00,$191.00,$0.00,12/9/2025 11:39 AM,DEMO-IL-000371,1,PL-DRAIN-SM,Service,Clear sink or tub drain,1,$225.00,$34.00,$191.00,No,$0.00,$5.00
DEMO-J-000180,Other,Disposal not working,Completed,Scheduled,phone,DEMO-E-00003,12/5/2025 10:16 AM,12/9/2025 9:36 AM,,,,,,DEMO-C-00010,Alize Cassin,DEMO-L-00011,Plumbing,,DEMO-I-000170,12/9/2025,12/9/2025,Paid,,Disposal not working,$340.00,$0.00,$0.00,$340.00,$0.00,12/9/2025 9:56 AM,DEMO-IL-000372,1,PL-DIAG,Service,Plumbing diagnostic / service call,1,$95.00,$0.00,$95.00,No,$0.00,$0.00
DEMO-J-000180,Other,Disposal not working,Completed,Scheduled,phone,DEMO-E-00003,12/5/2025 10:16 AM,12/9/2025 9:36 AM,,,,,,DEMO-C-00010,Alize Cassin,DEMO-L-00011,Plumbing,,DEMO-I-000170,12/9/2025,12/9/2025,Paid,,Disposal not working,$340.00,$0.00,$0.00,$340.00,$0.00,12/9/2025 9:56 AM,DEMO-IL-000373,2,PL-TOILET,Service,Rebuild toilet,1,$245.00,$0.00,$245.00,No,$0.00,$35.00
DEMO-J-000181,Water Heater,Water heater leaking,Completed,Scheduled,phone,DEMO-E-00003,12/3/2025 4:19 PM,12/9/2025 12:28 PM,,,,,,DEMO-C-00017,German Thompson,DEMO-L-00019,Plumbing,,DEMO-I-000171,12/9/2025,12/9/2025,Paid,,Water heater leaking,$520.00,$159.00,$0.00,$361.00,$0.00,12/9/2025 12:46 PM,DEMO-IL-000374,1,PL-DIAG,Service,Plumbing diagnostic / service call,1,$95.00,$95.00,$0.00,No,$0.00,$0.00
DEMO-J-000181,Water Heater,Water heater leaking,Completed,Scheduled,phone,DEMO-E-00003,12/3/2025 4:19 PM,12/9/2025 12:28 PM,,,,,,DEMO-C-00017,German Thompson,DEMO-L-00019,Plumbing,,DEMO-I-000171,12/9/2025,12/9/2025,Paid,,Water heater leaking,$520.00,$159.00,$0.00,$361.00,$0.00,12/9/2025 12:46 PM,DEMO-IL-000375,2,PL-LEAK,Service,Repair pipe leak,1,$425.00,$64.00,$361.00,No,$0.00,$35.00
DEMO-J-000182,Water Heater,Water heater making noise,Completed,Emergency,phone,DEMO-E-00003,12/9/2025 10:23 AM,12/9/2025 5:37 PM,,,,,,DEMO-C-00012,Kasey McClure,DEMO-L-00014,Plumbing,,DEMO-I-000172,12/9/2025,12/9/2025,Paid,,Water heater making noise,"$2,590.00",$0.00,$174.65,"$2,764.65",$0.00,12/9/2025 5:41 PM,DEMO-IL-000376,1,PL-DIAG,Service,Plumbing diagnostic / service call,1,$95.00,$0.00,$95.00,No,$0.00,$0.00
DEMO-J-000182,Water Heater,Water heater making noise,Completed,Emergency,phone,DEMO-E-00003,12/9/2025 10:23 AM,12/9/2025 5:37 PM,,,,,,DEMO-C-00012,Kasey McClure,DEMO-L-00014,Plumbing,,DEMO-I-000172,12/9/2025,12/9/2025,Paid,,Water heater making noise,"$2,590.00",$0.00,$174.65,"$2,764.65",$0.00,12/9/2025 5:41 PM,DEMO-IL-000377,2,PL-WH50,Equipment,50-gallon water heater (installed),1,"$2,495.00",$0.00,"$2,495.00",Yes,$174.65,$890.00
DEMO-J-000183,Other,Sump pump not running,Canceled,Scheduled,phone,DEMO-E-00003,12/3/2025 9:11 AM,,,,,,,DEMO-C-00028,Freida Kohler,DEMO-L-00030,Plumbing,,,,,,,,,,,,,,,,,,,,,,,,,
DEMO-J-000184,No Cooling,No cooling,Completed,Today,phone,DEMO-E-00003,12/9/2025 7:03 AM,12/9/2025 11:44 AM,,,,,,DEMO-C-00023,Declan Jaskolski,DEMO-L-00025,HVAC Service,,DEMO-I-000173,12/9/2025,12/9/2025,Paid,,No cooling,$384.00,$0.00,$0.00,$384.00,$0.00,12/15/2025 6:37 PM,DEMO-IL-000378,1,HVAC-DIAG,Service,HVAC diagnostic / service call,1,$95.00,$0.00,$95.00,No,$0.00,$0.00
DEMO-J-000184,No Cooling,No cooling,Completed,Today,phone,DEMO-E-00003,12/9/2025 7:03 AM,12/9/2025 11:44 AM,,,,,,DEMO-C-00023,Declan Jaskolski,DEMO-L-00025,HVAC Service,,DEMO-I-000173,12/9/2025,12/9/2025,Paid,,No cooling,$384.00,$0.00,$0.00,$384.00,$0.00,12/15/2025 6:37 PM,DEMO-IL-000379,2,HVAC-CAP,Service,Replace run capacitor,1,$289.00,$0.00,$289.00,No,$0.00,$28.00
DEMO-J-000185,No Cooling,Outdoor unit not running,Completed,Scheduled,phone,DEMO-E-00003,12/6/2025 3:02 PM,12/10/2025 10:40 AM,,,,,,DEMO-C-00010,Alize Cassin,DEMO-L-00012,HVAC Service,,DEMO-I-000174,12/10/2025,12/10/2025,Paid,,Outdoor unit not running,"$1,515.00",$0.00,$43.75,"$1,558.75",$0.00,12/10/2025 10:57 AM,DEMO-IL-000380,1,HVAC-DIAG,Service,HVAC diagnostic / service call,1,$95.00,$0.00,$95.00,No,$0.00,$0.00
DEMO-J-000185,No Cooling,Outdoor unit not running,Completed,Scheduled,phone,DEMO-E-00003,12/6/2025 3:02 PM,12/10/2025 10:40 AM,,,,,,DEMO-C-00010,Alize Cassin,DEMO-L-00012,HVAC Service,,DEMO-I-000174,12/10/2025,12/10/2025,Paid,,Outdoor unit not running,"$1,515.00",$0.00,$43.75,"$1,558.75",$0.00,12/10/2025 10:57 AM,DEMO-IL-000381,2,HVAC-FANMTR,Service,Replace condenser fan motor,1,$795.00,$0.00,$795.00,No,$0.00,$185.00
DEMO-J-000185,No Cooling,Outdoor unit not running,Completed,Scheduled,phone,DEMO-E-00003,12/6/2025 3:02 PM,12/10/2025 10:40 AM,,,,,,DEMO-C-00010,Alize Cassin,DEMO-L-00012,HVAC Service,,DEMO-I-000174,12/10/2025,12/10/2025,Paid,,Outdoor unit not running,"$1,515.00",$0.00,$43.75,"$1,558.75",$0.00,12/10/2025 10:57 AM,DEMO-IL-000382,3,HVAC-R410A,Material,Refrigerant R-410A (per lb),5,$125.00,$0.00,$625.00,Yes,$43.75,$110.00
DEMO-J-000186,No Heat,Heat pump blowing cold air,Completed,Today,phone,DEMO-E-00003,12/10/2025 7:01 AM,12/10/2025 12:31 PM,,,,,,DEMO-C-00010,Alize Cassin,DEMO-L-00012,HVAC Service,,DEMO-I-000175,12/10/2025,12/10/2025,Open,,Heat pump blowing cold air,$440.00,$0.00,$0.00,$440.00,$440.00,,DEMO-IL-000383,1,HVAC-DIAG,Service,HVAC diagnostic / service call,1,$95.00,$0.00,$95.00,No,$0.00,$0.00
DEMO-J-000186,No Heat,Heat pump blowing cold air,Completed,Today,phone,DEMO-E-00003,12/10/2025 7:01 AM,12/10/2025 12:31 PM,,,,,,DEMO-C-00010,Alize Cassin,DEMO-L-00012,HVAC Service,,DEMO-I-000175,12/10/2025,12/10/2025,Open,,Heat pump blowing cold air,$440.00,$0.00,$0.00,$440.00,$440.00,,DEMO-IL-000384,2,HVAC-IGN,Service,Replace hot surface ignitor,1,$345.00,$0.00,$345.00,No,$0.00,$38.00
DEMO-J-000187,No Heat,Furnace short cycling,Completed,Today,phone,DEMO-E-00002,12/10/2025 7:00 AM,12/10/2025 9:23 AM,,,,,,DEMO-C-00001,Hank Erdman,DEMO-L-00001,HVAC Service,,DEMO-I-000176,12/10/2025,12/10/2025,Paid,,Furnace short cycling,$440.00,$0.00,$0.00,$440.00,$0.00,12/10/2025 9:27 AM,DEMO-IL-000385,1,HVAC-DIAG,Service,HVAC diagnostic / service call,1,$95.00,$0.00,$95.00,No,$0.00,$0.00
DEMO-J-000187,No Heat,Furnace short cycling,Completed,Today,phone,DEMO-E-00002,12/10/2025 7:00 AM,12/10/2025 9:23 AM,,,,,,DEMO-C-00001,Hank Erdman,DEMO-L-00001,HVAC Service,,DEMO-I-000176,12/10/2025,12/10/2025,Paid,,Furnace short cycling,$440.00,$0.00,$0.00,$440.00,$0.00,12/10/2025 9:27 AM,DEMO-IL-000386,2,HVAC-IGN,Service,Replace hot surface ignitor,1,$345.00,$0.00,$345.00,No,$0.00,$38.00
DEMO-J-000188,No Cooling,RTU not cooling,Completed,Scheduled,phone,DEMO-E-00002,12/7/2025 4:15 PM,12/10/2025 12:54 PM,,,,,,DEMO-C-00033,Sound Side Hardware Group,DEMO-L-00044,Commercial & Refrigeration,,DEMO-I-000177,12/10/2025,12/25/2025,Open,,RTU not cooling,"$1,904.00",$0.00,$0.00,"$1,904.00","$1,904.00",,DEMO-IL-000387,1,COM-DIAG,Service,Commercial service call,1,$165.00,$0.00,$165.00,No,$0.00,$0.00
DEMO-J-000188,No Cooling,RTU not cooling,Completed,Scheduled,phone,DEMO-E-00002,12/7/2025 4:15 PM,12/10/2025 12:54 PM,,,,,,DEMO-C-00033,Sound Side Hardware Group,DEMO-L-00044,Commercial & Refrigeration,,DEMO-I-000177,12/10/2025,12/25/2025,Open,,RTU not cooling,"$1,904.00",$0.00,$0.00,"$1,904.00","$1,904.00",,DEMO-IL-000388,2,HVAC-CAP,Service,Replace run capacitor,1,$289.00,$0.00,$289.00,No,$0.00,$28.00
DEMO-J-000188,No Cooling,RTU not cooling,Completed,Scheduled,phone,DEMO-E-00002,12/7/2025 4:15 PM,12/10/2025 12:54 PM,,,,,,DEMO-C-00033,Sound Side Hardware Group,DEMO-L-00044,Commercial & Refrigeration,,DEMO-I-000177,12/10/2025,12/25/2025,Open,,RTU not cooling,"$1,904.00",$0.00,$0.00,"$1,904.00","$1,904.00",,DEMO-IL-000389,3,HVAC-BOARD,Service,Replace control board,1,"$1,450.00",$0.00,"$1,450.00",No,$0.00,$310.00
DEMO-J-000189,No Heat,Furnace short cycling,Completed,Scheduled,phone,DEMO-E-00002,12/6/2025 8:02 AM,12/10/2025 9:59 AM,,,,,,DEMO-C-00020,Seth King,DEMO-L-00022,HVAC Service,,DEMO-I-000178,12/10/2025,12/10/2025,Paid,,Furnace short cycling,$979.00,$227.00,$41.37,$793.37,$0.00,12/10/2025 10:15 AM,DEMO-IL-000390,1,HVAC-DIAG,Service,HVAC diagnostic / service call,1,$95.00,$95.00,$0.00,No,$0.00,$0.00
DEMO-J-000189,No Heat,Furnace short cycling,Completed,Scheduled,phone,DEMO-E-00002,12/6/2025 8:02 AM,12/10/2025 9:59 AM,,,,,,DEMO-C-00020,Seth King,DEMO-L-00022,HVAC Service,,DEMO-I-000178,12/10/2025,12/10/2025,Paid,,Furnace short cycling,$979.00,$227.00,$41.37,$793.37,$0.00,12/10/2025 10:15 AM,DEMO-IL-000391,2,HVAC-FLAME,Service,Clean or replace flame sensor,1,$189.00,$28.00,$161.00,No,$0.00,$15.00
DEMO-J-000189,No Heat,Furnace short cycling,Completed,Scheduled,phone,DEMO-E-00002,12/6/2025 8:02 AM,12/10/2025 9:59 AM,,,,,,DEMO-C-00020,Seth King,DEMO-L-00022,HVAC Service,,DEMO-I-000178,12/10/2025,12/10/2025,Paid,,Furnace short cycling,$979.00,$227.00,$41.37,$793.37,$0.00,12/10/2025 10:15 AM,DEMO-IL-000392,3,IAQ-UV,Equipment,UV light (coil and air),1,$695.00,$104.00,$591.00,Yes,$41.37,$165.00
DEMO-J-000190,No Heat,No heat,Completed,Today,phone,DEMO-E-00003,12/10/2025 8:37 AM,12/10/2025 12:10 PM,,,,,,DEMO-C-00020,Seth King,DEMO-L-00022,HVAC Service,,DEMO-I-000179,12/10/2025,12/10/2025,Paid,,No heat,$379.00,$137.00,$5.67,$247.67,$0.00,12/10/2025 12:22 PM,DEMO-IL-000393,1,HVAC-DIAG,Service,HVAC diagnostic / service call,1,$95.00,$95.00,$0.00,No,$0.00,$0.00
DEMO-J-000190,No Heat,No heat,Completed,Today,phone,DEMO-E-00003,12/10/2025 8:37 AM,12/10/2025 12:10 PM,,,,,,DEMO-C-00020,Seth King,DEMO-L-00022,HVAC Service,,DEMO-I-000179,12/10/2025,12/10/2025,Paid,,No heat,$379.00,$137.00,$5.67,$247.67,$0.00,12/10/2025 12:22 PM,DEMO-IL-000394,2,HVAC-FILTER,Material,Media filter replacement,1,$95.00,$14.00,$81.00,Yes,$5.67,$28.00
DEMO-J-000190,No Heat,No heat,Completed,Today,phone,DEMO-E-00003,12/10/2025 8:37 AM,12/10/2025 12:10 PM,,,,,,DEMO-C-00020,Seth King,DEMO-L-00022,HVAC Service,,DEMO-I-000179,12/10/2025,12/10/2025,Paid,,No heat,$379.00,$137.00,$5.67,$247.67,$0.00,12/10/2025 12:22 PM,DEMO-IL-000395,3,HVAC-FLAME,Service,Clean or replace flame sensor,1,$189.00,$28.00,$161.00,No,$0.00,$15.00
DEMO-J-000191,No Heat,Furnace short cycling,Completed,Emergency,web,DEMO-E-00003,12/10/2025 7:00 AM,12/10/2025 10:00 AM,,,,,,DEMO-C-00014,Haskell Bauch,DEMO-L-00016,HVAC Service,,DEMO-I-000180,12/10/2025,12/10/2025,Paid,,Furnace short cycling,$579.00,$0.00,$20.65,$599.65,$0.00,12/10/2025 10:16 AM,DEMO-IL-000396,1,HVAC-DIAG,Service,HVAC diagnostic / service call,1,$95.00,$0.00,$95.00,No,$0.00,$0.00
DEMO-J-000191,No Heat,Furnace short cycling,Completed,Emergency,web,DEMO-E-00003,12/10/2025 7:00 AM,12/10/2025 10:00 AM,,,,,,DEMO-C-00014,Haskell Bauch,DEMO-L-00016,HVAC Service,,DEMO-I-000180,12/10/2025,12/10/2025,Paid,,Furnace short cycling,$579.00,$0.00,$20.65,$599.65,$0.00,12/10/2025 10:16 AM,DEMO-IL-000397,2,HVAC-FLAME,Service,Clean or replace flame sensor,1,$189.00,$0.00,$189.00,No,$0.00,$15.00
DEMO-J-000191,No Heat,Furnace short cycling,Completed,Emergency,web,DEMO-E-00003,12/10/2025 7:00 AM,12/10/2025 10:00 AM,,,,,,DEMO-C-00014,Haskell Bauch,DEMO-L-00016,HVAC Service,,DEMO-I-000180,12/10/2025,12/10/2025,Paid,,Furnace short cycling,$579.00,$0.00,$20.65,$599.65,$0.00,12/10/2025 10:16 AM,DEMO-IL-000398,3,ELEC-SURGE,Equipment,HVAC surge protector,1,$295.00,$0.00,$295.00,Yes,$20.65,$45.00
DEMO-J-000192,Other,Indoor air quality consultation,Completed,Scheduled,phone,DEMO-E-00003,12/5/2025 12:38 PM,12/10/2025 11:52 AM,,,,,,DEMO-C-00027,Sidney Kohler,DEMO-L-00029,HVAC Service,,DEMO-I-000181,12/10/2025,12/10/2025,Paid,,Indoor air quality consultation,$790.00,$0.00,$48.65,$838.65,$0.00,12/14/2025 11:45 AM,DEMO-IL-000399,1,HVAC-DIAG,Service,HVAC diagnostic / service call,1,$95.00,$0.00,$95.00,No,$0.00,$0.00
DEMO-J-000192,Other,Indoor air quality consultation,Completed,Scheduled,phone,DEMO-E-00003,12/5/2025 12:38 PM,12/10/2025 11:52 AM,,,,,,DEMO-C-00027,Sidney Kohler,DEMO-L-00029,HVAC Service,,DEMO-I-000181,12/10/2025,12/10/2025,Paid,,Indoor air quality consultation,$790.00,$0.00,$48.65,$838.65,$0.00,12/14/2025 11:45 AM,DEMO-IL-000400,2,IAQ-UV,Equipment,UV light (coil and air),1,$695.00,$0.00,$695.00,Yes,$48.65,$165.00
DEMO-J-000193,Other,Water quality consultation,Completed,Scheduled,phone,DEMO-E-00003,12/7/2025 11:40 AM,12/10/2025 10:39 AM,,,,,,DEMO-C-00008,Katelyn Thompson,DEMO-L-00009,Plumbing,,DEMO-I-000182,12/10/2025,12/10/2025,Paid,,Water quality consultation,$990.00,$0.00,$62.65,"$1,052.65",$0.00,12/10/2025 10:57 AM,DEMO-IL-000401,1,PL-DIAG,Service,Plumbing diagnostic / service call,1,$95.00,$0.00,$95.00,No,$0.00,$0.00
DEMO-J-000193,Other,Water quality consultation,Completed,Scheduled,phone,DEMO-E-00003,12/7/2025 11:40 AM,12/10/2025 10:39 AM,,,,,,DEMO-C-00008,Katelyn Thompson,DEMO-L-00009,Plumbing,,DEMO-I-000182,12/10/2025,12/10/2025,Paid,,Water quality consultation,$990.00,$0.00,$62.65,"$1,052.65",$0.00,12/10/2025 10:57 AM,DEMO-IL-000402,2,WTR-LEAKVALVE,Equipment,Leak-detection shut-off valve,1,$895.00,$0.00,$895.00,Yes,$62.65,$290.00
DEMO-J-000194,Leak,Water spot on ceiling,Completed,Today,phone,DEMO-E-00003,12/10/2025 7:57 AM,12/10/2025 1:44 PM,,,,,,DEMO-C-00022,Clementina Jacobson,DEMO-L-00024,Plumbing,,DEMO-I-000183,12/10/2025,12/10/2025,Paid,,Water spot on ceiling,$520.00,$0.00,$0.00,$520.00,$0.00,12/10/2025 2:02 PM,DEMO-IL-000403,1,PL-DIAG,Service,Plumbing diagnostic / service call,1,$95.00,$0.00,$95.00,No,$0.00,$0.00
DEMO-J-000194,Leak,Water spot on ceiling,Completed,Today,phone,DEMO-E-00003,12/10/2025 7:57 AM,12/10/2025 1:44 PM,,,,,,DEMO-C-00022,Clementina Jacobson,DEMO-L-00024,Plumbing,,DEMO-I-000183,12/10/2025,12/10/2025,Paid,,Water spot on ceiling,$520.00,$0.00,$0.00,$520.00,$0.00,12/10/2025 2:02 PM,DEMO-IL-000404,2,PL-LEAK,Service,Repair pipe leak,1,$425.00,$0.00,$425.00,No,$0.00,$35.00
DEMO-J-000195,Drain,Main line backing up,Completed,Today,phone,DEMO-E-00003,12/10/2025 7:00 AM,12/10/2025 11:15 AM,,,,,,DEMO-C-00008,Katelyn Thompson,DEMO-L-00009,Plumbing,,DEMO-I-000184,12/10/2025,12/10/2025,Paid,,Main line backing up,$690.00,$0.00,$0.00,$690.00,$0.00,12/10/2025 11:31 AM,DEMO-IL-000405,1,PL-DRAIN-MAIN,Service,Clear main drain line,1,$395.00,$0.00,$395.00,No,$0.00,$10.00
DEMO-J-000195,Drain,Main line backing up,Completed,Today,phone,DEMO-E-00003,12/10/2025 7:00 AM,12/10/2025 11:15 AM,,,,,,DEMO-C-00008,Katelyn Thompson,DEMO-L-00009,Plumbing,,DEMO-I-000184,12/10/2025,12/10/2025,Paid,,Main line backing up,$690.00,$0.00,$0.00,$690.00,$0.00,12/10/2025 11:31 AM,DEMO-IL-000406,2,PL-CAMERA,Service,Sewer camera inspection,1,$295.00,$0.00,$295.00,No,$0.00,$0.00
DEMO-J-000196,Leak,Leak under the sink,Completed,Scheduled,phone,DEMO-E-00003,12/4/2025 8:38 AM,12/10/2025 3:40 PM,,,,,,DEMO-C-00018,Thad Hilll,DEMO-L-00020,Plumbing,,DEMO-I-000185,12/10/2025,12/10/2025,Paid,,Leak under the sink,"$1,105.00",$247.00,$0.00,$858.00,$0.00,12/14/2025 1:03 PM,DEMO-IL-000407,1,PL-DIAG,Service,Plumbing diagnostic / service call,1,$95.00,$95.00,$0.00,No,$0.00,$0.00
DEMO-J-000196,Leak,Leak under the sink,Completed,Scheduled,phone,DEMO-E-00003,12/4/2025 8:38 AM,12/10/2025 3:40 PM,,,,,,DEMO-C-00018,Thad Hilll,DEMO-L-00020,Plumbing,,DEMO-I-000185,12/10/2025,12/10/2025,Paid,,Leak under the sink,"$1,105.00",$247.00,$0.00,$858.00,$0.00,12/14/2025 1:03 PM,DEMO-IL-000408,2,PL-LEAK,Service,Repair pipe leak,1,$425.00,$64.00,$361.00,No,$0.00,$35.00
DEMO-J-000196,Leak,Leak under the sink,Completed,Scheduled,phone,DEMO-E-00003,12/4/2025 8:38 AM,12/10/2025 3:40 PM,,,,,,DEMO-C-00018,Thad Hilll,DEMO-L-00020,Plumbing,,DEMO-I-000185,12/10/2025,12/10/2025,Paid,,Leak under the sink,"$1,105.00",$247.00,$0.00,$858.00,$0.00,12/14/2025 1:03 PM,DEMO-IL-000409,3,PL-PRV,Service,Replace pressure reducing valve,1,$585.00,$88.00,$497.00,No,$0.00,$95.00
DEMO-J-000197,No Heat,Strange smell from furnace,Completed,Scheduled,phone,DEMO-E-00003,12/7/2025 4:42 PM,12/10/2025 9:42 AM,,,,,,DEMO-C-00029,Kallie Durgan,DEMO-L-00031,HVAC Service,,DEMO-I-000186,12/10/2025,12/10/2025,Paid,,Strange smell from furnace,$790.00,$199.00,$0.00,$591.00,$0.00,12/10/2025 9:45 AM,DEMO-IL-000410,1,HVAC-DIAG,Service,HVAC diagnostic / service call,1,$95.00,$95.00,$0.00,No,$0.00,$0.00
DEMO-J-000197,No Heat,Strange smell from furnace,Completed,Scheduled,phone,DEMO-E-00003,12/7/2025 4:42 PM,12/10/2025 9:42 AM,,,,,,DEMO-C-00029,Kallie Durgan,DEMO-L-00031,HVAC Service,,DEMO-I-000186,12/10/2025,12/10/2025,Paid,,Strange smell from furnace,$790.00,$199.00,$0.00,$591.00,$0.00,12/10/2025 9:45 AM,DEMO-IL-000411,2,HVAC-DEFROST,Service,Replace heat pump defrost board,1,$695.00,$104.00,$591.00,No,$0.00,$140.00
DEMO-J-000198,Water Heater,Water heater making noise,Completed,Scheduled,phone,DEMO-E-00003,12/5/2025 9:12 AM,12/10/2025 2:15 PM,,,,,,DEMO-C-00003,Madalyn Toy,DEMO-L-00003,Plumbing,,DEMO-I-000187,12/10/2025,12/10/2025,Paid,,Water heater making noise,"$2,290.00",$0.00,$153.65,"$2,443.65",$0.00,12/10/2025 2:27 PM,DEMO-IL-000412,1,PL-DIAG,Service,Plumbing diagnostic / service call,1,$95.00,$0.00,$95.00,No,$0.00,$0.00
DEMO-J-000198,Water Heater,Water heater making noise,Completed,Scheduled,phone,DEMO-E-00003,12/5/2025 9:12 AM,12/10/2025 2:15 PM,,,,,,DEMO-C-00003,Madalyn Toy,DEMO-L-00003,Plumbing,,DEMO-I-000187,12/10/2025,12/10/2025,Paid,,Water heater making noise,"$2,290.00",$0.00,$153.65,"$2,443.65",$0.00,12/10/2025 2:27 PM,DEMO-IL-000413,2,PL-WH40,Equipment,40-gallon water heater (installed),1,"$2,195.00",$0.00,"$2,195.00",Yes,$153.65,$780.00
DEMO-J-000199,No Cooling,AC not keeping up,Completed,Emergency,phone,DEMO-E-00002,12/11/2025 7:00 AM,12/11/2025 9:47 AM,,,,,,DEMO-C-00015,Nathen Rosenbaum,DEMO-L-00017,HVAC Service,,DEMO-I-000188,12/11/2025,12/11/2025,Paid,,AC not keeping up,$795.00,$0.00,$26.25,$821.25,$0.00,12/11/2025 10:00 AM,DEMO-IL-000414,1,HVAC-DIAG,Service,HVAC diagnostic / service call,1,$95.00,$0.00,$95.00,No,$0.00,$0.00
DEMO-J-000199,No Cooling,AC not keeping up,Completed,Emergency,phone,DEMO-E-00002,12/11/2025 7:00 AM,12/11/2025 9:47 AM,,,,,,DEMO-C-00015,Nathen Rosenbaum,DEMO-L-00017,HVAC Service,,DEMO-I-000188,12/11/2025,12/11/2025,Paid,,AC not keeping up,$795.00,$0.00,$26.25,$821.25,$0.00,12/11/2025 10:00 AM,DEMO-IL-000415,2,HVAC-CONT,Service,Replace contactor,1,$325.00,$0.00,$325.00,No,$0.00,$32.00
DEMO-J-000199,No Cooling,AC not keeping up,Completed,Emergency,phone,DEMO-E-00002,12/11/2025 7:00 AM,12/11/2025 9:47 AM,,,,,,DEMO-C-00015,Nathen Rosenbaum,DEMO-L-00017,HVAC Service,,DEMO-I-000188,12/11/2025,12/11/2025,Paid,,AC not keeping up,$795.00,$0.00,$26.25,$821.25,$0.00,12/11/2025 10:00 AM,DEMO-IL-000416,3,HVAC-R410A,Material,Refrigerant R-410A (per lb),3,$125.00,$0.00,$375.00,Yes,$26.25,$66.00
DEMO-J-000200,No Heat,No heat,Completed,Today,phone,DEMO-E-00003,12/11/2025 7:34 AM,12/11/2025 12:54 PM,,,,,,DEMO-C-00024,Jared Thiel,DEMO-L-00026,HVAC Service,,DEMO-I-000189,12/11/2025,12/11/2025,Open,,No heat,$924.00,$219.00,$17.57,$722.57,$722.57,,DEMO-IL-000417,1,HVAC-DIAG,Service,HVAC diagnostic / service call,1,$95.00,$95.00,$0.00,No,$0.00,$0.00
DEMO-J-000200,No Heat,No heat,Completed,Today,phone,DEMO-E-00003,12/11/2025 7:34 AM,12/11/2025 12:54 PM,,,,,,DEMO-C-00024,Jared Thiel,DEMO-L-00026,HVAC Service,,DEMO-I-000189,12/11/2025,12/11/2025,Open,,No heat,$924.00,$219.00,$17.57,$722.57,$722.57,,DEMO-IL-000418,2,HVAC-IGN,Service,Replace hot surface ignitor,1,$345.00,$52.00,$293.00,No,$0.00,$38.00
DEMO-J-000200,No Heat,No heat,Completed,Today,phone,DEMO-E-00003,12/11/2025 7:34 AM,12/11/2025 12:54 PM,,,,,,DEMO-C-00024,Jared Thiel,DEMO-L-00026,HVAC Service,,DEMO-I-000189,12/11/2025,12/11/2025,Open,,No heat,$924.00,$219.00,$17.57,$722.57,$722.57,,DEMO-IL-000419,3,HVAC-FLAME,Service,Clean or replace flame sensor,1,$189.00,$28.00,$161.00,No,$0.00,$15.00
DEMO-J-000200,No Heat,No heat,Completed,Today,phone,DEMO-E-00003,12/11/2025 7:34 AM,12/11/2025 12:54 PM,,,,,,DEMO-C-00024,Jared Thiel,DEMO-L-00026,HVAC Service,,DEMO-I-000189,12/11/2025,12/11/2025,Open,,No heat,$924.00,$219.00,$17.57,$722.57,$722.57,,DEMO-IL-000420,4,ELEC-SURGE,Equipment,HVAC surge protector,1,$295.00,$44.00,$251.00,Yes,$17.57,$45.00
DEMO-J-000201,No Cooling,Unit tripping breaker,Completed,Scheduled,phone,DEMO-E-00003,12/8/2025 11:16 AM,12/11/2025 10:04 AM,,,,,,DEMO-C-00034,Marsh Point Outfitters Group,DEMO-L-00047,Commercial & Refrigeration,PO-44720,DEMO-I-000190,12/11/2025,12/26/2025,Paid,,Unit tripping breaker,$354.00,$0.00,$0.00,$354.00,$0.00,1/4/2026 11:00 AM,DEMO-IL-000421,1,COM-DIAG,Service,Commercial service call,1,$165.00,$0.00,$165.00,No,$0.00,$0.00
DEMO-J-000201,No Cooling,Unit tripping breaker,Completed,Scheduled,phone,DEMO-E-00003,12/8/2025 11:16 AM,12/11/2025 10:04 AM,,,,,,DEMO-C-00034,Marsh Point Outfitters Group,DEMO-L-00047,Commercial & Refrigeration,PO-44720,DEMO-I-000190,12/11/2025,12/26/2025,Paid,,Unit tripping breaker,$354.00,$0.00,$0.00,$354.00,$0.00,1/4/2026 11:00 AM,DEMO-IL-000422,2,COM-BELT,Service,Replace RTU belt,1,$189.00,$0.00,$189.00,No,$0.00,$22.00
DEMO-J-000202,Maintenance,Quarterly preventive maintenance,Completed,Scheduled,phone,DEMO-E-00003,12/8/2025 10:04 AM,12/11/2025 12:23 PM,,,,,,DEMO-C-00039,Sandbar Fellowship Church,DEMO-L-00058,Commercial & Refrigeration,,DEMO-I-000191,12/11/2025,1/10/2026,Open,,Quarterly preventive maintenance,$225.00,$0.00,$0.00,$225.00,$225.00,,DEMO-IL-000423,1,COM-PM,Service,Commercial preventive maintenance (per unit),1,$225.00,$0.00,$225.00,No,$0.00,$25.00
DEMO-J-000203,Estimate,Replacement estimate,Completed,Scheduled,web,DEMO-E-00003,12/8/2025 1:53 PM,12/11/2025 9:43 AM,,,,,,DEMO-C-00006,Inez McLaughlin,DEMO-L-00007,HVAC Replacement,,,,,,,,,,,,,,,,,,,,,,,,,
DEMO-J-000204,Install,System replacement install,Completed,Scheduled,replacement_sale,DEMO-E-00003,12/11/2025 10:21 AM,12/22/2025 2:47 PM,DEMO-E-00006,,,,,DEMO-C-00006,Inez McLaughlin,DEMO-L-00007,HVAC Replacement,,DEMO-I-000302,12/22/2025,12/22/2025,Paid,,System replacement,"$8,940.00",$0.00,$69.30,"$9,009.30",$0.00,12/24/2025 2:00 PM,DEMO-IL-000658,1,EQ-AC-3T,Equipment,"14.3 SEER2 AC and coil, 3 ton (installed)",1,"$7,950.00",$0.00,"$7,950.00",No,$0.00,"$3,300.00"
DEMO-J-000204,Install,System replacement install,Completed,Scheduled,replacement_sale,DEMO-E-00003,12/11/2025 10:21 AM,12/22/2025 2:47 PM,DEMO-E-00006,,,,,DEMO-C-00006,Inez McLaughlin,DEMO-L-00007,HVAC Replacement,,DEMO-I-000302,12/22/2025,12/22/2025,Paid,,System replacement,"$8,940.00",$0.00,$69.30,"$9,009.30",$0.00,12/24/2025 2:00 PM,DEMO-IL-000659,2,IAQ-UV,Equipment,UV light (coil and air),1,$695.00,$0.00,$695.00,Yes,$48.65,$165.00
DEMO-J-000204,Install,System replacement install,Completed,Scheduled,replacement_sale,DEMO-E-00003,12/11/2025 10:21 AM,12/22/2025 2:47 PM,DEMO-E-00006,,,,,DEMO-C-00006,Inez McLaughlin,DEMO-L-00007,HVAC Replacement,,DEMO-I-000302,12/22/2025,12/22/2025,Paid,,System replacement,"$8,940.00",$0.00,$69.30,"$9,009.30",$0.00,12/24/2025 2:00 PM,DEMO-IL-000660,3,ELEC-SURGE,Equipment,HVAC surge protector,1,$295.00,$0.00,$295.00,Yes,$20.65,$45.00
DEMO-J-000205,No Heat,Strange smell from furnace,Completed,Emergency,referral,DEMO-E-00001,12/11/2025 7:27 AM,12/11/2025 2:06 PM,,,,,,DEMO-C-00023,Declan Jaskolski,DEMO-L-00025,HVAC Service,,DEMO-I-000192,12/11/2025,12/11/2025,Paid,,Strange smell from furnace,"$2,135.00",$0.00,$20.65,"$2,155.65",$0.00,12/11/2025 2:20 PM,DEMO-IL-000424,1,HVAC-DIAG,Service,HVAC diagnostic / service call,1,$95.00,$0.00,$95.00,No,$0.00,$0.00
DEMO-J-000205,No Heat,Strange smell from furnace,Completed,Emergency,referral,DEMO-E-00001,12/11/2025 7:27 AM,12/11/2025 2:06 PM,,,,,,DEMO-C-00023,Declan Jaskolski,DEMO-L-00025,HVAC Service,,DEMO-I-000192,12/11/2025,12/11/2025,Paid,,Strange smell from furnace,"$2,135.00",$0.00,$20.65,"$2,155.65",$0.00,12/11/2025 2:20 PM,DEMO-IL-000425,2,HVAC-BLWMTR,Service,Replace blower motor (PSC),1,"$1,150.00",$0.00,"$1,150.00",No,$0.00,$260.00
DEMO-J-000205,No Heat,Strange smell from furnace,Completed,Emergency,referral,DEMO-E-00001,12/11/2025 7:27 AM,12/11/2025 2:06 PM,,,,,,DEMO-C-00023,Declan Jaskolski,DEMO-L-00025,HVAC Service,,DEMO-I-000192,12/11/2025,12/11/2025,Paid,,Strange smell from furnace,"$2,135.00",$0.00,$20.65,"$2,155.65",$0.00,12/11/2025 2:20 PM,DEMO-IL-000426,3,ELEC-SURGE,Equipment,HVAC surge protector,1,$295.00,$0.00,$295.00,Yes,$20.65,$45.00
DEMO-J-000205,No Heat,Strange smell from furnace,Completed,Emergency,referral,DEMO-E-00001,12/11/2025 7:27 AM,12/11/2025 2:06 PM,,,,,,DEMO-C-00023,Declan Jaskolski,DEMO-L-00025,HVAC Service,,DEMO-I-000192,12/11/2025,12/11/2025,Paid,,Strange smell from furnace,"$2,135.00",$0.00,$20.65,"$2,155.65",$0.00,12/11/2025 2:20 PM,DEMO-IL-000427,4,HVAC-SMART,Service,Install smart thermostat,1,$595.00,$0.00,$595.00,No,$0.00,$165.00
DEMO-J-000206,Other,Indoor air quality consultation,Completed,Scheduled,phone,DEMO-E-00003,12/10/2025 11:24 AM,12/11/2025 10:15 AM,,,,,,DEMO-C-00007,Roxane Williamson,DEMO-L-00008,HVAC Service,,DEMO-I-000193,12/11/2025,12/11/2025,Paid,,Indoor air quality consultation,"$1,290.00",$0.00,$83.65,"$1,373.65",$0.00,12/11/2025 10:20 AM,DEMO-IL-000428,1,HVAC-DIAG,Service,HVAC diagnostic / service call,1,$95.00,$0.00,$95.00,No,$0.00,$0.00
DEMO-J-000206,Other,Indoor air quality consultation,Completed,Scheduled,phone,DEMO-E-00003,12/10/2025 11:24 AM,12/11/2025 10:15 AM,,,,,,DEMO-C-00007,Roxane Williamson,DEMO-L-00008,HVAC Service,,DEMO-I-000193,12/11/2025,12/11/2025,Paid,,Indoor air quality consultation,"$1,290.00",$0.00,$83.65,"$1,373.65",$0.00,12/11/2025 10:20 AM,DEMO-IL-000429,2,IAQ-PURIFIER,Equipment,Whole-home air purifier,1,"$1,195.00",$0.00,"$1,195.00",Yes,$83.65,$360.00
DEMO-J-000207,No Heat,No heat,Completed,Today,phone,DEMO-E-00003,12/11/2025 7:52 AM,12/11/2025 12:25 PM,,,,,,DEMO-C-00018,Thad Hilll,DEMO-L-00020,HVAC Service,,DEMO-I-000194,12/11/2025,12/11/2025,Paid,,No heat,$440.00,$147.00,$0.00,$293.00,$0.00,12/11/2025 12:37 PM,DEMO-IL-000430,1,HVAC-DIAG,Service,HVAC diagnostic / service call,1,$95.00,$95.00,$0.00,No,$0.00,$0.00
DEMO-J-000207,No Heat,No heat,Completed,Today,phone,DEMO-E-00003,12/11/2025 7:52 AM,12/11/2025 12:25 PM,,,,,,DEMO-C-00018,Thad Hilll,DEMO-L-00020,HVAC Service,,DEMO-I-000194,12/11/2025,12/11/2025,Paid,,No heat,$440.00,$147.00,$0.00,$293.00,$0.00,12/11/2025 12:37 PM,DEMO-IL-000431,2,HVAC-IGN,Service,Replace hot surface ignitor,1,$345.00,$52.00,$293.00,No,$0.00,$38.00
DEMO-J-000208,Other,Indoor air quality consultation,Completed,Scheduled,phone,DEMO-E-00003,12/6/2025 4:52 PM,12/11/2025 2:27 PM,,,,,,DEMO-C-00021,Silas Bauch,DEMO-L-00023,HVAC Service,,DEMO-I-000195,12/11/2025,12/11/2025,Paid,,Indoor air quality consultation,$790.00,$0.00,$48.65,$838.65,$0.00,12/11/2025 2:41 PM,DEMO-IL-000432,1,HVAC-DIAG,Service,HVAC diagnostic / service call,1,$95.00,$0.00,$95.00,No,$0.00,$0.00
DEMO-J-000208,Other,Indoor air quality consultation,Completed,Scheduled,phone,DEMO-E-00003,12/6/2025 4:52 PM,12/11/2025 2:27 PM,,,,,,DEMO-C-00021,Silas Bauch,DEMO-L-00023,HVAC Service,,DEMO-I-000195,12/11/2025,12/11/2025,Paid,,Indoor air quality consultation,$790.00,$0.00,$48.65,$838.65,$0.00,12/11/2025 2:41 PM,DEMO-IL-000433,2,IAQ-UV,Equipment,UV light (coil and air),1,$695.00,$0.00,$695.00,Yes,$48.65,$165.00
DEMO-J-000209,Drain,Kitchen sink clogged,Completed,Scheduled,phone,DEMO-E-00003,12/7/2025 3:19 PM,12/11/2025 10:41 AM,,,,,,DEMO-C-00022,Clementina Jacobson,DEMO-L-00024,Plumbing,,DEMO-I-000196,12/11/2025,12/11/2025,Paid,,Kitchen sink clogged,$520.00,$0.00,$0.00,$520.00,$0.00,12/11/2025 10:47 AM,DEMO-IL-000434,1,PL-DRAIN-SM,Service,Clear sink or tub drain,1,$225.00,$0.00,$225.00,No,$0.00,$5.00
DEMO-J-000209,Drain,Kitchen sink clogged,Completed,Scheduled,phone,DEMO-E-00003,12/7/2025 3:19 PM,12/11/2025 10:41 AM,,,,,,DEMO-C-00022,Clementina Jacobson,DEMO-L-00024,Plumbing,,DEMO-I-000196,12/11/2025,12/11/2025,Paid,,Kitchen sink clogged,$520.00,$0.00,$0.00,$520.00,$0.00,12/11/2025 10:47 AM,DEMO-IL-000435,2,PL-CAMERA,Service,Sewer camera inspection,1,$295.00,$0.00,$295.00,No,$0.00,$0.00
DEMO-J-000210,Other,Water quality consultation,Completed,Scheduled,phone,DEMO-E-00002,12/10/2025 11:19 AM,12/11/2025 12:14 PM,,,,,,DEMO-C-00024,Jared Thiel,DEMO-L-00026,Plumbing,,DEMO-I-000197,12/11/2025,12/11/2025,Paid,,Water quality consultation,"$1,990.00",$379.00,$112.77,"$1,723.77",$0.00,12/11/2025 12:31 PM,DEMO-IL-000436,1,PL-DIAG,Service,Plumbing diagnostic / service call,1,$95.00,$95.00,$0.00,No,$0.00,$0.00
DEMO-J-000210,Other,Water quality consultation,Completed,Scheduled,phone,DEMO-E-00002,12/10/2025 11:19 AM,12/11/2025 12:14 PM,,,,,,DEMO-C-00024,Jared Thiel,DEMO-L-00026,Plumbing,,DEMO-I-000197,12/11/2025,12/11/2025,Paid,,Water quality consultation,"$1,990.00",$379.00,$112.77,"$1,723.77",$0.00,12/11/2025 12:31 PM,DEMO-IL-000437,2,WTR-FILTER,Equipment,Whole-home water filter,1,"$1,895.00",$284.00,"$1,611.00",Yes,$112.77,$620.00
DEMO-J-000211,Drain,Tub draining slowly,Completed,Scheduled,phone,DEMO-E-00003,12/5/2025 3:44 PM,12/11/2025 3:51 PM,,,,,,DEMO-C-00010,Alize Cassin,DEMO-L-00012,Plumbing,,DEMO-I-000198,12/11/2025,12/11/2025,Paid,,Tub draining slowly,"$1,120.00",$0.00,$62.65,"$1,182.65",$0.00,12/21/2025 12:46 PM,DEMO-IL-000438,1,PL-DRAIN-SM,Service,Clear sink or tub drain,1,$225.00,$0.00,$225.00,No,$0.00,$5.00
DEMO-J-000211,Drain,Tub draining slowly,Completed,Scheduled,phone,DEMO-E-00003,12/5/2025 3:44 PM,12/11/2025 3:51 PM,,,,,,DEMO-C-00010,Alize Cassin,DEMO-L-00012,Plumbing,,DEMO-I-000198,12/11/2025,12/11/2025,Paid,,Tub draining slowly,"$1,120.00",$0.00,$62.65,"$1,182.65",$0.00,12/21/2025 12:46 PM,DEMO-IL-000439,2,WTR-LEAKVALVE,Equipment,Leak-detection shut-off valve,1,$895.00,$0.00,$895.00,Yes,$62.65,$290.00
DEMO-J-000212,Other,Sump pump not running,Completed,Scheduled,phone,DEMO-E-00003,12/10/2025 10:56 AM,12/11/2025 11:26 AM,,,,,,DEMO-C-00007,Roxane Williamson,DEMO-L-00008,Plumbing,,DEMO-I-000199,12/11/2025,12/11/2025,Paid,,Sump pump not running,$990.00,$0.00,$0.00,$990.00,$0.00,1/7/2026 4:19 PM,DEMO-IL-000440,1,PL-DIAG,Service,Plumbing diagnostic / service call,1,$95.00,$0.00,$95.00,No,$0.00,$0.00
DEMO-J-000212,Other,Sump pump not running,Completed,Scheduled,phone,DEMO-E-00003,12/10/2025 10:56 AM,12/11/2025 11:26 AM,,,,,,DEMO-C-00007,Roxane Williamson,DEMO-L-00008,Plumbing,,DEMO-I-000199,12/11/2025,12/11/2025,Paid,,Sump pump not running,$990.00,$0.00,$0.00,$990.00,$0.00,1/7/2026 4:19 PM,DEMO-IL-000441,2,PL-SUMP,Service,Replace sump pump,1,$895.00,$0.00,$895.00,No,$0.00,$240.00
DEMO-J-000213,Other,Disposal not working,Completed,Today,phone,DEMO-E-00003,12/11/2025 8:07 AM,12/11/2025 1:29 PM,,,,,,DEMO-C-00020,Seth King,DEMO-L-00022,Plumbing,,DEMO-I-000200,12/11/2025,12/11/2025,Paid,,Disposal not working,$440.00,$147.00,$0.00,$293.00,$0.00,12/22/2025 9:44 AM,DEMO-IL-000442,1,PL-DIAG,Service,Plumbing diagnostic / service call,1,$95.00,$95.00,$0.00,No,$0.00,$0.00
DEMO-J-000213,Other,Disposal not working,Completed,Today,phone,DEMO-E-00003,12/11/2025 8:07 AM,12/11/2025 1:29 PM,,,,,,DEMO-C-00020,Seth King,DEMO-L-00022,Plumbing,,DEMO-I-000200,12/11/2025,12/11/2025,Paid,,Disposal not working,$440.00,$147.00,$0.00,$293.00,$0.00,12/22/2025 9:44 AM,DEMO-IL-000443,2,PL-FAUCET,Service,Replace faucet,1,$345.00,$52.00,$293.00,No,$0.00,$95.00
DEMO-J-000214,No Heat,Heat pump blowing cold air,Completed,Scheduled,phone,DEMO-E-00003,12/7/2025 5:00 PM,12/12/2025 10:22 AM,,,,,,DEMO-C-00008,Katelyn Thompson,DEMO-L-00009,HVAC Service,,DEMO-I-000201,12/12/2025,12/12/2025,Paid,,Heat pump blowing cold air,$790.00,$0.00,$0.00,$790.00,$0.00,12/15/2025 12:30 PM,DEMO-IL-000444,1,HVAC-DIAG,Service,HVAC diagnostic / service call,1,$95.00,$0.00,$95.00,No,$0.00,$0.00
DEMO-J-000214,No Heat,Heat pump blowing cold air,Completed,Scheduled,phone,DEMO-E-00003,12/7/2025 5:00 PM,12/12/2025 10:22 AM,,,,,,DEMO-C-00008,Katelyn Thompson,DEMO-L-00009,HVAC Service,,DEMO-I-000201,12/12/2025,12/12/2025,Paid,,Heat pump blowing cold air,$790.00,$0.00,$0.00,$790.00,$0.00,12/15/2025 12:30 PM,DEMO-IL-000445,2,HVAC-DEFROST,Service,Replace heat pump defrost board,1,$695.00,$0.00,$695.00,No,$0.00,$140.00
DEMO-J-000215,Other,Indoor air quality consultation,Completed,Scheduled,phone,DEMO-E-00002,12/7/2025 4:33 PM,12/12/2025 9:21 AM,,,,,,DEMO-C-00029,Kallie Durgan,DEMO-L-00031,HVAC Service,,DEMO-I-000202,12/12/2025,12/12/2025,Paid,,Indoor air quality consultation,"$1,390.00",$289.00,$77.07,"$1,178.07",$0.00,12/12/2025 9:32 AM,DEMO-IL-000446,1,HVAC-DIAG,Service,HVAC diagnostic / service call,1,$95.00,$95.00,$0.00,No,$0.00,$0.00
DEMO-J-000215,Other,Indoor air quality consultation,Completed,Scheduled,phone,DEMO-E-00002,12/7/2025 4:33 PM,12/12/2025 9:21 AM,,,,,,DEMO-C-00029,Kallie Durgan,DEMO-L-00031,HVAC Service,,DEMO-I-000202,12/12/2025,12/12/2025,Paid,,Indoor air quality consultation,"$1,390.00",$289.00,$77.07,"$1,178.07",$0.00,12/12/2025 9:32 AM,DEMO-IL-000447,2,IAQ-SCRUB,Equipment,Air scrubber,1,"$1,295.00",$194.00,"$1,101.00",Yes,$77.07,$420.00
DEMO-J-000216,No Cooling,No cooling,Completed,Today,phone,DEMO-E-00003,12/12/2025 8:22 AM,12/12/2025 11:10 AM,,,,,,DEMO-C-00006,Inez McLaughlin,DEMO-L-00006,HVAC Service,,DEMO-I-000203,12/12/2025,12/12/2025,Paid,,No cooling,$384.00,$138.00,$0.00,$246.00,$0.00,12/17/2025 3:59 PM,DEMO-IL-000448,1,HVAC-DIAG,Service,HVAC diagnostic / service call,1,$95.00,$95.00,$0.00,No,$0.00,$0.00
DEMO-J-000216,No Cooling,No cooling,Completed,Today,phone,DEMO-E-00003,12/12/2025 8:22 AM,12/12/2025 11:10 AM,,,,,,DEMO-C-00006,Inez McLaughlin,DEMO-L-00006,HVAC Service,,DEMO-I-000203,12/12/2025,12/12/2025,Paid,,No cooling,$384.00,$138.00,$0.00,$246.00,$0.00,12/17/2025 3:59 PM,DEMO-IL-000449,2,HVAC-CAP,Service,Replace run capacitor,1,$289.00,$43.00,$246.00,No,$0.00,$28.00
DEMO-J-000217,No Heat,Strange smell from furnace,Completed,Scheduled,phone,DEMO-E-00003,12/9/2025 1:13 PM,12/12/2025 1:08 PM,,,,,,DEMO-C-00017,German Thompson,DEMO-L-00019,HVAC Service,,DEMO-I-000204,12/12/2025,12/12/2025,Paid,,Strange smell from furnace,$284.00,$123.00,$0.00,$161.00,$0.00,12/12/2025 1:12 PM,DEMO-IL-000450,1,HVAC-DIAG,Service,HVAC diagnostic / service call,1,$95.00,$95.00,$0.00,No,$0.00,$0.00
DEMO-J-000217,No Heat,Strange smell from furnace,Completed,Scheduled,phone,DEMO-E-00003,12/9/2025 1:13 PM,12/12/2025 1:08 PM,,,,,,DEMO-C-00017,German Thompson,DEMO-L-00019,HVAC Service,,DEMO-I-000204,12/12/2025,12/12/2025,Paid,,Strange smell from furnace,$284.00,$123.00,$0.00,$161.00,$0.00,12/12/2025 1:12 PM,DEMO-IL-000451,2,HVAC-FLAME,Service,Clean or replace flame sensor,1,$189.00,$28.00,$161.00,No,$0.00,$15.00
DEMO-J-000218,No Heat,Heat pump blowing cold air,Completed,Emergency,web,DEMO-E-00003,12/12/2025 7:00 AM,12/12/2025 9:35 AM,,,,,,DEMO-C-00026,Cara Beatty,DEMO-L-00028,HVAC Service,,DEMO-I-000205,12/12/2025,12/12/2025,Paid,,Heat pump blowing cold air,$440.00,$147.00,$0.00,$293.00,$0.00,12/14/2025 2:49 PM,DEMO-IL-000452,1,HVAC-DIAG,Service,HVAC diagnostic / service call,1,$95.00,$95.00,$0.00,No,$0.00,$0.00
DEMO-J-000218,No Heat,Heat pump blowing cold air,Completed,Emergency,web,DEMO-E-00003,12/12/2025 7:00 AM,12/12/2025 9:35 AM,,,,,,DEMO-C-00026,Cara Beatty,DEMO-L-00028,HVAC Service,,DEMO-I-000205,12/12/2025,12/12/2025,Paid,,Heat pump blowing cold air,$440.00,$147.00,$0.00,$293.00,$0.00,12/14/2025 2:49 PM,DEMO-IL-000453,2,HVAC-IGN,Service,Replace hot surface ignitor,1,$345.00,$52.00,$293.00,No,$0.00,$38.00
DEMO-J-000219,No Heat,Furnace short cycling,Completed,Scheduled,phone,DEMO-E-00003,12/10/2025 1:04 PM,12/12/2025 12:08 PM,,,,,,DEMO-C-00019,Phil Runte,DEMO-L-00021,HVAC Service,,DEMO-I-000206,12/12/2025,12/12/2025,Paid,,Furnace short cycling,$440.00,$0.00,$0.00,$440.00,$0.00,12/23/2025 11:31 AM,DEMO-IL-000454,1,HVAC-DIAG,Service,HVAC diagnostic / service call,1,$95.00,$0.00,$95.00,No,$0.00,$0.00
DEMO-J-000219,No Heat,Furnace short cycling,Completed,Scheduled,phone,DEMO-E-00003,12/10/2025 1:04 PM,12/12/2025 12:08 PM,,,,,,DEMO-C-00019,Phil Runte,DEMO-L-00021,HVAC Service,,DEMO-I-000206,12/12/2025,12/12/2025,Paid,,Furnace short cycling,$440.00,$0.00,$0.00,$440.00,$0.00,12/23/2025 11:31 AM,DEMO-IL-000455,2,HVAC-IGN,Service,Replace hot surface ignitor,1,$345.00,$0.00,$345.00,No,$0.00,$38.00
DEMO-J-000220,No Heat,Strange smell from furnace,Completed,Emergency,phone,DEMO-E-00003,12/12/2025 7:00 AM,12/12/2025 9:10 AM,,,,,,DEMO-C-00015,Nathen Rosenbaum,DEMO-L-00017,HVAC Service,,DEMO-I-000207,12/12/2025,12/12/2025,Paid,,Strange smell from furnace,$284.00,$0.00,$0.00,$284.00,$0.00,12/12/2025 9:24 AM,DEMO-IL-000456,1,HVAC-DIAG,Service,HVAC diagnostic / service call,1,$95.00,$0.00,$95.00,No,$0.00,$0.00
DEMO-J-000220,No Heat,Strange smell from furnace,Completed,Emergency,phone,DEMO-E-00003,12/12/2025 7:00 AM,12/12/2025 9:10 AM,,,,,,DEMO-C-00015,Nathen Rosenbaum,DEMO-L-00017,HVAC Service,,DEMO-I-000207,12/12/2025,12/12/2025,Paid,,Strange smell from furnace,$284.00,$0.00,$0.00,$284.00,$0.00,12/12/2025 9:24 AM,DEMO-IL-000457,2,HVAC-FLAME,Service,Clean or replace flame sensor,1,$189.00,$0.00,$189.00,No,$0.00,$15.00
DEMO-J-000221,Other,Indoor air quality consultation,Completed,Scheduled,phone,DEMO-E-00003,12/11/2025 4:06 PM,12/12/2025 11:42 AM,,,,,,DEMO-C-00019,Phil Runte,DEMO-L-00021,HVAC Service,,DEMO-I-000208,12/12/2025,12/12/2025,Paid,,Indoor air quality consultation,$790.00,$0.00,$48.65,$838.65,$0.00,12/26/2025 6:42 PM,DEMO-IL-000458,1,HVAC-DIAG,Service,HVAC diagnostic / service call,1,$95.00,$0.00,$95.00,No,$0.00,$0.00
DEMO-J-000221,Other,Indoor air quality consultation,Completed,Scheduled,phone,DEMO-E-00003,12/11/2025 4:06 PM,12/12/2025 11:42 AM,,,,,,DEMO-C-00019,Phil Runte,DEMO-L-00021,HVAC Service,,DEMO-I-000208,12/12/2025,12/12/2025,Paid,,Indoor air quality consultation,$790.00,$0.00,$48.65,$838.65,$0.00,12/26/2025 6:42 PM,DEMO-IL-000459,2,IAQ-UV,Equipment,UV light (coil and air),1,$695.00,$0.00,$695.00,Yes,$48.65,$165.00
DEMO-J-000222,No Heat,Furnace short cycling,Completed,Scheduled,phone,DEMO-E-00003,12/7/2025 3:15 PM,12/12/2025 3:46 PM,,,,,,DEMO-C-00016,Estel Kunde,DEMO-L-00018,HVAC Service,,DEMO-I-000209,12/12/2025,12/12/2025,Paid,,Furnace short cycling,"$1,245.00",$267.00,$0.00,$978.00,$0.00,12/12/2025 4:02 PM,DEMO-IL-000460,1,HVAC-DIAG,Service,HVAC diagnostic / service call,1,$95.00,$95.00,$0.00,No,$0.00,$0.00
DEMO-J-000222,No Heat,Furnace short cycling,Completed,Scheduled,phone,DEMO-E-00003,12/7/2025 3:15 PM,12/12/2025 3:46 PM,,,,,,DEMO-C-00016,Estel Kunde,DEMO-L-00018,HVAC Service,,DEMO-I-000209,12/12/2025,12/12/2025,Paid,,Furnace short cycling,"$1,245.00",$267.00,$0.00,$978.00,$0.00,12/12/2025 4:02 PM,DEMO-IL-000461,2,HVAC-BLWMTR,Service,Replace blower motor (PSC),1,"$1,150.00",$172.00,$978.00,No,$0.00,$260.00
DEMO-J-000223,Other,Faucet dripping,Completed,Scheduled,phone,DEMO-E-00003,12/10/2025 8:31 AM,12/12/2025 10:28 AM,,,,,,DEMO-C-00017,German Thompson,DEMO-L-00019,Plumbing,,DEMO-I-000210,12/12/2025,12/12/2025,Paid,,Faucet dripping,$790.00,$199.00,$0.00,$591.00,$0.00,1/9/2026 3:53 PM,DEMO-IL-000462,1,PL-DIAG,Service,Plumbing diagnostic / service call,1,$95.00,$95.00,$0.00,No,$0.00,$0.00
DEMO-J-000223,Other,Faucet dripping,Completed,Scheduled,phone,DEMO-E-00003,12/10/2025 8:31 AM,12/12/2025 10:28 AM,,,,,,DEMO-C-00017,German Thompson,DEMO-L-00019,Plumbing,,DEMO-I-000210,12/12/2025,12/12/2025,Paid,,Faucet dripping,$790.00,$199.00,$0.00,$591.00,$0.00,1/9/2026 3:53 PM,DEMO-IL-000463,2,PL-TOILET-NEW,Service,Replace toilet,1,$695.00,$104.00,$591.00,No,$0.00,$210.00
DEMO-J-000224,Drain,Main line backing up,Completed,Scheduled,phone,DEMO-E-00003,12/6/2025 1:11 PM,12/12/2025 12:30 PM,,,,,,DEMO-C-00018,Thad Hilll,DEMO-L-00020,Plumbing,,DEMO-I-000211,12/12/2025,12/12/2025,Open,,Main line backing up,$225.00,$34.00,$0.00,$191.00,$191.00,,DEMO-IL-000464,1,PL-DRAIN-SM,Service,Clear sink or tub drain,1,$225.00,$34.00,$191.00,No,$0.00,$5.00
DEMO-J-000225,Drain,Kitchen sink clogged,Completed,Scheduled,phone,DEMO-E-00003,12/7/2025 2:29 PM,12/12/2025 9:53 AM,,,,,,DEMO-C-00004,Brennon Homenick,DEMO-L-00004,Plumbing,,DEMO-I-000212,12/12/2025,12/12/2025,Paid,,Kitchen sink clogged,$395.00,$59.00,$0.00,$336.00,$0.00,12/12/2025 10:12 AM,DEMO-IL-000465,1,PL-DRAIN-MAIN,Service,Clear main drain line,1,$395.00,$59.00,$336.00,No,$0.00,$10.00
DEMO-J-000226,Drain,Kitchen sink clogged,Completed,Scheduled,phone,DEMO-E-00003,12/11/2025 1:05 PM,12/12/2025 12:27 PM,,,,,,DEMO-C-00016,Estel Kunde,DEMO-L-00018,Plumbing,,DEMO-I-000213,12/12/2025,12/12/2025,Paid,,Kitchen sink clogged,$395.00,$59.00,$0.00,$336.00,$0.00,12/12/2025 12:37 PM,DEMO-IL-000466,1,PL-DRAIN-MAIN,Service,Clear main drain line,1,$395.00,$59.00,$336.00,No,$0.00,$10.00
DEMO-J-000227,Water Heater,No hot water,Completed,Scheduled,phone,DEMO-E-00003,12/7/2025 2:13 PM,12/12/2025 5:08 PM,,,,,,DEMO-C-00020,Seth King,DEMO-L-00022,Plumbing,,DEMO-I-000214,12/12/2025,12/12/2025,Paid,,No hot water,"$2,290.00",$424.00,$130.62,"$1,996.62",$0.00,12/12/2025 5:14 PM,DEMO-IL-000467,1,PL-DIAG,Service,Plumbing diagnostic / service call,1,$95.00,$95.00,$0.00,No,$0.00,$0.00
DEMO-J-000227,Water Heater,No hot water,Completed,Scheduled,phone,DEMO-E-00003,12/7/2025 2:13 PM,12/12/2025 5:08 PM,,,,,,DEMO-C-00020,Seth King,DEMO-L-00022,Plumbing,,DEMO-I-000214,12/12/2025,12/12/2025,Paid,,No hot water,"$2,290.00",$424.00,$130.62,"$1,996.62",$0.00,12/12/2025 5:14 PM,DEMO-IL-000468,2,PL-WH40,Equipment,40-gallon water heater (installed),1,"$2,195.00",$329.00,"$1,866.00",Yes,$130.62,$780.00
DEMO-J-000228,No Heat,No heat,Completed,Emergency,phone,DEMO-E-00002,12/12/2025 7:00 AM,12/12/2025 10:47 AM,,,,,,DEMO-C-00025,Micah Larkin,DEMO-L-00027,HVAC Service,,DEMO-I-000215,12/12/2025,12/12/2025,Paid,,No heat,$735.00,$191.00,$17.57,$561.57,$0.00,12/12/2025 10:58 AM,DEMO-IL-000469,1,HVAC-DIAG,Service,HVAC diagnostic / service call,1,$95.00,$95.00,$0.00,No,$0.00,$0.00
DEMO-J-000228,No Heat,No heat,Completed,Emergency,phone,DEMO-E-00002,12/12/2025 7:00 AM,12/12/2025 10:47 AM,,,,,,DEMO-C-00025,Micah Larkin,DEMO-L-00027,HVAC Service,,DEMO-I-000215,12/12/2025,12/12/2025,Paid,,No heat,$735.00,$191.00,$17.57,$561.57,$0.00,12/12/2025 10:58 AM,DEMO-IL-000470,2,HVAC-IGN,Service,Replace hot surface ignitor,1,$345.00,$52.00,$293.00,No,$0.00,$38.00
DEMO-J-000228,No Heat,No heat,Completed,Emergency,phone,DEMO-E-00002,12/12/2025 7:00 AM,12/12/2025 10:47 AM,,,,,,DEMO-C-00025,Micah Larkin,DEMO-L-00027,HVAC Service,,DEMO-I-000215,12/12/2025,12/12/2025,Paid,,No heat,$735.00,$191.00,$17.57,$561.57,$0.00,12/12/2025 10:58 AM,DEMO-IL-000471,3,ELEC-SURGE,Equipment,HVAC surge protector,1,$295.00,$44.00,$251.00,Yes,$17.57,$45.00
DEMO-J-000229,Leak,Pipe leak in crawlspace,Completed,Scheduled,phone,DEMO-E-00003,12/6/2025 3:35 PM,12/12/2025 1:41 PM,,,,,,DEMO-C-00002,Natasha Pfannerstill,DEMO-L-00002,Plumbing,,DEMO-I-000216,12/12/2025,12/12/2025,Paid,,Pipe leak in crawlspace,$520.00,$0.00,$0.00,$520.00,$0.00,12/12/2025 1:54 PM,DEMO-IL-000472,1,PL-DIAG,Service,Plumbing diagnostic / service call,1,$95.00,$0.00,$95.00,No,$0.00,$0.00
DEMO-J-000229,Leak,Pipe leak in crawlspace,Completed,Scheduled,phone,DEMO-E-00003,12/6/2025 3:35 PM,12/12/2025 1:41 PM,,,,,,DEMO-C-00002,Natasha Pfannerstill,DEMO-L-00002,Plumbing,,DEMO-I-000216,12/12/2025,12/12/2025,Paid,,Pipe leak in crawlspace,$520.00,$0.00,$0.00,$520.00,$0.00,12/12/2025 1:54 PM,DEMO-IL-000473,2,PL-LEAK,Service,Repair pipe leak,1,$425.00,$0.00,$425.00,No,$0.00,$35.00
DEMO-J-000230,Water Heater,Water heater making noise,Completed,Today,phone,DEMO-E-00001,12/12/2025 9:58 AM,12/12/2025 4:19 PM,,,,,,DEMO-C-00005,Gardner Keebler,DEMO-L-00005,Plumbing,,DEMO-I-000217,12/12/2025,12/12/2025,Paid,,Water heater making noise,$520.00,$0.00,$0.00,$520.00,$0.00,12/12/2025 4:26 PM,DEMO-IL-000474,1,PL-DIAG,Service,Plumbing diagnostic / service call,1,$95.00,$0.00,$95.00,No,$0.00,$0.00
DEMO-J-000230,Water Heater,Water heater making noise,Completed,Today,phone,DEMO-E-00001,12/12/2025 9:58 AM,12/12/2025 4:19 PM,,,,,,DEMO-C-00005,Gardner Keebler,DEMO-L-00005,Plumbing,,DEMO-I-000217,12/12/2025,12/12/2025,Paid,,Water heater making noise,$520.00,$0.00,$0.00,$520.00,$0.00,12/12/2025 4:26 PM,DEMO-IL-000475,2,PL-LEAK,Service,Repair pipe leak,1,$425.00,$0.00,$425.00,No,$0.00,$35.00
DEMO-J-000231,No Cooling,AC not keeping up,Completed,Emergency,phone,DEMO-E-00003,12/13/2025 7:59 AM,12/13/2025 12:11 PM,,,,,,DEMO-C-00010,Alize Cassin,DEMO-L-00012,HVAC Service,,DEMO-I-000218,12/13/2025,12/13/2025,Open,,AC not keeping up,"$1,515.00",$0.00,$43.75,"$1,558.75","$1,558.75",,DEMO-IL-000476,1,HVAC-DIAG,Service,HVAC diagnostic / service call,1,$95.00,$0.00,$95.00,No,$0.00,$0.00
DEMO-J-000231,No Cooling,AC not keeping up,Completed,Emergency,phone,DEMO-E-00003,12/13/2025 7:59 AM,12/13/2025 12:11 PM,,,,,,DEMO-C-00010,Alize Cassin,DEMO-L-00012,HVAC Service,,DEMO-I-000218,12/13/2025,12/13/2025,Open,,AC not keeping up,"$1,515.00",$0.00,$43.75,"$1,558.75","$1,558.75",,DEMO-IL-000477,2,HVAC-FANMTR,Service,Replace condenser fan motor,1,$795.00,$0.00,$795.00,No,$0.00,$185.00
DEMO-J-000231,No Cooling,AC not keeping up,Completed,Emergency,phone,DEMO-E-00003,12/13/2025 7:59 AM,12/13/2025 12:11 PM,,,,,,DEMO-C-00010,Alize Cassin,DEMO-L-00012,HVAC Service,,DEMO-I-000218,12/13/2025,12/13/2025,Open,,AC not keeping up,"$1,515.00",$0.00,$43.75,"$1,558.75","$1,558.75",,DEMO-IL-000478,3,HVAC-R410A,Material,Refrigerant R-410A (per lb),5,$125.00,$0.00,$625.00,Yes,$43.75,$110.00
DEMO-J-000232,Drain,Kitchen sink clogged,Completed,Emergency,phone,DEMO-E-00003,12/13/2025 7:57 AM,12/13/2025 12:15 PM,,,,,,DEMO-C-00027,Sidney Kohler,DEMO-L-00029,Plumbing,,DEMO-I-000219,12/13/2025,12/13/2025,Paid,,Kitchen sink clogged,$395.00,$0.00,$0.00,$395.00,$0.00,12/13/2025 12:33 PM,DEMO-IL-000479,1,PL-DRAIN-MAIN,Service,Clear main drain line,1,$395.00,$0.00,$395.00,No,$0.00,$10.00
DEMO-J-000233,Drain,Main line backing up,Completed,Emergency,phone,DEMO-E-00003,12/13/2025 11:22 AM,12/13/2025 3:20 PM,,,,,,DEMO-C-00007,Roxane Williamson,DEMO-L-00008,Plumbing,,DEMO-I-000220,12/13/2025,12/13/2025,Paid,,Main line backing up,$520.00,$0.00,$0.00,$520.00,$0.00,12/25/2025 9:44 AM,DEMO-IL-000480,1,PL-DRAIN-SM,Service,Clear sink or tub drain,1,$225.00,$0.00,$225.00,No,$0.00,$5.00
DEMO-J-000233,Drain,Main line backing up,Completed,Emergency,phone,DEMO-E-00003,12/13/2025 11:22 AM,12/13/2025 3:20 PM,,,,,,DEMO-C-00007,Roxane Williamson,DEMO-L-00008,Plumbing,,DEMO-I-000220,12/13/2025,12/13/2025,Paid,,Main line backing up,$520.00,$0.00,$0.00,$520.00,$0.00,12/25/2025 9:44 AM,DEMO-IL-000481,2,PL-CAMERA,Service,Sewer camera inspection,1,$295.00,$0.00,$295.00,No,$0.00,$0.00
DEMO-J-000234,New Construction,"New construction HVAC, lot 1",In Progress,Scheduled,builder,DEMO-E-00002,12/15/2025 10:00 AM,,,,,,,DEMO-C-00059,Heron Ridge Builders LLC,DEMO-L-00083,New Construction,PO-52991,DEMO-I-000221,12/15/2025,1/14/2026,Open,Deposit,"New construction HVAC, lot 1","$3,325.00",$0.00,$0.00,"$3,325.00","$3,325.00",,DEMO-IL-000482,1,NC-HVAC-HOME,Service,"New construction HVAC, per home: deposit (25%)",1,"$3,325.00",$0.00,"$3,325.00",No,$0.00,$0.00
DEMO-J-000234,New Construction,"New construction HVAC, lot 1",In Progress,Scheduled,builder,DEMO-E-00002,12/15/2025 10:00 AM,,,,,,,DEMO-C-00059,Heron Ridge Builders LLC,DEMO-L-00083,New Construction,PO-52991,DEMO-I-000382,1/6/2026,2/5/2026,Open,Rough-In,"New construction HVAC, lot 1","$4,655.00",$0.00,$0.00,"$4,655.00","$4,655.00",,DEMO-IL-000843,1,NC-HVAC-HOME,Service,"New construction HVAC, per home: rough-in (35%)",1,"$4,655.00",$0.00,"$4,655.00",No,$0.00,"$3,990.00"
DEMO-J-000235,No Cooling,AC not keeping up,Completed,Emergency,phone,DEMO-E-00003,12/15/2025 7:00 AM,12/15/2025 10:38 AM,,,,,,DEMO-C-00004,Brennon Homenick,DEMO-L-00004,HVAC Service,,DEMO-I-000222,12/15/2025,12/15/2025,Paid,,AC not keeping up,$890.00,$214.00,$0.00,$676.00,$0.00,12/15/2025 10:52 AM,DEMO-IL-000483,1,HVAC-DIAG,Service,HVAC diagnostic / service call,1,$95.00,$95.00,$0.00,No,$0.00,$0.00
DEMO-J-000235,No Cooling,AC not keeping up,Completed,Emergency,phone,DEMO-E-00003,12/15/2025 7:00 AM,12/15/2025 10:38 AM,,,,,,DEMO-C-00004,Brennon Homenick,DEMO-L-00004,HVAC Service,,DEMO-I-000222,12/15/2025,12/15/2025,Paid,,AC not keeping up,$890.00,$214.00,$0.00,$676.00,$0.00,12/15/2025 10:52 AM,DEMO-IL-000484,2,HVAC-FANMTR,Service,Replace condenser fan motor,1,$795.00,$119.00,$676.00,No,$0.00,$185.00
DEMO-J-000236,No Cooling,Unit tripping breaker,Completed,Emergency,phone,DEMO-E-00003,12/15/2025 8:37 AM,12/15/2025 1:09 PM,,,,,,DEMO-C-00032,Cypress Hardware Group,DEMO-L-00037,Commercial & Refrigeration,,DEMO-I-000223,12/15/2025,1/14/2026,Open,,Unit tripping breaker,$490.00,$0.00,$0.00,$490.00,$490.00,,DEMO-IL-000485,1,COM-DIAG,Service,Commercial service call,1,$165.00,$0.00,$165.00,No,$0.00,$0.00
DEMO-J-000236,No Cooling,Unit tripping breaker,Completed,Emergency,phone,DEMO-E-00003,12/15/2025 8:37 AM,12/15/2025 1:09 PM,,,,,,DEMO-C-00032,Cypress Hardware Group,DEMO-L-00037,Commercial & Refrigeration,,DEMO-I-000223,12/15/2025,1/14/2026,Open,,Unit tripping breaker,$490.00,$0.00,$0.00,$490.00,$490.00,,DEMO-IL-000486,2,REF-GASKET,Service,Replace door gasket,1,$325.00,$0.00,$325.00,No,$0.00,$85.00
DEMO-J-000237,No Heat,Heat pump blowing cold air,Completed,Scheduled,phone,DEMO-E-00002,12/10/2025 1:52 PM,12/15/2025 12:36 PM,,,,,,DEMO-C-00022,Clementina Jacobson,DEMO-L-00024,HVAC Service,,DEMO-I-000224,12/15/2025,12/15/2025,Paid,,Heat pump blowing cold air,"$2,695.00",$0.00,$0.00,"$2,695.00",$0.00,12/16/2025 8:54 PM,DEMO-IL-000487,1,HVAC-DIAG,Service,HVAC diagnostic / service call,1,$95.00,$0.00,$95.00,No,$0.00,$0.00
DEMO-J-000237,No Heat,Heat pump blowing cold air,Completed,Scheduled,phone,DEMO-E-00002,12/10/2025 1:52 PM,12/15/2025 12:36 PM,,,,,,DEMO-C-00022,Clementina Jacobson,DEMO-L-00024,HVAC Service,,DEMO-I-000224,12/15/2025,12/15/2025,Paid,,Heat pump blowing cold air,"$2,695.00",$0.00,$0.00,"$2,695.00",$0.00,12/16/2025 8:54 PM,DEMO-IL-000488,2,HVAC-BLWMTR,Service,Replace blower motor (PSC),1,"$1,150.00",$0.00,"$1,150.00",No,$0.00,$260.00
DEMO-J-000237,No Heat,Heat pump blowing cold air,Completed,Scheduled,phone,DEMO-E-00002,12/10/2025 1:52 PM,12/15/2025 12:36 PM,,,,,,DEMO-C-00022,Clementina Jacobson,DEMO-L-00024,HVAC Service,,DEMO-I-000224,12/15/2025,12/15/2025,Paid,,Heat pump blowing cold air,"$2,695.00",$0.00,$0.00,"$2,695.00",$0.00,12/16/2025 8:54 PM,DEMO-IL-000489,3,HVAC-BOARD,Service,Replace control board,1,"$1,450.00",$0.00,"$1,450.00",No,$0.00,$310.00
DEMO-J-000238,No Cooling,Outdoor unit not running,Completed,Today,phone,DEMO-E-00003,12/15/2025 8:03 AM,12/15/2025 3:52 PM,,,,,,DEMO-C-00010,Alize Cassin,DEMO-L-00011,HVAC Service,,DEMO-I-000225,12/15/2025,12/15/2025,Paid,,Outdoor unit not running,"$1,563.00",$0.00,$69.30,"$1,632.30",$0.00,12/15/2025 4:08 PM,DEMO-IL-000490,1,HVAC-DIAG,Service,HVAC diagnostic / service call,1,$95.00,$0.00,$95.00,No,$0.00,$0.00
DEMO-J-000238,No Cooling,Outdoor unit not running,Completed,Today,phone,DEMO-E-00003,12/15/2025 8:03 AM,12/15/2025 3:52 PM,,,,,,DEMO-C-00010,Alize Cassin,DEMO-L-00011,HVAC Service,,DEMO-I-000225,12/15/2025,12/15/2025,Paid,,Outdoor unit not running,"$1,563.00",$0.00,$69.30,"$1,632.30",$0.00,12/15/2025 4:08 PM,DEMO-IL-000491,2,HVAC-DRAIN,Service,Clear condensate drain line,1,$189.00,$0.00,$189.00,No,$0.00,$6.00
DEMO-J-000238,No Cooling,Outdoor unit not running,Completed,Today,phone,DEMO-E-00003,12/15/2025 8:03 AM,12/15/2025 3:52 PM,,,,,,DEMO-C-00010,Alize Cassin,DEMO-L-00011,HVAC Service,,DEMO-I-000225,12/15/2025,12/15/2025,Paid,,Outdoor unit not running,"$1,563.00",$0.00,$69.30,"$1,632.30",$0.00,12/15/2025 4:08 PM,DEMO-IL-000492,3,HVAC-CAP,Service,Replace run capacitor,1,$289.00,$0.00,$289.00,No,$0.00,$28.00
DEMO-J-000238,No Cooling,Outdoor unit not running,Completed,Today,phone,DEMO-E-00003,12/15/2025 8:03 AM,12/15/2025 3:52 PM,,,,,,DEMO-C-00010,Alize Cassin,DEMO-L-00011,HVAC Service,,DEMO-I-000225,12/15/2025,12/15/2025,Paid,,Outdoor unit not running,"$1,563.00",$0.00,$69.30,"$1,632.30",$0.00,12/15/2025 4:08 PM,DEMO-IL-000493,4,IAQ-UV,Equipment,UV light (coil and air),1,$695.00,$0.00,$695.00,Yes,$48.65,$165.00
DEMO-J-000238,No Cooling,Outdoor unit not running,Completed,Today,phone,DEMO-E-00003,12/15/2025 8:03 AM,12/15/2025 3:52 PM,,,,,,DEMO-C-00010,Alize Cassin,DEMO-L-00011,HVAC Service,,DEMO-I-000225,12/15/2025,12/15/2025,Paid,,Outdoor unit not running,"$1,563.00",$0.00,$69.30,"$1,632.30",$0.00,12/15/2025 4:08 PM,DEMO-IL-000494,5,ELEC-SURGE,Equipment,HVAC surge protector,1,$295.00,$0.00,$295.00,Yes,$20.65,$45.00
DEMO-J-000239,No Heat,Heat pump blowing cold air,Completed,Scheduled,phone,DEMO-E-00003,12/12/2025 4:06 PM,12/15/2025 11:02 AM,,,,,,DEMO-C-00002,Natasha Pfannerstill,DEMO-L-00002,HVAC Service,,DEMO-I-000226,12/15/2025,12/15/2025,Paid,,Heat pump blowing cold air,"$1,085.00",$0.00,$20.65,"$1,105.65",$0.00,12/15/2025 11:15 AM,DEMO-IL-000495,1,HVAC-DIAG,Service,HVAC diagnostic / service call,1,$95.00,$0.00,$95.00,No,$0.00,$0.00
DEMO-J-000239,No Heat,Heat pump blowing cold air,Completed,Scheduled,phone,DEMO-E-00003,12/12/2025 4:06 PM,12/15/2025 11:02 AM,,,,,,DEMO-C-00002,Natasha Pfannerstill,DEMO-L-00002,HVAC Service,,DEMO-I-000226,12/15/2025,12/15/2025,Paid,,Heat pump blowing cold air,"$1,085.00",$0.00,$20.65,"$1,105.65",$0.00,12/15/2025 11:15 AM,DEMO-IL-000496,2,HVAC-DEFROST,Service,Replace heat pump defrost board,1,$695.00,$0.00,$695.00,No,$0.00,$140.00
DEMO-J-000239,No Heat,Heat pump blowing cold air,Completed,Scheduled,phone,DEMO-E-00003,12/12/2025 4:06 PM,12/15/2025 11:02 AM,,,,,,DEMO-C-00002,Natasha Pfannerstill,DEMO-L-00002,HVAC Service,,DEMO-I-000226,12/15/2025,12/15/2025,Paid,,Heat pump blowing cold air,"$1,085.00",$0.00,$20.65,"$1,105.65",$0.00,12/15/2025 11:15 AM,DEMO-IL-000497,3,ELEC-SURGE,Equipment,HVAC surge protector,1,$295.00,$0.00,$295.00,Yes,$20.65,$45.00
DEMO-J-000240,No Heat,Strange smell from furnace,Completed,Scheduled,phone,DEMO-E-00003,12/10/2025 1:56 PM,12/15/2025 1:06 PM,,,,,,DEMO-C-00011,Cole Flatley,DEMO-L-00013,HVAC Service,,DEMO-I-000227,12/15/2025,12/15/2025,Paid,,Strange smell from furnace,$440.00,$147.00,$0.00,$293.00,$0.00,12/15/2025 1:19 PM,DEMO-IL-000498,1,HVAC-DIAG,Service,HVAC diagnostic / service call,1,$95.00,$95.00,$0.00,No,$0.00,$0.00
DEMO-J-000240,No Heat,Strange smell from furnace,Completed,Scheduled,phone,DEMO-E-00003,12/10/2025 1:56 PM,12/15/2025 1:06 PM,,,,,,DEMO-C-00011,Cole Flatley,DEMO-L-00013,HVAC Service,,DEMO-I-000227,12/15/2025,12/15/2025,Paid,,Strange smell from furnace,$440.00,$147.00,$0.00,$293.00,$0.00,12/15/2025 1:19 PM,DEMO-IL-000499,2,HVAC-IGN,Service,Replace hot surface ignitor,1,$345.00,$52.00,$293.00,No,$0.00,$38.00
DEMO-J-000241,Estimate,Replacement estimate,Completed,Scheduled,web,DEMO-E-00003,12/13/2025 11:14 AM,12/15/2025 9:44 AM,,,,,,DEMO-C-00002,Natasha Pfannerstill,DEMO-L-00002,HVAC Replacement,,,,,,,,,,,,,,,,,,,,,,,,,
DEMO-J-000242,No Heat,Furnace short cycling,Completed,Scheduled,phone,DEMO-E-00003,12/12/2025 3:53 PM,12/15/2025 11:30 AM,,,,,,DEMO-C-00028,Freida Kohler,DEMO-L-00030,HVAC Service,,DEMO-I-000228,12/15/2025,12/15/2025,Paid,,Furnace short cycling,$284.00,$123.00,$0.00,$161.00,$0.00,12/15/2025 11:41 AM,DEMO-IL-000500,1,HVAC-DIAG,Service,HVAC diagnostic / service call,1,$95.00,$95.00,$0.00,No,$0.00,$0.00
DEMO-J-000242,No Heat,Furnace short cycling,Completed,Scheduled,phone,DEMO-E-00003,12/12/2025 3:53 PM,12/15/2025 11:30 AM,,,,,,DEMO-C-00028,Freida Kohler,DEMO-L-00030,HVAC Service,,DEMO-I-000228,12/15/2025,12/15/2025,Paid,,Furnace short cycling,$284.00,$123.00,$0.00,$161.00,$0.00,12/15/2025 11:41 AM,DEMO-IL-000501,2,HVAC-FLAME,Service,Clean or replace flame sensor,1,$189.00,$28.00,$161.00,No,$0.00,$15.00
DEMO-J-000243,Other,Water quality consultation,Completed,Scheduled,phone,DEMO-E-00003,12/11/2025 8:34 AM,12/15/2025 12:35 PM,,,,,,DEMO-C-00003,Madalyn Toy,DEMO-L-00003,Plumbing,,DEMO-I-000229,12/15/2025,12/15/2025,Paid,,Water quality consultation,"$2,890.00",$0.00,$195.65,"$3,085.65",$0.00,12/15/2025 12:46 PM,DEMO-IL-000502,1,PL-DIAG,Service,Plumbing diagnostic / service call,1,$95.00,$0.00,$95.00,No,$0.00,$0.00
DEMO-J-000243,Other,Water quality consultation,Completed,Scheduled,phone,DEMO-E-00003,12/11/2025 8:34 AM,12/15/2025 12:35 PM,,,,,,DEMO-C-00003,Madalyn Toy,DEMO-L-00003,Plumbing,,DEMO-I-000229,12/15/2025,12/15/2025,Paid,,Water quality consultation,"$2,890.00",$0.00,$195.65,"$3,085.65",$0.00,12/15/2025 12:46 PM,DEMO-IL-000503,2,WTR-SOFT,Equipment,Water softener,1,"$2,795.00",$0.00,"$2,795.00",Yes,$195.65,$980.00
DEMO-J-000244,Water Heater,No hot water,Completed,Scheduled,phone,DEMO-E-00003,12/11/2025 8:09 AM,12/15/2025 5:47 PM,,,,,,DEMO-C-00006,Inez McLaughlin,DEMO-L-00006,Plumbing,,DEMO-I-000230,12/15/2025,12/15/2025,Paid,,No hot water,"$2,590.00",$469.00,$148.47,"$2,269.47",$0.00,1/7/2026 11:37 AM,DEMO-IL-000504,1,PL-DIAG,Service,Plumbing diagnostic / service call,1,$95.00,$95.00,$0.00,No,$0.00,$0.00
DEMO-J-000244,Water Heater,No hot water,Completed,Scheduled,phone,DEMO-E-00003,12/11/2025 8:09 AM,12/15/2025 5:47 PM,,,,,,DEMO-C-00006,Inez McLaughlin,DEMO-L-00006,Plumbing,,DEMO-I-000230,12/15/2025,12/15/2025,Paid,,No hot water,"$2,590.00",$469.00,$148.47,"$2,269.47",$0.00,1/7/2026 11:37 AM,DEMO-IL-000505,2,PL-WH50,Equipment,50-gallon water heater (installed),1,"$2,495.00",$374.00,"$2,121.00",Yes,$148.47,$890.00
DEMO-J-000245,Water Heater,Water heater leaking,Completed,Scheduled,phone,DEMO-E-00003,12/9/2025 10:18 AM,12/15/2025 10:17 AM,,,,,,DEMO-C-00002,Natasha Pfannerstill,DEMO-L-00002,Plumbing,,DEMO-I-000231,12/15/2025,12/15/2025,Paid,,Water heater leaking,$520.00,$0.00,$0.00,$520.00,$0.00,12/15/2025 10:36 AM,DEMO-IL-000506,1,PL-DIAG,Service,Plumbing diagnostic / service call,1,$95.00,$0.00,$95.00,No,$0.00,$0.00
DEMO-J-000245,Water Heater,Water heater leaking,Completed,Scheduled,phone,DEMO-E-00003,12/9/2025 10:18 AM,12/15/2025 10:17 AM,,,,,,DEMO-C-00002,Natasha Pfannerstill,DEMO-L-00002,Plumbing,,DEMO-I-000231,12/15/2025,12/15/2025,Paid,,Water heater leaking,$520.00,$0.00,$0.00,$520.00,$0.00,12/15/2025 10:36 AM,DEMO-IL-000507,2,PL-LEAK,Service,Repair pipe leak,1,$425.00,$0.00,$425.00,No,$0.00,$35.00
DEMO-J-000246,Leak,Pipe leak in crawlspace,Completed,Scheduled,phone,DEMO-E-00003,12/14/2025 4:17 PM,12/15/2025 1:26 PM,,,,,,DEMO-C-00006,Inez McLaughlin,DEMO-L-00007,Plumbing,,DEMO-I-000232,12/15/2025,12/15/2025,Paid,,Pipe leak in crawlspace,$520.00,$0.00,$0.00,$520.00,$0.00,12/15/2025 1:31 PM,DEMO-IL-000508,1,PL-DIAG,Service,Plumbing diagnostic / service call,1,$95.00,$0.00,$95.00,No,$0.00,$0.00
DEMO-J-000246,Leak,Pipe leak in crawlspace,Completed,Scheduled,phone,DEMO-E-00003,12/14/2025 4:17 PM,12/15/2025 1:26 PM,,,,,,DEMO-C-00006,Inez McLaughlin,DEMO-L-00007,Plumbing,,DEMO-I-000232,12/15/2025,12/15/2025,Paid,,Pipe leak in crawlspace,$520.00,$0.00,$0.00,$520.00,$0.00,12/15/2025 1:31 PM,DEMO-IL-000509,2,PL-LEAK,Service,Repair pipe leak,1,$425.00,$0.00,$425.00,No,$0.00,$35.00
DEMO-J-000247,Water Heater,Water heater making noise,Completed,Today,phone,DEMO-E-00003,12/15/2025 10:06 AM,12/15/2025 4:07 PM,,,,,,DEMO-C-00028,Freida Kohler,DEMO-L-00030,Plumbing,,DEMO-I-000233,12/15/2025,12/15/2025,Paid,,Water heater making noise,$520.00,$159.00,$0.00,$361.00,$0.00,12/15/2025 4:21 PM,DEMO-IL-000510,1,PL-DIAG,Service,Plumbing diagnostic / service call,1,$95.00,$95.00,$0.00,No,$0.00,$0.00
DEMO-J-000247,Water Heater,Water heater making noise,Completed,Today,phone,DEMO-E-00003,12/15/2025 10:06 AM,12/15/2025 4:07 PM,,,,,,DEMO-C-00028,Freida Kohler,DEMO-L-00030,Plumbing,,DEMO-I-000233,12/15/2025,12/15/2025,Paid,,Water heater making noise,$520.00,$159.00,$0.00,$361.00,$0.00,12/15/2025 4:21 PM,DEMO-IL-000511,2,PL-LEAK,Service,Repair pipe leak,1,$425.00,$64.00,$361.00,No,$0.00,$35.00
DEMO-J-000248,Other,Toilet running,Completed,Scheduled,phone,DEMO-E-00003,12/9/2025 10:35 AM,12/15/2025 10:18 AM,,,,,,DEMO-C-00021,Silas Bauch,DEMO-L-00023,Plumbing,,DEMO-I-000234,12/15/2025,12/15/2025,Open,,Toilet running,$440.00,$0.00,$0.00,$440.00,$440.00,,DEMO-IL-000512,1,PL-DIAG,Service,Plumbing diagnostic / service call,1,$95.00,$0.00,$95.00,No,$0.00,$0.00
DEMO-J-000248,Other,Toilet running,Completed,Scheduled,phone,DEMO-E-00003,12/9/2025 10:35 AM,12/15/2025 10:18 AM,,,,,,DEMO-C-00021,Silas Bauch,DEMO-L-00023,Plumbing,,DEMO-I-000234,12/15/2025,12/15/2025,Open,,Toilet running,$440.00,$0.00,$0.00,$440.00,$440.00,,DEMO-IL-000513,2,PL-FAUCET,Service,Replace faucet,1,$345.00,$0.00,$345.00,No,$0.00,$95.00
DEMO-J-000249,Tune Up,Fall heating tune-up,Completed,Scheduled,membership,DEMO-E-00003,12/9/2025 8:51 AM,12/15/2025 12:33 PM,,,,,,DEMO-C-00011,Cole Flatley,DEMO-L-00013,HVAC Service,,DEMO-I-000235,12/15/2025,12/15/2025,Paid,,Fall heating tune-up,$318.00,$157.00,$0.00,$161.00,$0.00,12/15/2025 12:42 PM,DEMO-IL-000514,1,HVAC-TUNE-HT,Service,Heating tune-up (fall heating),1,$129.00,$129.00,$0.00,No,$0.00,$8.00
DEMO-J-000249,Tune Up,Fall heating tune-up,Completed,Scheduled,membership,DEMO-E-00003,12/9/2025 8:51 AM,12/15/2025 12:33 PM,,,,,,DEMO-C-00011,Cole Flatley,DEMO-L-00013,HVAC Service,,DEMO-I-000235,12/15/2025,12/15/2025,Paid,,Fall heating tune-up,$318.00,$157.00,$0.00,$161.00,$0.00,12/15/2025 12:42 PM,DEMO-IL-000515,2,HVAC-DRAIN,Service,Clear condensate drain line,1,$189.00,$28.00,$161.00,No,$0.00,$6.00
DEMO-J-000250,Maintenance,Quarterly preventive maintenance,Completed,Scheduled,phone,DEMO-E-00003,12/14/2025 9:40 AM,12/16/2025 10:13 AM,,,,,,DEMO-C-00037,Juniper Pharmacy,DEMO-L-00055,Commercial & Refrigeration,,DEMO-I-000236,12/16/2025,1/15/2026,Open,,Quarterly preventive maintenance,"$1,242.00",$0.00,$0.00,"$1,242.00","$1,242.00",,DEMO-IL-000516,1,COM-PM,Service,Commercial preventive maintenance (per unit),3,$225.00,$0.00,$675.00,No,$0.00,$75.00
DEMO-J-000250,Maintenance,Quarterly preventive maintenance,Completed,Scheduled,phone,DEMO-E-00003,12/14/2025 9:40 AM,12/16/2025 10:13 AM,,,,,,DEMO-C-00037,Juniper Pharmacy,DEMO-L-00055,Commercial & Refrigeration,,DEMO-I-000236,12/16/2025,1/15/2026,Open,,Quarterly preventive maintenance,"$1,242.00",$0.00,$0.00,"$1,242.00","$1,242.00",,DEMO-IL-000517,2,COM-BELT,Service,Replace RTU belt,3,$189.00,$0.00,$567.00,No,$0.00,$66.00
DEMO-J-000251,No Cooling,RTU not cooling,Completed,Scheduled,phone,DEMO-E-00003,12/15/2025 4:16 PM,12/16/2025 1:25 PM,,,,,,DEMO-C-00031,Harbor Light Market Group,DEMO-L-00033,Commercial & Refrigeration,PO-53932,DEMO-I-000237,12/16/2025,12/31/2025,Paid,,RTU not cooling,$999.00,$0.00,$0.00,$999.00,$0.00,12/31/2025 11:00 AM,DEMO-IL-000518,1,COM-DIAG,Service,Commercial service call,1,$165.00,$0.00,$165.00,No,$0.00,$0.00
DEMO-J-000251,No Cooling,RTU not cooling,Completed,Scheduled,phone,DEMO-E-00003,12/15/2025 4:16 PM,12/16/2025 1:25 PM,,,,,,DEMO-C-00031,Harbor Light Market Group,DEMO-L-00033,Commercial & Refrigeration,PO-53932,DEMO-I-000237,12/16/2025,12/31/2025,Paid,,RTU not cooling,$999.00,$0.00,$0.00,$999.00,$0.00,12/31/2025 11:00 AM,DEMO-IL-000519,2,HVAC-CAP,Service,Replace run capacitor,1,$289.00,$0.00,$289.00,No,$0.00,$28.00
DEMO-J-000251,No Cooling,RTU not cooling,Completed,Scheduled,phone,DEMO-E-00003,12/15/2025 4:16 PM,12/16/2025 1:25 PM,,,,,,DEMO-C-00031,Harbor Light Market Group,DEMO-L-00033,Commercial & Refrigeration,PO-53932,DEMO-I-000237,12/16/2025,12/31/2025,Paid,,RTU not cooling,$999.00,$0.00,$0.00,$999.00,$0.00,12/31/2025 11:00 AM,DEMO-IL-000520,3,REF-DEFROST,Service,Replace defrost timer,1,$545.00,$0.00,$545.00,No,$0.00,$95.00
DEMO-J-000252,No Heat,Furnace short cycling,Completed,Today,phone,DEMO-E-00003,12/16/2025 7:00 AM,12/16/2025 1:12 PM,,,,,,DEMO-C-00022,Clementina Jacobson,DEMO-L-00024,HVAC Service,,DEMO-I-000238,12/16/2025,12/16/2025,Paid,,Furnace short cycling,"$2,735.00",$0.00,$104.30,"$2,839.30",$0.00,12/16/2025 1:25 PM,DEMO-IL-000521,1,HVAC-DIAG,Service,HVAC diagnostic / service call,1,$95.00,$0.00,$95.00,No,$0.00,$0.00
DEMO-J-000252,No Heat,Furnace short cycling,Completed,Today,phone,DEMO-E-00003,12/16/2025 7:00 AM,12/16/2025 1:12 PM,,,,,,DEMO-C-00022,Clementina Jacobson,DEMO-L-00024,HVAC Service,,DEMO-I-000238,12/16/2025,12/16/2025,Paid,,Furnace short cycling,"$2,735.00",$0.00,$104.30,"$2,839.30",$0.00,12/16/2025 1:25 PM,DEMO-IL-000522,2,HVAC-BLWMTR,Service,Replace blower motor (PSC),1,"$1,150.00",$0.00,"$1,150.00",No,$0.00,$260.00
DEMO-J-000252,No Heat,Furnace short cycling,Completed,Today,phone,DEMO-E-00003,12/16/2025 7:00 AM,12/16/2025 1:12 PM,,,,,,DEMO-C-00022,Clementina Jacobson,DEMO-L-00024,HVAC Service,,DEMO-I-000238,12/16/2025,12/16/2025,Paid,,Furnace short cycling,"$2,735.00",$0.00,$104.30,"$2,839.30",$0.00,12/16/2025 1:25 PM,DEMO-IL-000523,3,ELEC-SURGE,Equipment,HVAC surge protector,1,$295.00,$0.00,$295.00,Yes,$20.65,$45.00
DEMO-J-000252,No Heat,Furnace short cycling,Completed,Today,phone,DEMO-E-00003,12/16/2025 7:00 AM,12/16/2025 1:12 PM,,,,,,DEMO-C-00022,Clementina Jacobson,DEMO-L-00024,HVAC Service,,DEMO-I-000238,12/16/2025,12/16/2025,Paid,,Furnace short cycling,"$2,735.00",$0.00,$104.30,"$2,839.30",$0.00,12/16/2025 1:25 PM,DEMO-IL-000524,4,IAQ-PURIFIER,Equipment,Whole-home air purifier,1,"$1,195.00",$0.00,"$1,195.00",Yes,$83.65,$360.00
DEMO-J-000253,No Heat,No heat,Completed,Scheduled,phone,DEMO-E-00003,12/12/2025 11:32 AM,12/16/2025 9:32 AM,,,,,,DEMO-C-00019,Phil Runte,DEMO-L-00021,HVAC Service,,DEMO-I-000239,12/16/2025,12/16/2025,Open,,No heat,$384.00,$0.00,$0.00,$384.00,$384.00,,DEMO-IL-000525,1,HVAC-DIAG,Service,HVAC diagnostic / service call,1,$95.00,$0.00,$95.00,No,$0.00,$0.00
DEMO-J-000253,No Heat,No heat,Completed,Scheduled,phone,DEMO-E-00003,12/12/2025 11:32 AM,12/16/2025 9:32 AM,,,,,,DEMO-C-00019,Phil Runte,DEMO-L-00021,HVAC Service,,DEMO-I-000239,12/16/2025,12/16/2025,Open,,No heat,$384.00,$0.00,$0.00,$384.00,$384.00,,DEMO-IL-000526,2,HVAC-CAP,Service,Replace run capacitor,1,$289.00,$0.00,$289.00,No,$0.00,$28.00
DEMO-J-000254,No Heat,Furnace short cycling,Completed,Scheduled,phone,DEMO-E-00003,12/11/2025 11:23 AM,12/16/2025 12:08 PM,,,,,,DEMO-C-00009,Dion Little,DEMO-L-00010,HVAC Service,,DEMO-I-000240,12/16/2025,12/16/2025,Paid,,Furnace short cycling,$979.00,$0.00,$48.65,"$1,027.65",$0.00,12/16/2025 12:24 PM,DEMO-IL-000527,1,HVAC-DIAG,Service,HVAC diagnostic / service call,1,$95.00,$0.00,$95.00,No,$0.00,$0.00
DEMO-J-000254,No Heat,Furnace short cycling,Completed,Scheduled,phone,DEMO-E-00003,12/11/2025 11:23 AM,12/16/2025 12:08 PM,,,,,,DEMO-C-00009,Dion Little,DEMO-L-00010,HVAC Service,,DEMO-I-000240,12/16/2025,12/16/2025,Paid,,Furnace short cycling,$979.00,$0.00,$48.65,"$1,027.65",$0.00,12/16/2025 12:24 PM,DEMO-IL-000528,2,HVAC-FLAME,Service,Clean or replace flame sensor,1,$189.00,$0.00,$189.00,No,$0.00,$15.00
DEMO-J-000254,No Heat,Furnace short cycling,Completed,Scheduled,phone,DEMO-E-00003,12/11/2025 11:23 AM,12/16/2025 12:08 PM,,,,,,DEMO-C-00009,Dion Little,DEMO-L-00010,HVAC Service,,DEMO-I-000240,12/16/2025,12/16/2025,Paid,,Furnace short cycling,$979.00,$0.00,$48.65,"$1,027.65",$0.00,12/16/2025 12:24 PM,DEMO-IL-000529,3,IAQ-UV,Equipment,UV light (coil and air),1,$695.00,$0.00,$695.00,Yes,$48.65,$165.00
DEMO-J-000255,No Heat,Heat pump blowing cold air,Completed,Today,web,DEMO-E-00003,12/16/2025 7:00 AM,12/16/2025 9:23 AM,,,,,,DEMO-C-00008,Katelyn Thompson,DEMO-L-00009,HVAC Service,,DEMO-I-000241,12/16/2025,12/16/2025,Paid,,Heat pump blowing cold air,$384.00,$0.00,$0.00,$384.00,$0.00,12/16/2025 9:28 AM,DEMO-IL-000530,1,HVAC-DIAG,Service,HVAC diagnostic / service call,1,$95.00,$0.00,$95.00,No,$0.00,$0.00
DEMO-J-000255,No Heat,Heat pump blowing cold air,Completed,Today,web,DEMO-E-00003,12/16/2025 7:00 AM,12/16/2025 9:23 AM,,,,,,DEMO-C-00008,Katelyn Thompson,DEMO-L-00009,HVAC Service,,DEMO-I-000241,12/16/2025,12/16/2025,Paid,,Heat pump blowing cold air,$384.00,$0.00,$0.00,$384.00,$0.00,12/16/2025 9:28 AM,DEMO-IL-000531,2,HVAC-CAP,Service,Replace run capacitor,1,$289.00,$0.00,$289.00,No,$0.00,$28.00
DEMO-J-000256,No Heat,Strange smell from furnace,Canceled,Today,phone,DEMO-E-00003,12/16/2025 8:27 AM,,,,,,,DEMO-C-00003,Madalyn Toy,DEMO-L-00003,HVAC Service,,,,,,,,,,,,,,,,,,,,,,,,,
DEMO-J-000257,Drain,Main line backing up,Completed,Scheduled,phone,DEMO-E-00002,12/13/2025 10:37 AM,12/16/2025 10:00 AM,,,,,,DEMO-C-00006,Inez McLaughlin,DEMO-L-00007,Plumbing,,DEMO-I-000242,12/16/2025,12/16/2025,Paid,,Main line backing up,$395.00,$0.00,$0.00,$395.00,$0.00,12/16/2025 10:10 AM,DEMO-IL-000532,1,PL-DRAIN-MAIN,Service,Clear main drain line,1,$395.00,$0.00,$395.00,No,$0.00,$10.00
DEMO-J-000258,Other,Disposal not working,Completed,Scheduled,phone,DEMO-E-00003,12/15/2025 12:52 PM,12/16/2025 12:17 PM,,,,,,DEMO-C-00017,German Thompson,DEMO-L-00019,Plumbing,,DEMO-I-000243,12/16/2025,12/16/2025,Paid,,Disposal not working,$440.00,$147.00,$0.00,$293.00,$0.00,12/16/2025 12:34 PM,DEMO-IL-000533,1,PL-DIAG,Service,Plumbing diagnostic / service call,1,$95.00,$95.00,$0.00,No,$0.00,$0.00
DEMO-J-000258,Other,Disposal not working,Completed,Scheduled,phone,DEMO-E-00003,12/15/2025 12:52 PM,12/16/2025 12:17 PM,,,,,,DEMO-C-00017,German Thompson,DEMO-L-00019,Plumbing,,DEMO-I-000243,12/16/2025,12/16/2025,Paid,,Disposal not working,$440.00,$147.00,$0.00,$293.00,$0.00,12/16/2025 12:34 PM,DEMO-IL-000534,2,PL-FAUCET,Service,Replace faucet,1,$345.00,$52.00,$293.00,No,$0.00,$95.00
DEMO-J-000259,Drain,Tub draining slowly,Completed,Scheduled,phone,DEMO-E-00003,12/11/2025 9:05 AM,12/16/2025 9:26 AM,,,,,,DEMO-C-00019,Phil Runte,DEMO-L-00021,Plumbing,,DEMO-I-000244,12/16/2025,12/16/2025,Paid,,Tub draining slowly,$225.00,$0.00,$0.00,$225.00,$0.00,12/16/2025 9:37 AM,DEMO-IL-000535,1,PL-DRAIN-SM,Service,Clear sink or tub drain,1,$225.00,$0.00,$225.00,No,$0.00,$5.00
DEMO-J-000260,Drain,Main line backing up,Completed,Scheduled,phone,DEMO-E-00001,12/10/2025 2:57 PM,12/16/2025 11:43 AM,,,,,,DEMO-C-00015,Nathen Rosenbaum,DEMO-L-00017,Plumbing,,DEMO-I-000245,12/16/2025,12/16/2025,Paid,,Main line backing up,$225.00,$0.00,$0.00,$225.00,$0.00,12/16/2025 11:51 AM,DEMO-IL-000536,1,PL-DRAIN-SM,Service,Clear sink or tub drain,1,$225.00,$0.00,$225.00,No,$0.00,$5.00
DEMO-J-000261,Other,Sump pump not running,Completed,Scheduled,phone,DEMO-E-00003,12/12/2025 11:56 AM,12/16/2025 11:08 AM,,,,,,DEMO-C-00029,Kallie Durgan,DEMO-L-00031,Plumbing,,DEMO-I-000246,12/16/2025,12/16/2025,Paid,,Sump pump not running,$990.00,$229.00,$0.00,$761.00,$0.00,12/21/2025 10:09 AM,DEMO-IL-000537,1,PL-DIAG,Service,Plumbing diagnostic / service call,1,$95.00,$95.00,$0.00,No,$0.00,$0.00
DEMO-J-000261,Other,Sump pump not running,Completed,Scheduled,phone,DEMO-E-00003,12/12/2025 11:56 AM,12/16/2025 11:08 AM,,,,,,DEMO-C-00029,Kallie Durgan,DEMO-L-00031,Plumbing,,DEMO-I-000246,12/16/2025,12/16/2025,Paid,,Sump pump not running,$990.00,$229.00,$0.00,$761.00,$0.00,12/21/2025 10:09 AM,DEMO-IL-000538,2,PL-SUMP,Service,Replace sump pump,1,$895.00,$134.00,$761.00,No,$0.00,$240.00
DEMO-J-000262,No Heat,Strange smell from furnace,Completed,Scheduled,phone,DEMO-E-00003,12/12/2025 1:40 PM,12/16/2025 1:11 PM,,,,,,DEMO-C-00017,German Thompson,DEMO-L-00019,HVAC Service,,DEMO-I-000247,12/16/2025,12/16/2025,Paid,,Strange smell from furnace,$190.00,$109.00,$5.67,$86.67,$0.00,12/16/2025 1:22 PM,DEMO-IL-000539,1,HVAC-DIAG,Service,HVAC diagnostic / service call,1,$95.00,$95.00,$0.00,No,$0.00,$0.00
DEMO-J-000262,No Heat,Strange smell from furnace,Completed,Scheduled,phone,DEMO-E-00003,12/12/2025 1:40 PM,12/16/2025 1:11 PM,,,,,,DEMO-C-00017,German Thompson,DEMO-L-00019,HVAC Service,,DEMO-I-000247,12/16/2025,12/16/2025,Paid,,Strange smell from furnace,$190.00,$109.00,$5.67,$86.67,$0.00,12/16/2025 1:22 PM,DEMO-IL-000540,2,HVAC-FILTER,Material,Media filter replacement,1,$95.00,$14.00,$81.00,Yes,$5.67,$28.00
DEMO-J-000263,No Heat,Furnace short cycling,Completed,Scheduled,phone,DEMO-E-00003,12/15/2025 8:06 AM,12/17/2025 9:04 AM,,,,,,DEMO-C-00018,Thad Hilll,DEMO-L-00020,HVAC Service,,DEMO-I-000248,12/17/2025,12/17/2025,Paid,,Furnace short cycling,$284.00,$123.00,$0.00,$161.00,$0.00,12/17/2025 9:21 AM,DEMO-IL-000541,1,HVAC-DIAG,Service,HVAC diagnostic / service call,1,$95.00,$95.00,$0.00,No,$0.00,$0.00
DEMO-J-000263,No Heat,Furnace short cycling,Completed,Scheduled,phone,DEMO-E-00003,12/15/2025 8:06 AM,12/17/2025 9:04 AM,,,,,,DEMO-C-00018,Thad Hilll,DEMO-L-00020,HVAC Service,,DEMO-I-000248,12/17/2025,12/17/2025,Paid,,Furnace short cycling,$284.00,$123.00,$0.00,$161.00,$0.00,12/17/2025 9:21 AM,DEMO-IL-000542,2,HVAC-FLAME,Service,Clean or replace flame sensor,1,$189.00,$28.00,$161.00,No,$0.00,$15.00
DEMO-J-000264,No Heat,No heat,Completed,Today,phone,DEMO-E-00003,12/17/2025 7:00 AM,12/17/2025 10:01 AM,,,,,,DEMO-C-00029,Kallie Durgan,DEMO-L-00031,HVAC Service,,DEMO-I-000249,12/17/2025,12/17/2025,Paid,,No heat,"$1,079.00",$242.00,$41.37,$878.37,$0.00,12/17/2025 10:20 AM,DEMO-IL-000543,1,HVAC-DIAG,Service,HVAC diagnostic / service call,1,$95.00,$95.00,$0.00,No,$0.00,$0.00
DEMO-J-000264,No Heat,No heat,Completed,Today,phone,DEMO-E-00003,12/17/2025 7:00 AM,12/17/2025 10:01 AM,,,,,,DEMO-C-00029,Kallie Durgan,DEMO-L-00031,HVAC Service,,DEMO-I-000249,12/17/2025,12/17/2025,Paid,,No heat,"$1,079.00",$242.00,$41.37,$878.37,$0.00,12/17/2025 10:20 AM,DEMO-IL-000544,2,HVAC-CAP,Service,Replace run capacitor,1,$289.00,$43.00,$246.00,No,$0.00,$28.00
DEMO-J-000264,No Heat,No heat,Completed,Today,phone,DEMO-E-00003,12/17/2025 7:00 AM,12/17/2025 10:01 AM,,,,,,DEMO-C-00029,Kallie Durgan,DEMO-L-00031,HVAC Service,,DEMO-I-000249,12/17/2025,12/17/2025,Paid,,No heat,"$1,079.00",$242.00,$41.37,$878.37,$0.00,12/17/2025 10:20 AM,DEMO-IL-000545,3,IAQ-UV,Equipment,UV light (coil and air),1,$695.00,$104.00,$591.00,Yes,$41.37,$165.00
DEMO-J-000265,Tune Up,Fall heating tune-up,Canceled,Scheduled,phone,DEMO-E-00003,12/14/2025 9:04 AM,,,,,,,DEMO-C-00001,Hank Erdman,DEMO-L-00001,HVAC Service,,,,,,,,,,,,,,,,,,,,,,,,,
DEMO-J-000266,Tune Up,Fall heating tune-up,Completed,Scheduled,phone,DEMO-E-00003,12/13/2025 2:34 PM,12/17/2025 3:22 PM,,,,,,DEMO-C-00021,Silas Bauch,DEMO-L-00023,HVAC Service,,DEMO-I-000250,12/17/2025,12/17/2025,Paid,,Fall heating tune-up,$573.00,$0.00,$6.65,$579.65,$0.00,12/17/2025 3:33 PM,DEMO-IL-000546,1,HVAC-TUNE-HT,Service,Heating tune-up (fall heating),1,$129.00,$0.00,$129.00,No,$0.00,$8.00
DEMO-J-000266,Tune Up,Fall heating tune-up,Completed,Scheduled,phone,DEMO-E-00003,12/13/2025 2:34 PM,12/17/2025 3:22 PM,,,,,,DEMO-C-00021,Silas Bauch,DEMO-L-00023,HVAC Service,,DEMO-I-000250,12/17/2025,12/17/2025,Paid,,Fall heating tune-up,$573.00,$0.00,$6.65,$579.65,$0.00,12/17/2025 3:33 PM,DEMO-IL-000547,2,HVAC-FILTER,Material,Media filter replacement,1,$95.00,$0.00,$95.00,Yes,$6.65,$28.00
DEMO-J-000266,Tune Up,Fall heating tune-up,Completed,Scheduled,phone,DEMO-E-00003,12/13/2025 2:34 PM,12/17/2025 3:22 PM,,,,,,DEMO-C-00021,Silas Bauch,DEMO-L-00023,HVAC Service,,DEMO-I-000250,12/17/2025,12/17/2025,Paid,,Fall heating tune-up,$573.00,$0.00,$6.65,$579.65,$0.00,12/17/2025 3:33 PM,DEMO-IL-000548,3,HVAC-COIL-CLEAN,Service,Evaporator coil cleaning,1,$349.00,$0.00,$349.00,No,$0.00,$18.00
DEMO-J-000267,No Cooling,No heat in sales floor,Completed,Scheduled,phone,DEMO-E-00003,12/12/2025 8:17 AM,12/17/2025 11:10 AM,,,,,,DEMO-C-00038,Riverbend Inn,DEMO-L-00056,Commercial & Refrigeration,,DEMO-I-000251,12/17/2025,1/16/2026,Open,,No heat in sales floor,"$1,035.00",$0.00,$0.00,"$1,035.00","$1,035.00",,DEMO-IL-000549,1,COM-DIAG,Service,Commercial service call,1,$165.00,$0.00,$165.00,No,$0.00,$0.00
DEMO-J-000267,No Cooling,No heat in sales floor,Completed,Scheduled,phone,DEMO-E-00003,12/12/2025 8:17 AM,12/17/2025 11:10 AM,,,,,,DEMO-C-00038,Riverbend Inn,DEMO-L-00056,Commercial & Refrigeration,,DEMO-I-000251,12/17/2025,1/16/2026,Open,,No heat in sales floor,"$1,035.00",$0.00,$0.00,"$1,035.00","$1,035.00",,DEMO-IL-000550,2,REF-GASKET,Service,Replace door gasket,1,$325.00,$0.00,$325.00,No,$0.00,$85.00
DEMO-J-000267,No Cooling,No heat in sales floor,Completed,Scheduled,phone,DEMO-E-00003,12/12/2025 8:17 AM,12/17/2025 11:10 AM,,,,,,DEMO-C-00038,Riverbend Inn,DEMO-L-00056,Commercial & Refrigeration,,DEMO-I-000251,12/17/2025,1/16/2026,Open,,No heat in sales floor,"$1,035.00",$0.00,$0.00,"$1,035.00","$1,035.00",,DEMO-IL-000551,3,REF-DEFROST,Service,Replace defrost timer,1,$545.00,$0.00,$545.00,No,$0.00,$95.00
DEMO-J-000268,No Heat,Strange smell from furnace,Completed,Today,phone,DEMO-E-00003,12/17/2025 7:32 AM,12/17/2025 1:12 PM,,,,,,DEMO-C-00025,Micah Larkin,DEMO-L-00027,HVAC Service,,DEMO-I-000252,12/17/2025,12/17/2025,Paid,,Strange smell from furnace,$440.00,$147.00,$0.00,$293.00,$0.00,12/17/2025 1:30 PM,DEMO-IL-000552,1,HVAC-DIAG,Service,HVAC diagnostic / service call,1,$95.00,$95.00,$0.00,No,$0.00,$0.00
DEMO-J-000268,No Heat,Strange smell from furnace,Completed,Today,phone,DEMO-E-00003,12/17/2025 7:32 AM,12/17/2025 1:12 PM,,,,,,DEMO-C-00025,Micah Larkin,DEMO-L-00027,HVAC Service,,DEMO-I-000252,12/17/2025,12/17/2025,Paid,,Strange smell from furnace,$440.00,$147.00,$0.00,$293.00,$0.00,12/17/2025 1:30 PM,DEMO-IL-000553,2,HVAC-IGN,Service,Replace hot surface ignitor,1,$345.00,$52.00,$293.00,No,$0.00,$38.00
DEMO-J-000269,No Heat,Furnace short cycling,Completed,Today,phone,DEMO-E-00002,12/17/2025 7:00 AM,12/17/2025 11:37 AM,,,,,,DEMO-C-00008,Katelyn Thompson,DEMO-L-00009,HVAC Service,,DEMO-I-000253,12/17/2025,12/17/2025,Paid,,Furnace short cycling,"$1,345.00",$0.00,$0.00,"$1,345.00",$0.00,12/17/2025 11:48 AM,DEMO-IL-000554,1,HVAC-DIAG,Service,HVAC diagnostic / service call,1,$95.00,$0.00,$95.00,No,$0.00,$0.00
DEMO-J-000269,No Heat,Furnace short cycling,Completed,Today,phone,DEMO-E-00002,12/17/2025 7:00 AM,12/17/2025 11:37 AM,,,,,,DEMO-C-00008,Katelyn Thompson,DEMO-L-00009,HVAC Service,,DEMO-I-000253,12/17/2025,12/17/2025,Paid,,Furnace short cycling,"$1,345.00",$0.00,$0.00,"$1,345.00",$0.00,12/17/2025 11:48 AM,DEMO-IL-000555,2,HVAC-INDUCER,Service,Replace inducer motor,1,"$1,250.00",$0.00,"$1,250.00",No,$0.00,$340.00
DEMO-J-000270,No Cooling,No cooling,Completed,Scheduled,phone,DEMO-E-00003,12/12/2025 2:50 PM,12/17/2025 5:01 PM,,,,,,DEMO-C-00008,Katelyn Thompson,DEMO-L-00009,HVAC Service,,DEMO-I-000254,12/17/2025,12/17/2025,Paid,,No cooling,"$2,315.00",$0.00,$0.00,"$2,315.00",$0.00,12/17/2025 5:11 PM,DEMO-IL-000556,1,HVAC-DIAG,Service,HVAC diagnostic / service call,1,$95.00,$0.00,$95.00,No,$0.00,$0.00
DEMO-J-000270,No Cooling,No cooling,Completed,Scheduled,phone,DEMO-E-00003,12/12/2025 2:50 PM,12/17/2025 5:01 PM,,,,,,DEMO-C-00008,Katelyn Thompson,DEMO-L-00009,HVAC Service,,DEMO-I-000254,12/17/2025,12/17/2025,Paid,,No cooling,"$2,315.00",$0.00,$0.00,"$2,315.00",$0.00,12/17/2025 5:11 PM,DEMO-IL-000557,2,HVAC-CONT,Service,Replace contactor,1,$325.00,$0.00,$325.00,No,$0.00,$32.00
DEMO-J-000270,No Cooling,No cooling,Completed,Scheduled,phone,DEMO-E-00003,12/12/2025 2:50 PM,12/17/2025 5:01 PM,,,,,,DEMO-C-00008,Katelyn Thompson,DEMO-L-00009,HVAC Service,,DEMO-I-000254,12/17/2025,12/17/2025,Paid,,No cooling,"$2,315.00",$0.00,$0.00,"$2,315.00",$0.00,12/17/2025 5:11 PM,DEMO-IL-000558,3,HVAC-ECM,Service,Replace ECM blower motor,1,"$1,895.00",$0.00,"$1,895.00",No,$0.00,$620.00
DEMO-J-000271,Other,Toilet running,Completed,Scheduled,phone,DEMO-E-00003,12/16/2025 3:03 PM,12/17/2025 10:03 AM,,,,,,DEMO-C-00017,German Thompson,DEMO-L-00019,Plumbing,,DEMO-I-000255,12/17/2025,12/17/2025,Paid,,Toilet running,$590.00,$169.00,$0.00,$421.00,$0.00,12/17/2025 10:16 AM,DEMO-IL-000559,1,PL-DIAG,Service,Plumbing diagnostic / service call,1,$95.00,$95.00,$0.00,No,$0.00,$0.00
DEMO-J-000271,Other,Toilet running,Completed,Scheduled,phone,DEMO-E-00003,12/16/2025 3:03 PM,12/17/2025 10:03 AM,,,,,,DEMO-C-00017,German Thompson,DEMO-L-00019,Plumbing,,DEMO-I-000255,12/17/2025,12/17/2025,Paid,,Toilet running,$590.00,$169.00,$0.00,$421.00,$0.00,12/17/2025 10:16 AM,DEMO-IL-000560,2,PL-DISPOSAL,Service,Replace garbage disposal,1,$495.00,$74.00,$421.00,No,$0.00,$140.00
DEMO-J-000272,Drain,Kitchen sink clogged,Completed,Scheduled,phone,DEMO-E-00003,12/11/2025 1:54 PM,12/17/2025 2:37 PM,,,,,,DEMO-C-00026,Cara Beatty,DEMO-L-00028,Plumbing,,DEMO-I-000256,12/17/2025,12/17/2025,Paid,,Kitchen sink clogged,"$3,190.00",$478.00,$166.32,"$2,878.32",$0.00,12/17/2025 2:54 PM,DEMO-IL-000561,1,PL-DRAIN-MAIN,Service,Clear main drain line,1,$395.00,$59.00,$336.00,No,$0.00,$10.00
DEMO-J-000272,Drain,Kitchen sink clogged,Completed,Scheduled,phone,DEMO-E-00003,12/11/2025 1:54 PM,12/17/2025 2:37 PM,,,,,,DEMO-C-00026,Cara Beatty,DEMO-L-00028,Plumbing,,DEMO-I-000256,12/17/2025,12/17/2025,Paid,,Kitchen sink clogged,"$3,190.00",$478.00,$166.32,"$2,878.32",$0.00,12/17/2025 2:54 PM,DEMO-IL-000562,2,WTR-SOFT,Equipment,Water softener,1,"$2,795.00",$419.00,"$2,376.00",Yes,$166.32,$980.00
DEMO-J-000273,Leak,Pipe leak in crawlspace,Completed,Today,phone,DEMO-E-00001,12/17/2025 7:00 AM,12/17/2025 12:39 PM,,,,,,DEMO-C-00016,Estel Kunde,DEMO-L-00018,Plumbing,,DEMO-I-000257,12/17/2025,12/17/2025,Paid,,Pipe leak in crawlspace,"$2,415.00",$443.00,$112.77,"$2,084.77",$0.00,12/24/2025 5:46 PM,DEMO-IL-000563,1,PL-DIAG,Service,Plumbing diagnostic / service call,1,$95.00,$95.00,$0.00,No,$0.00,$0.00
DEMO-J-000273,Leak,Pipe leak in crawlspace,Completed,Today,phone,DEMO-E-00001,12/17/2025 7:00 AM,12/17/2025 12:39 PM,,,,,,DEMO-C-00016,Estel Kunde,DEMO-L-00018,Plumbing,,DEMO-I-000257,12/17/2025,12/17/2025,Paid,,Pipe leak in crawlspace,"$2,415.00",$443.00,$112.77,"$2,084.77",$0.00,12/24/2025 5:46 PM,DEMO-IL-000564,2,PL-LEAK,Service,Repair pipe leak,1,$425.00,$64.00,$361.00,No,$0.00,$35.00
DEMO-J-000273,Leak,Pipe leak in crawlspace,Completed,Today,phone,DEMO-E-00001,12/17/2025 7:00 AM,12/17/2025 12:39 PM,,,,,,DEMO-C-00016,Estel Kunde,DEMO-L-00018,Plumbing,,DEMO-I-000257,12/17/2025,12/17/2025,Paid,,Pipe leak in crawlspace,"$2,415.00",$443.00,$112.77,"$2,084.77",$0.00,12/24/2025 5:46 PM,DEMO-IL-000565,3,WTR-FILTER,Equipment,Whole-home water filter,1,"$1,895.00",$284.00,"$1,611.00",Yes,$112.77,$620.00
DEMO-J-000274,No Heat,Strange smell from furnace,Completed,Scheduled,phone,DEMO-E-00002,12/12/2025 10:51 AM,12/17/2025 9:38 AM,,,,,,DEMO-C-00001,Hank Erdman,DEMO-L-00001,HVAC Service,,DEMO-I-000258,12/17/2025,12/17/2025,Paid,,Strange smell from furnace,$190.00,$0.00,$6.65,$196.65,$0.00,12/17/2025 9:48 AM,DEMO-IL-000566,1,HVAC-DIAG,Service,HVAC diagnostic / service call,1,$95.00,$0.00,$95.00,No,$0.00,$0.00
DEMO-J-000274,No Heat,Strange smell from furnace,Completed,Scheduled,phone,DEMO-E-00002,12/12/2025 10:51 AM,12/17/2025 9:38 AM,,,,,,DEMO-C-00001,Hank Erdman,DEMO-L-00001,HVAC Service,,DEMO-I-000258,12/17/2025,12/17/2025,Paid,,Strange smell from furnace,$190.00,$0.00,$6.65,$196.65,$0.00,12/17/2025 9:48 AM,DEMO-IL-000567,2,HVAC-FILTER,Material,Media filter replacement,1,$95.00,$0.00,$95.00,Yes,$6.65,$28.00
DEMO-J-000275,No Heat,No heat,Completed,Scheduled,phone,DEMO-E-00002,12/13/2025 3:45 PM,12/17/2025 11:28 AM,,,,,,DEMO-C-00009,Dion Little,DEMO-L-00010,HVAC Service,,DEMO-I-000259,12/17/2025,12/17/2025,Open,,No heat,$284.00,$0.00,$0.00,$284.00,$142.00,,DEMO-IL-000568,1,HVAC-DIAG,Service,HVAC diagnostic / service call,1,$95.00,$0.00,$95.00,No,$0.00,$0.00
DEMO-J-000275,No Heat,No heat,Completed,Scheduled,phone,DEMO-E-00002,12/13/2025 3:45 PM,12/17/2025 11:28 AM,,,,,,DEMO-C-00009,Dion Little,DEMO-L-00010,HVAC Service,,DEMO-I-000259,12/17/2025,12/17/2025,Open,,No heat,$284.00,$0.00,$0.00,$284.00,$142.00,,DEMO-IL-000569,2,HVAC-FLAME,Service,Clean or replace flame sensor,1,$189.00,$0.00,$189.00,No,$0.00,$15.00
DEMO-J-000276,Other,Indoor air quality consultation,Completed,Scheduled,phone,DEMO-E-00003,12/17/2025 2:22 PM,12/18/2025 9:30 AM,,,,,,DEMO-C-00024,Jared Thiel,DEMO-L-00026,HVAC Service,,DEMO-I-000260,12/18/2025,12/18/2025,Paid,,Indoor air quality consultation,$790.00,$199.00,$41.37,$632.37,$0.00,12/18/2025 9:35 AM,DEMO-IL-000570,1,HVAC-DIAG,Service,HVAC diagnostic / service call,1,$95.00,$95.00,$0.00,No,$0.00,$0.00
DEMO-J-000276,Other,Indoor air quality consultation,Completed,Scheduled,phone,DEMO-E-00003,12/17/2025 2:22 PM,12/18/2025 9:30 AM,,,,,,DEMO-C-00024,Jared Thiel,DEMO-L-00026,HVAC Service,,DEMO-I-000260,12/18/2025,12/18/2025,Paid,,Indoor air quality consultation,$790.00,$199.00,$41.37,$632.37,$0.00,12/18/2025 9:35 AM,DEMO-IL-000571,2,IAQ-UV,Equipment,UV light (coil and air),1,$695.00,$104.00,$591.00,Yes,$41.37,$165.00
DEMO-J-000277,No Heat,Furnace short cycling,Completed,Emergency,phone,DEMO-E-00003,12/18/2025 7:46 AM,12/18/2025 3:04 PM,,,,,,DEMO-C-00030,Titus Moen,DEMO-L-00032,HVAC Service,,DEMO-I-000261,12/18/2025,12/18/2025,Paid,,Furnace short cycling,"$2,795.00",$0.00,$0.00,"$2,795.00",$0.00,12/18/2025 3:12 PM,DEMO-IL-000572,1,HVAC-DIAG,Service,HVAC diagnostic / service call,1,$95.00,$0.00,$95.00,No,$0.00,$0.00
DEMO-J-000277,No Heat,Furnace short cycling,Completed,Emergency,phone,DEMO-E-00003,12/18/2025 7:46 AM,12/18/2025 3:04 PM,,,,,,DEMO-C-00030,Titus Moen,DEMO-L-00032,HVAC Service,,DEMO-I-000261,12/18/2025,12/18/2025,Paid,,Furnace short cycling,"$2,795.00",$0.00,$0.00,"$2,795.00",$0.00,12/18/2025 3:12 PM,DEMO-IL-000573,2,HVAC-INDUCER,Service,Replace inducer motor,1,"$1,250.00",$0.00,"$1,250.00",No,$0.00,$340.00
DEMO-J-000277,No Heat,Furnace short cycling,Completed,Emergency,phone,DEMO-E-00003,12/18/2025 7:46 AM,12/18/2025 3:04 PM,,,,,,DEMO-C-00030,Titus Moen,DEMO-L-00032,HVAC Service,,DEMO-I-000261,12/18/2025,12/18/2025,Paid,,Furnace short cycling,"$2,795.00",$0.00,$0.00,"$2,795.00",$0.00,12/18/2025 3:12 PM,DEMO-IL-000574,3,HVAC-BOARD,Service,Replace control board,1,"$1,450.00",$0.00,"$1,450.00",No,$0.00,$310.00
DEMO-J-000278,No Heat,No heat,Completed,Scheduled,phone,DEMO-E-00003,12/14/2025 10:48 AM,12/18/2025 10:39 AM,,,,,,DEMO-C-00017,German Thompson,DEMO-L-00019,HVAC Service,,DEMO-I-000262,12/18/2025,12/18/2025,Paid,,No heat,"$1,245.00",$267.00,$0.00,$978.00,$0.00,12/18/2025 10:58 AM,DEMO-IL-000575,1,HVAC-DIAG,Service,HVAC diagnostic / service call,1,$95.00,$95.00,$0.00,No,$0.00,$0.00
DEMO-J-000278,No Heat,No heat,Completed,Scheduled,phone,DEMO-E-00003,12/14/2025 10:48 AM,12/18/2025 10:39 AM,,,,,,DEMO-C-00017,German Thompson,DEMO-L-00019,HVAC Service,,DEMO-I-000262,12/18/2025,12/18/2025,Paid,,No heat,"$1,245.00",$267.00,$0.00,$978.00,$0.00,12/18/2025 10:58 AM,DEMO-IL-000576,2,HVAC-BLWMTR,Service,Replace blower motor (PSC),1,"$1,150.00",$172.00,$978.00,No,$0.00,$260.00
DEMO-J-000279,No Heat,Heat pump blowing cold air,Completed,Scheduled,phone,DEMO-E-00003,12/12/2025 1:59 PM,12/18/2025 9:37 AM,,,,,,DEMO-C-00019,Phil Runte,DEMO-L-00021,HVAC Service,,DEMO-I-000263,12/18/2025,12/18/2025,Paid,,Heat pump blowing cold air,$629.00,$0.00,$0.00,$629.00,$0.00,12/27/2025 2:37 PM,DEMO-IL-000577,1,HVAC-DIAG,Service,HVAC diagnostic / service call,1,$95.00,$0.00,$95.00,No,$0.00,$0.00
DEMO-J-000279,No Heat,Heat pump blowing cold air,Completed,Scheduled,phone,DEMO-E-00003,12/12/2025 1:59 PM,12/18/2025 9:37 AM,,,,,,DEMO-C-00019,Phil Runte,DEMO-L-00021,HVAC Service,,DEMO-I-000263,12/18/2025,12/18/2025,Paid,,Heat pump blowing cold air,$629.00,$0.00,$0.00,$629.00,$0.00,12/27/2025 2:37 PM,DEMO-IL-000578,2,HVAC-IGN,Service,Replace hot surface ignitor,1,$345.00,$0.00,$345.00,No,$0.00,$38.00
DEMO-J-000279,No Heat,Heat pump blowing cold air,Completed,Scheduled,phone,DEMO-E-00003,12/12/2025 1:59 PM,12/18/2025 9:37 AM,,,,,,DEMO-C-00019,Phil Runte,DEMO-L-00021,HVAC Service,,DEMO-I-000263,12/18/2025,12/18/2025,Paid,,Heat pump blowing cold air,$629.00,$0.00,$0.00,$629.00,$0.00,12/27/2025 2:37 PM,DEMO-IL-000579,3,HVAC-FLAME,Service,Clean or replace flame sensor,1,$189.00,$0.00,$189.00,No,$0.00,$15.00
DEMO-J-000280,No Cooling,Outdoor unit not running,Completed,Today,phone,DEMO-E-00003,12/18/2025 7:05 AM,12/18/2025 12:00 PM,,,,,,DEMO-C-00002,Natasha Pfannerstill,DEMO-L-00002,HVAC Service,,DEMO-I-000264,12/18/2025,12/18/2025,Paid,,Outdoor unit not running,$659.00,$0.00,$26.25,$685.25,$0.00,12/31/2025 1:24 PM,DEMO-IL-000580,1,HVAC-DIAG,Service,HVAC diagnostic / service call,1,$95.00,$0.00,$95.00,No,$0.00,$0.00
DEMO-J-000280,No Cooling,Outdoor unit not running,Completed,Today,phone,DEMO-E-00003,12/18/2025 7:05 AM,12/18/2025 12:00 PM,,,,,,DEMO-C-00002,Natasha Pfannerstill,DEMO-L-00002,HVAC Service,,DEMO-I-000264,12/18/2025,12/18/2025,Paid,,Outdoor unit not running,$659.00,$0.00,$26.25,$685.25,$0.00,12/31/2025 1:24 PM,DEMO-IL-000581,2,HVAC-DRAIN,Service,Clear condensate drain line,1,$189.00,$0.00,$189.00,No,$0.00,$6.00
DEMO-J-000280,No Cooling,Outdoor unit not running,Completed,Today,phone,DEMO-E-00003,12/18/2025 7:05 AM,12/18/2025 12:00 PM,,,,,,DEMO-C-00002,Natasha Pfannerstill,DEMO-L-00002,HVAC Service,,DEMO-I-000264,12/18/2025,12/18/2025,Paid,,Outdoor unit not running,$659.00,$0.00,$26.25,$685.25,$0.00,12/31/2025 1:24 PM,DEMO-IL-000582,3,HVAC-R410A,Material,Refrigerant R-410A (per lb),3,$125.00,$0.00,$375.00,Yes,$26.25,$66.00
DEMO-J-000281,No Heat,No heat,Completed,Today,phone,DEMO-E-00003,12/18/2025 7:00 AM,12/18/2025 11:08 AM,,,,,,DEMO-C-00015,Nathen Rosenbaum,DEMO-L-00017,HVAC Service,,DEMO-I-000265,12/18/2025,12/18/2025,Paid,,No heat,"$1,345.00",$0.00,$0.00,"$1,345.00",$0.00,12/18/2025 11:24 AM,DEMO-IL-000583,1,HVAC-DIAG,Service,HVAC diagnostic / service call,1,$95.00,$0.00,$95.00,No,$0.00,$0.00
DEMO-J-000281,No Heat,No heat,Completed,Today,phone,DEMO-E-00003,12/18/2025 7:00 AM,12/18/2025 11:08 AM,,,,,,DEMO-C-00015,Nathen Rosenbaum,DEMO-L-00017,HVAC Service,,DEMO-I-000265,12/18/2025,12/18/2025,Paid,,No heat,"$1,345.00",$0.00,$0.00,"$1,345.00",$0.00,12/18/2025 11:24 AM,DEMO-IL-000584,2,HVAC-INDUCER,Service,Replace inducer motor,1,"$1,250.00",$0.00,"$1,250.00",No,$0.00,$340.00
DEMO-J-000282,No Cooling,AC not keeping up,Completed,Today,phone,DEMO-E-00003,12/18/2025 8:25 AM,12/18/2025 1:19 PM,,,,,,DEMO-C-00024,Jared Thiel,DEMO-L-00026,HVAC Service,,DEMO-I-000266,12/18/2025,12/18/2025,Paid,,AC not keeping up,$384.00,$138.00,$0.00,$246.00,$0.00,12/18/2025 1:27 PM,DEMO-IL-000585,1,HVAC-DIAG,Service,HVAC diagnostic / service call,1,$95.00,$95.00,$0.00,No,$0.00,$0.00
DEMO-J-000282,No Cooling,AC not keeping up,Completed,Today,phone,DEMO-E-00003,12/18/2025 8:25 AM,12/18/2025 1:19 PM,,,,,,DEMO-C-00024,Jared Thiel,DEMO-L-00026,HVAC Service,,DEMO-I-000266,12/18/2025,12/18/2025,Paid,,AC not keeping up,$384.00,$138.00,$0.00,$246.00,$0.00,12/18/2025 1:27 PM,DEMO-IL-000586,2,HVAC-CAP,Service,Replace run capacitor,1,$289.00,$43.00,$246.00,No,$0.00,$28.00
DEMO-J-000283,Tune Up,Fall heating tune-up,Completed,Scheduled,phone,DEMO-E-00003,12/15/2025 8:54 AM,12/18/2025 3:14 PM,,,,,,DEMO-C-00006,Inez McLaughlin,DEMO-L-00007,HVAC Service,,DEMO-I-000267,12/18/2025,12/18/2025,Paid,,Fall heating tune-up,$424.00,$0.00,$20.65,$444.65,$0.00,1/1/2026 5:16 PM,DEMO-IL-000587,1,HVAC-TUNE-HT,Service,Heating tune-up (fall heating),1,$129.00,$0.00,$129.00,No,$0.00,$8.00
DEMO-J-000283,Tune Up,Fall heating tune-up,Completed,Scheduled,phone,DEMO-E-00003,12/15/2025 8:54 AM,12/18/2025 3:14 PM,,,,,,DEMO-C-00006,Inez McLaughlin,DEMO-L-00007,HVAC Service,,DEMO-I-000267,12/18/2025,12/18/2025,Paid,,Fall heating tune-up,$424.00,$0.00,$20.65,$444.65,$0.00,1/1/2026 5:16 PM,DEMO-IL-000588,2,ELEC-SURGE,Equipment,HVAC surge protector,1,$295.00,$0.00,$295.00,Yes,$20.65,$45.00
DEMO-J-000284,Leak,Pipe leak in crawlspace,Completed,Scheduled,phone,DEMO-E-00003,12/15/2025 10:18 AM,12/18/2025 10:20 AM,,,,,,DEMO-C-00013,Jessica Waters,DEMO-L-00015,Plumbing,,DEMO-I-000268,12/18/2025,12/18/2025,Paid,,Pipe leak in crawlspace,$520.00,$159.00,$0.00,$361.00,$0.00,12/18/2025 10:38 AM,DEMO-IL-000589,1,PL-DIAG,Service,Plumbing diagnostic / service call,1,$95.00,$95.00,$0.00,No,$0.00,$0.00
DEMO-J-000284,Leak,Pipe leak in crawlspace,Completed,Scheduled,phone,DEMO-E-00003,12/15/2025 10:18 AM,12/18/2025 10:20 AM,,,,,,DEMO-C-00013,Jessica Waters,DEMO-L-00015,Plumbing,,DEMO-I-000268,12/18/2025,12/18/2025,Paid,,Pipe leak in crawlspace,$520.00,$159.00,$0.00,$361.00,$0.00,12/18/2025 10:38 AM,DEMO-IL-000590,2,PL-LEAK,Service,Repair pipe leak,1,$425.00,$64.00,$361.00,No,$0.00,$35.00
DEMO-J-000285,Drain,Kitchen sink clogged,Completed,Scheduled,phone,DEMO-E-00003,12/16/2025 10:53 AM,12/18/2025 12:48 PM,,,,,,DEMO-C-00003,Madalyn Toy,DEMO-L-00003,Plumbing,,DEMO-I-000269,12/18/2025,12/18/2025,Paid,,Kitchen sink clogged,$395.00,$0.00,$0.00,$395.00,$0.00,12/18/2025 1:06 PM,DEMO-IL-000591,1,PL-DRAIN-MAIN,Service,Clear main drain line,1,$395.00,$0.00,$395.00,No,$0.00,$10.00
DEMO-J-000286,Other,Water quality consultation,Completed,Today,phone,DEMO-E-00001,12/18/2025 7:00 AM,12/18/2025 11:09 AM,,,,,,DEMO-C-00019,Phil Runte,DEMO-L-00021,Plumbing,,DEMO-I-000270,12/18/2025,12/18/2025,Paid,,Water quality consultation,"$2,890.00",$0.00,$195.65,"$3,085.65",$0.00,12/18/2025 11:21 AM,DEMO-IL-000592,1,PL-DIAG,Service,Plumbing diagnostic / service call,1,$95.00,$0.00,$95.00,No,$0.00,$0.00
DEMO-J-000286,Other,Water quality consultation,Completed,Today,phone,DEMO-E-00001,12/18/2025 7:00 AM,12/18/2025 11:09 AM,,,,,,DEMO-C-00019,Phil Runte,DEMO-L-00021,Plumbing,,DEMO-I-000270,12/18/2025,12/18/2025,Paid,,Water quality consultation,"$2,890.00",$0.00,$195.65,"$3,085.65",$0.00,12/18/2025 11:21 AM,DEMO-IL-000593,2,WTR-SOFT,Equipment,Water softener,1,"$2,795.00",$0.00,"$2,795.00",Yes,$195.65,$980.00
DEMO-J-000287,Drain,Kitchen sink clogged,Completed,Scheduled,phone,DEMO-E-00003,12/12/2025 9:24 AM,12/18/2025 1:07 PM,,,,,,DEMO-C-00006,Inez McLaughlin,DEMO-L-00007,Plumbing,,DEMO-I-000271,12/18/2025,12/18/2025,Paid,,Kitchen sink clogged,$225.00,$0.00,$0.00,$225.00,$0.00,12/18/2025 1:19 PM,DEMO-IL-000594,1,PL-DRAIN-SM,Service,Clear sink or tub drain,1,$225.00,$0.00,$225.00,No,$0.00,$5.00
DEMO-J-000288,Other,Disposal not working,Completed,Scheduled,phone,DEMO-E-00003,12/17/2025 4:52 PM,12/18/2025 3:29 PM,,,,,,DEMO-C-00030,Titus Moen,DEMO-L-00032,Plumbing,,DEMO-I-000272,12/18/2025,12/18/2025,Open,,Disposal not working,$590.00,$0.00,$0.00,$590.00,$590.00,,DEMO-IL-000595,1,PL-DIAG,Service,Plumbing diagnostic / service call,1,$95.00,$0.00,$95.00,No,$0.00,$0.00
DEMO-J-000288,Other,Disposal not working,Completed,Scheduled,phone,DEMO-E-00003,12/17/2025 4:52 PM,12/18/2025 3:29 PM,,,,,,DEMO-C-00030,Titus Moen,DEMO-L-00032,Plumbing,,DEMO-I-000272,12/18/2025,12/18/2025,Open,,Disposal not working,$590.00,$0.00,$0.00,$590.00,$590.00,,DEMO-IL-000596,2,PL-DISPOSAL,Service,Replace garbage disposal,1,$495.00,$0.00,$495.00,No,$0.00,$140.00
DEMO-J-000289,Drain,Tub draining slowly,Completed,Scheduled,phone,DEMO-E-00003,12/17/2025 1:34 PM,12/18/2025 9:23 AM,,,,,,DEMO-C-00025,Micah Larkin,DEMO-L-00027,Plumbing,,DEMO-I-000273,12/18/2025,12/18/2025,Paid,,Tub draining slowly,$225.00,$34.00,$0.00,$191.00,$0.00,12/18/2025 9:30 AM,DEMO-IL-000597,1,PL-DRAIN-SM,Service,Clear sink or tub drain,1,$225.00,$34.00,$191.00,No,$0.00,$5.00
DEMO-J-000290,No Heat,No heat,Completed,Emergency,phone,DEMO-E-00003,12/19/2025 7:00 AM,12/19/2025 10:48 AM,,,,,,DEMO-C-00015,Nathen Rosenbaum,DEMO-L-00017,HVAC Service,,DEMO-I-000274,12/19/2025,12/19/2025,Paid,,No heat,"$1,135.00",$0.00,$48.65,"$1,183.65",$0.00,12/19/2025 10:52 AM,DEMO-IL-000598,1,HVAC-DIAG,Service,HVAC diagnostic / service call,1,$95.00,$0.00,$95.00,No,$0.00,$0.00
DEMO-J-000290,No Heat,No heat,Completed,Emergency,phone,DEMO-E-00003,12/19/2025 7:00 AM,12/19/2025 10:48 AM,,,,,,DEMO-C-00015,Nathen Rosenbaum,DEMO-L-00017,HVAC Service,,DEMO-I-000274,12/19/2025,12/19/2025,Paid,,No heat,"$1,135.00",$0.00,$48.65,"$1,183.65",$0.00,12/19/2025 10:52 AM,DEMO-IL-000599,2,HVAC-IGN,Service,Replace hot surface ignitor,1,$345.00,$0.00,$345.00,No,$0.00,$38.00
DEMO-J-000290,No Heat,No heat,Completed,Emergency,phone,DEMO-E-00003,12/19/2025 7:00 AM,12/19/2025 10:48 AM,,,,,,DEMO-C-00015,Nathen Rosenbaum,DEMO-L-00017,HVAC Service,,DEMO-I-000274,12/19/2025,12/19/2025,Paid,,No heat,"$1,135.00",$0.00,$48.65,"$1,183.65",$0.00,12/19/2025 10:52 AM,DEMO-IL-000600,3,IAQ-UV,Equipment,UV light (coil and air),1,$695.00,$0.00,$695.00,Yes,$48.65,$165.00
DEMO-J-000291,Tune Up,Fall heating tune-up,Completed,Scheduled,phone,DEMO-E-00003,12/16/2025 4:12 PM,12/19/2025 1:43 PM,,,,,,DEMO-C-00001,Hank Erdman,DEMO-L-00001,HVAC Service,,DEMO-I-000275,12/19/2025,12/19/2025,Open,,Fall heating tune-up,$413.00,$0.00,$6.65,$419.65,$419.65,,DEMO-IL-000601,1,HVAC-TUNE-HT,Service,Heating tune-up (fall heating),1,$129.00,$0.00,$129.00,No,$0.00,$8.00
DEMO-J-000291,Tune Up,Fall heating tune-up,Completed,Scheduled,phone,DEMO-E-00003,12/16/2025 4:12 PM,12/19/2025 1:43 PM,,,,,,DEMO-C-00001,Hank Erdman,DEMO-L-00001,HVAC Service,,DEMO-I-000275,12/19/2025,12/19/2025,Open,,Fall heating tune-up,$413.00,$0.00,$6.65,$419.65,$419.65,,DEMO-IL-000602,2,HVAC-FILTER,Material,Media filter replacement,1,$95.00,$0.00,$95.00,Yes,$6.65,$28.00
DEMO-J-000291,Tune Up,Fall heating tune-up,Completed,Scheduled,phone,DEMO-E-00003,12/16/2025 4:12 PM,12/19/2025 1:43 PM,,,,,,DEMO-C-00001,Hank Erdman,DEMO-L-00001,HVAC Service,,DEMO-I-000275,12/19/2025,12/19/2025,Open,,Fall heating tune-up,$413.00,$0.00,$6.65,$419.65,$419.65,,DEMO-IL-000603,3,HVAC-DRAIN,Service,Clear condensate drain line,1,$189.00,$0.00,$189.00,No,$0.00,$6.00
DEMO-J-000292,Estimate,Replacement estimate,Completed,Scheduled,phone,DEMO-E-00003,12/15/2025 9:25 AM,12/19/2025 9:17 AM,,,,,,DEMO-C-00004,Brennon Homenick,DEMO-L-00004,HVAC Replacement,,,,,,,,,,,,,,,,,,,,,,,,,
DEMO-J-000293,Install,System replacement install,Completed,Scheduled,replacement_sale,DEMO-E-00003,12/19/2025 11:35 AM,1/7/2026 2:47 PM,DEMO-E-00006,,,,,DEMO-C-00004,Brennon Homenick,DEMO-L-00004,HVAC Replacement,,DEMO-I-000392,1/7/2026,1/7/2026,Paid,,System replacement,"$15,790.00","$1,622.65",$16.69,"$14,184.04",$0.00,1/11/2026 2:00 PM,DEMO-IL-000861,1,EQ-HP-3T,Equipment,"15.2 SEER2 heat pump system, 3 ton (installed)",1,"$10,950.00","$1,067.15","$9,882.85",No,$0.00,"$4,600.00"
DEMO-J-000293,Install,System replacement install,Completed,Scheduled,replacement_sale,DEMO-E-00003,12/19/2025 11:35 AM,1/7/2026 2:47 PM,DEMO-E-00006,,,,,DEMO-C-00004,Brennon Homenick,DEMO-L-00004,HVAC Replacement,,DEMO-I-000392,1/7/2026,1/7/2026,Paid,,System replacement,"$15,790.00","$1,622.65",$16.69,"$14,184.04",$0.00,1/11/2026 2:00 PM,DEMO-IL-000862,2,EQ-AH,Equipment,Air handler (installed),1,"$3,950.00",$384.65,"$3,565.35",No,$0.00,"$1,450.00"
DEMO-J-000293,Install,System replacement install,Completed,Scheduled,replacement_sale,DEMO-E-00003,12/19/2025 11:35 AM,1/7/2026 2:47 PM,DEMO-E-00006,,,,,DEMO-C-00004,Brennon Homenick,DEMO-L-00004,HVAC Replacement,,DEMO-I-000392,1/7/2026,1/7/2026,Paid,,System replacement,"$15,790.00","$1,622.65",$16.69,"$14,184.04",$0.00,1/11/2026 2:00 PM,DEMO-IL-000863,3,ELEC-SURGE,Equipment,HVAC surge protector,1,$295.00,$56.55,$238.45,Yes,$16.69,$45.00
DEMO-J-000293,Install,System replacement install,Completed,Scheduled,replacement_sale,DEMO-E-00003,12/19/2025 11:35 AM,1/7/2026 2:47 PM,DEMO-E-00006,,,,,DEMO-C-00004,Brennon Homenick,DEMO-L-00004,HVAC Replacement,,DEMO-I-000392,1/7/2026,1/7/2026,Paid,,System replacement,"$15,790.00","$1,622.65",$16.69,"$14,184.04",$0.00,1/11/2026 2:00 PM,DEMO-IL-000864,4,HVAC-SMART,Service,Install smart thermostat,1,$595.00,$114.30,$480.70,No,$0.00,$165.00
DEMO-J-000294,Maintenance,Quarterly preventive maintenance,Completed,Scheduled,phone,DEMO-E-00003,12/18/2025 9:56 AM,12/19/2025 9:24 AM,,,,,,DEMO-C-00033,Sound Side Hardware Group,DEMO-L-00044,Commercial & Refrigeration,,DEMO-I-000276,12/19/2025,1/3/2026,Open,,Quarterly preventive maintenance,$900.00,$0.00,$0.00,$900.00,$900.00,,DEMO-IL-000604,1,COM-PM,Service,Commercial preventive maintenance (per unit),4,$225.00,$0.00,$900.00,No,$0.00,$100.00
DEMO-J-000295,Tune Up,Fall heating tune-up,Completed,Scheduled,phone,DEMO-E-00003,12/17/2025 9:24 AM,12/19/2025 11:28 AM,,,,,,DEMO-C-00010,Alize Cassin,DEMO-L-00012,HVAC Service,,DEMO-I-000277,12/19/2025,12/19/2025,Paid,,Fall heating tune-up,$129.00,$0.00,$0.00,$129.00,$0.00,12/19/2025 11:33 AM,DEMO-IL-000605,1,HVAC-TUNE-HT,Service,Heating tune-up (fall heating),1,$129.00,$0.00,$129.00,No,$0.00,$8.00
DEMO-J-000296,No Heat,Heat pump blowing cold air,Completed,Scheduled,phone,DEMO-E-00003,12/16/2025 9:18 AM,12/19/2025 4:57 PM,,,,,,DEMO-C-00006,Inez McLaughlin,DEMO-L-00007,HVAC Service,,DEMO-I-000278,12/19/2025,12/19/2025,Paid,,Heat pump blowing cold air,"$2,685.00",$0.00,$48.65,"$2,733.65",$0.00,12/19/2025 5:12 PM,DEMO-IL-000606,1,HVAC-DIAG,Service,HVAC diagnostic / service call,1,$95.00,$0.00,$95.00,No,$0.00,$0.00
DEMO-J-000296,No Heat,Heat pump blowing cold air,Completed,Scheduled,phone,DEMO-E-00003,12/16/2025 9:18 AM,12/19/2025 4:57 PM,,,,,,DEMO-C-00006,Inez McLaughlin,DEMO-L-00007,HVAC Service,,DEMO-I-000278,12/19/2025,12/19/2025,Paid,,Heat pump blowing cold air,"$2,685.00",$0.00,$48.65,"$2,733.65",$0.00,12/19/2025 5:12 PM,DEMO-IL-000607,2,HVAC-ECM,Service,Replace ECM blower motor,1,"$1,895.00",$0.00,"$1,895.00",No,$0.00,$620.00
DEMO-J-000296,No Heat,Heat pump blowing cold air,Completed,Scheduled,phone,DEMO-E-00003,12/16/2025 9:18 AM,12/19/2025 4:57 PM,,,,,,DEMO-C-00006,Inez McLaughlin,DEMO-L-00007,HVAC Service,,DEMO-I-000278,12/19/2025,12/19/2025,Paid,,Heat pump blowing cold air,"$2,685.00",$0.00,$48.65,"$2,733.65",$0.00,12/19/2025 5:12 PM,DEMO-IL-000608,3,IAQ-UV,Equipment,UV light (coil and air),1,$695.00,$0.00,$695.00,Yes,$48.65,$165.00
DEMO-J-000297,No Heat,Callback: Heat pump blowing cold air,Completed,Today,callback,DEMO-E-00003,12/19/2025 7:00 AM,12/19/2025 8:54 AM,,,DEMO-J-000214,Yes,Drain line not cleared fully,DEMO-C-00008,Katelyn Thompson,DEMO-L-00009,HVAC Service,,,,,,,,,,,,,,,,,,,,,,,,,
DEMO-J-000298,No Heat,Strange smell from furnace,Canceled,Emergency,referral,DEMO-E-00001,12/19/2025 8:23 AM,,,,,,,DEMO-C-00021,Silas Bauch,DEMO-L-00023,HVAC Service,,,,,,,,,,,,,,,,,,,,,,,,,
DEMO-J-000299,Drain,Kitchen sink clogged,Completed,Scheduled,phone,DEMO-E-00003,12/15/2025 12:01 PM,12/19/2025 10:51 AM,,,,,,DEMO-C-00008,Katelyn Thompson,DEMO-L-00009,Plumbing,,DEMO-I-000279,12/19/2025,12/19/2025,Open,,Kitchen sink clogged,"$1,415.00",$0.00,$62.65,"$1,477.65","$1,477.65",,DEMO-IL-000609,1,PL-DRAIN-SM,Service,Clear sink or tub drain,1,$225.00,$0.00,$225.00,No,$0.00,$5.00
DEMO-J-000299,Drain,Kitchen sink clogged,Completed,Scheduled,phone,DEMO-E-00003,12/15/2025 12:01 PM,12/19/2025 10:51 AM,,,,,,DEMO-C-00008,Katelyn Thompson,DEMO-L-00009,Plumbing,,DEMO-I-000279,12/19/2025,12/19/2025,Open,,Kitchen sink clogged,"$1,415.00",$0.00,$62.65,"$1,477.65","$1,477.65",,DEMO-IL-000610,2,PL-CAMERA,Service,Sewer camera inspection,1,$295.00,$0.00,$295.00,No,$0.00,$0.00
DEMO-J-000299,Drain,Kitchen sink clogged,Completed,Scheduled,phone,DEMO-E-00003,12/15/2025 12:01 PM,12/19/2025 10:51 AM,,,,,,DEMO-C-00008,Katelyn Thompson,DEMO-L-00009,Plumbing,,DEMO-I-000279,12/19/2025,12/19/2025,Open,,Kitchen sink clogged,"$1,415.00",$0.00,$62.65,"$1,477.65","$1,477.65",,DEMO-IL-000611,3,WTR-LEAKVALVE,Equipment,Leak-detection shut-off valve,1,$895.00,$0.00,$895.00,Yes,$62.65,$290.00
DEMO-J-000300,Other,Water quality consultation,Completed,Scheduled,phone,DEMO-E-00002,12/13/2025 4:43 PM,12/19/2025 1:26 PM,,,,,,DEMO-C-00010,Alize Cassin,DEMO-L-00011,Plumbing,,DEMO-I-000280,12/19/2025,12/19/2025,Paid,,Water quality consultation,$990.00,$0.00,$62.65,"$1,052.65",$0.00,12/19/2025 1:39 PM,DEMO-IL-000612,1,PL-DIAG,Service,Plumbing diagnostic / service call,1,$95.00,$0.00,$95.00,No,$0.00,$0.00
DEMO-J-000300,Other,Water quality consultation,Completed,Scheduled,phone,DEMO-E-00002,12/13/2025 4:43 PM,12/19/2025 1:26 PM,,,,,,DEMO-C-00010,Alize Cassin,DEMO-L-00011,Plumbing,,DEMO-I-000280,12/19/2025,12/19/2025,Paid,,Water quality consultation,$990.00,$0.00,$62.65,"$1,052.65",$0.00,12/19/2025 1:39 PM,DEMO-IL-000613,2,WTR-LEAKVALVE,Equipment,Leak-detection shut-off valve,1,$895.00,$0.00,$895.00,Yes,$62.65,$290.00
DEMO-J-000301,Other,Disposal not working,Completed,Scheduled,phone,DEMO-E-00003,12/18/2025 2:19 PM,12/19/2025 10:10 AM,,,,,,DEMO-C-00017,German Thompson,DEMO-L-00019,Plumbing,,DEMO-I-000281,12/19/2025,12/19/2025,Paid,,Disposal not working,$590.00,$169.00,$0.00,$421.00,$0.00,12/19/2025 10:14 AM,DEMO-IL-000614,1,PL-DIAG,Service,Plumbing diagnostic / service call,1,$95.00,$95.00,$0.00,No,$0.00,$0.00
DEMO-J-000301,Other,Disposal not working,Completed,Scheduled,phone,DEMO-E-00003,12/18/2025 2:19 PM,12/19/2025 10:10 AM,,,,,,DEMO-C-00017,German Thompson,DEMO-L-00019,Plumbing,,DEMO-I-000281,12/19/2025,12/19/2025,Paid,,Disposal not working,$590.00,$169.00,$0.00,$421.00,$0.00,12/19/2025 10:14 AM,DEMO-IL-000615,2,PL-DISPOSAL,Service,Replace garbage disposal,1,$495.00,$74.00,$421.00,No,$0.00,$140.00
DEMO-J-000302,Drain,Main line backing up,Completed,Scheduled,phone,DEMO-E-00003,12/13/2025 4:50 PM,12/19/2025 10:28 AM,,,,,,DEMO-C-00008,Katelyn Thompson,DEMO-L-00009,Plumbing,,DEMO-I-000282,12/19/2025,12/19/2025,Paid,,Main line backing up,$690.00,$0.00,$0.00,$690.00,$0.00,12/19/2025 10:32 AM,DEMO-IL-000616,1,PL-DRAIN-MAIN,Service,Clear main drain line,1,$395.00,$0.00,$395.00,No,$0.00,$10.00
DEMO-J-000302,Drain,Main line backing up,Completed,Scheduled,phone,DEMO-E-00003,12/13/2025 4:50 PM,12/19/2025 10:28 AM,,,,,,DEMO-C-00008,Katelyn Thompson,DEMO-L-00009,Plumbing,,DEMO-I-000282,12/19/2025,12/19/2025,Paid,,Main line backing up,$690.00,$0.00,$0.00,$690.00,$0.00,12/19/2025 10:32 AM,DEMO-IL-000617,2,PL-CAMERA,Service,Sewer camera inspection,1,$295.00,$0.00,$295.00,No,$0.00,$0.00
DEMO-J-000303,Drain,Main line backing up,Completed,Scheduled,phone,DEMO-E-00003,12/18/2025 8:50 AM,12/19/2025 12:25 PM,,,,,,DEMO-C-00019,Phil Runte,DEMO-L-00021,Plumbing,,DEMO-I-000283,12/19/2025,12/19/2025,Paid,,Main line backing up,$395.00,$0.00,$0.00,$395.00,$0.00,12/19/2025 12:39 PM,DEMO-IL-000618,1,PL-DRAIN-MAIN,Service,Clear main drain line,1,$395.00,$0.00,$395.00,No,$0.00,$10.00
DEMO-J-000304,No Heat,Heat pump blowing cold air,Completed,Emergency,phone,DEMO-E-00003,12/20/2025 7:31 AM,12/20/2025 11:28 AM,,,,,,DEMO-C-00025,Micah Larkin,DEMO-L-00027,HVAC Service,,DEMO-I-000284,12/20/2025,12/20/2025,Paid,,Heat pump blowing cold air,$284.00,$123.00,$0.00,$161.00,$0.00,12/20/2025 11:31 AM,DEMO-IL-000619,1,HVAC-DIAG,Service,HVAC diagnostic / service call,1,$95.00,$95.00,$0.00,No,$0.00,$0.00
DEMO-J-000304,No Heat,Heat pump blowing cold air,Completed,Emergency,phone,DEMO-E-00003,12/20/2025 7:31 AM,12/20/2025 11:28 AM,,,,,,DEMO-C-00025,Micah Larkin,DEMO-L-00027,HVAC Service,,DEMO-I-000284,12/20/2025,12/20/2025,Paid,,Heat pump blowing cold air,$284.00,$123.00,$0.00,$161.00,$0.00,12/20/2025 11:31 AM,DEMO-IL-000620,2,HVAC-FLAME,Service,Clean or replace flame sensor,1,$189.00,$28.00,$161.00,No,$0.00,$15.00
DEMO-J-000305,No Heat,Strange smell from furnace,Completed,Emergency,phone,DEMO-E-00003,12/20/2025 9:14 AM,12/20/2025 1:34 PM,,,,,,DEMO-C-00007,Roxane Williamson,DEMO-L-00008,HVAC Service,,DEMO-I-000285,12/20/2025,12/20/2025,Paid,,Strange smell from furnace,$384.00,$0.00,$0.00,$384.00,$0.00,12/20/2025 1:48 PM,DEMO-IL-000621,1,HVAC-DIAG,Service,HVAC diagnostic / service call,1,$95.00,$0.00,$95.00,No,$0.00,$0.00
DEMO-J-000305,No Heat,Strange smell from furnace,Completed,Emergency,phone,DEMO-E-00003,12/20/2025 9:14 AM,12/20/2025 1:34 PM,,,,,,DEMO-C-00007,Roxane Williamson,DEMO-L-00008,HVAC Service,,DEMO-I-000285,12/20/2025,12/20/2025,Paid,,Strange smell from furnace,$384.00,$0.00,$0.00,$384.00,$0.00,12/20/2025 1:48 PM,DEMO-IL-000622,2,HVAC-CAP,Service,Replace run capacitor,1,$289.00,$0.00,$289.00,No,$0.00,$28.00
DEMO-J-000306,Other,Water quality consultation,Completed,Emergency,phone,DEMO-E-00003,12/20/2025 7:28 AM,12/20/2025 1:31 PM,,,,,,DEMO-C-00023,Declan Jaskolski,DEMO-L-00025,Plumbing,,DEMO-I-000286,12/20/2025,12/20/2025,Paid,,Water quality consultation,"$2,890.00",$0.00,$195.65,"$3,085.65",$0.00,1/2/2026 4:17 PM,DEMO-IL-000623,1,PL-DIAG,Service,Plumbing diagnostic / service call,1,$95.00,$0.00,$95.00,No,$0.00,$0.00
DEMO-J-000306,Other,Water quality consultation,Completed,Emergency,phone,DEMO-E-00003,12/20/2025 7:28 AM,12/20/2025 1:31 PM,,,,,,DEMO-C-00023,Declan Jaskolski,DEMO-L-00025,Plumbing,,DEMO-I-000286,12/20/2025,12/20/2025,Paid,,Water quality consultation,"$2,890.00",$0.00,$195.65,"$3,085.65",$0.00,1/2/2026 4:17 PM,DEMO-IL-000624,2,WTR-SOFT,Equipment,Water softener,1,"$2,795.00",$0.00,"$2,795.00",Yes,$195.65,$980.00
DEMO-J-000307,Water Heater,Water heater leaking,Completed,Emergency,phone,DEMO-E-00003,12/20/2025 11:24 AM,12/20/2025 4:09 PM,,,,,,DEMO-C-00027,Sidney Kohler,DEMO-L-00029,Plumbing,,DEMO-I-000287,12/20/2025,12/20/2025,Paid,,Water heater leaking,$520.00,$0.00,$0.00,$520.00,$0.00,12/20/2025 4:17 PM,DEMO-IL-000625,1,PL-DIAG,Service,Plumbing diagnostic / service call,1,$95.00,$0.00,$95.00,No,$0.00,$0.00
DEMO-J-000307,Water Heater,Water heater leaking,Completed,Emergency,phone,DEMO-E-00003,12/20/2025 11:24 AM,12/20/2025 4:09 PM,,,,,,DEMO-C-00027,Sidney Kohler,DEMO-L-00029,Plumbing,,DEMO-I-000287,12/20/2025,12/20/2025,Paid,,Water heater leaking,$520.00,$0.00,$0.00,$520.00,$0.00,12/20/2025 4:17 PM,DEMO-IL-000626,2,PL-LEAK,Service,Repair pipe leak,1,$425.00,$0.00,$425.00,No,$0.00,$35.00
DEMO-J-000308,No Heat,No heat,Completed,Scheduled,phone,DEMO-E-00001,12/20/2025 2:37 PM,12/22/2025 1:41 PM,,,,,,DEMO-C-00023,Declan Jaskolski,DEMO-L-00025,HVAC Service,,DEMO-I-000288,12/22/2025,12/22/2025,Paid,,No heat,"$3,279.00",$0.00,$202.65,"$3,481.65",$0.00,12/22/2025 1:55 PM,DEMO-IL-000627,1,HVAC-DIAG,Service,HVAC diagnostic / service call,1,$95.00,$0.00,$95.00,No,$0.00,$0.00
DEMO-J-000308,No Heat,No heat,Completed,Scheduled,phone,DEMO-E-00001,12/20/2025 2:37 PM,12/22/2025 1:41 PM,,,,,,DEMO-C-00023,Declan Jaskolski,DEMO-L-00025,HVAC Service,,DEMO-I-000288,12/22/2025,12/22/2025,Paid,,No heat,"$3,279.00",$0.00,$202.65,"$3,481.65",$0.00,12/22/2025 1:55 PM,DEMO-IL-000628,2,HVAC-CAP,Service,Replace run capacitor,1,$289.00,$0.00,$289.00,No,$0.00,$28.00
DEMO-J-000308,No Heat,No heat,Completed,Scheduled,phone,DEMO-E-00001,12/20/2025 2:37 PM,12/22/2025 1:41 PM,,,,,,DEMO-C-00023,Declan Jaskolski,DEMO-L-00025,HVAC Service,,DEMO-I-000288,12/22/2025,12/22/2025,Paid,,No heat,"$3,279.00",$0.00,$202.65,"$3,481.65",$0.00,12/22/2025 1:55 PM,DEMO-IL-000629,3,IAQ-DEHUM,Equipment,Whole-home dehumidifier,1,"$2,895.00",$0.00,"$2,895.00",Yes,$202.65,"$1,050.00"
DEMO-J-000309,No Heat,No heat,Completed,Emergency,phone,DEMO-E-00003,12/22/2025 7:00 AM,12/22/2025 11:15 AM,,,,,,DEMO-C-00002,Natasha Pfannerstill,DEMO-L-00002,HVAC Service,,DEMO-I-000289,12/22/2025,12/22/2025,Paid,,No heat,"$1,834.00",$0.00,$0.00,"$1,834.00",$0.00,1/1/2026 6:27 PM,DEMO-IL-000630,1,HVAC-DIAG,Service,HVAC diagnostic / service call,1,$95.00,$0.00,$95.00,No,$0.00,$0.00
DEMO-J-000309,No Heat,No heat,Completed,Emergency,phone,DEMO-E-00003,12/22/2025 7:00 AM,12/22/2025 11:15 AM,,,,,,DEMO-C-00002,Natasha Pfannerstill,DEMO-L-00002,HVAC Service,,DEMO-I-000289,12/22/2025,12/22/2025,Paid,,No heat,"$1,834.00",$0.00,$0.00,"$1,834.00",$0.00,1/1/2026 6:27 PM,DEMO-IL-000631,2,HVAC-BOARD,Service,Replace control board,1,"$1,450.00",$0.00,"$1,450.00",No,$0.00,$310.00
DEMO-J-000309,No Heat,No heat,Completed,Emergency,phone,DEMO-E-00003,12/22/2025 7:00 AM,12/22/2025 11:15 AM,,,,,,DEMO-C-00002,Natasha Pfannerstill,DEMO-L-00002,HVAC Service,,DEMO-I-000289,12/22/2025,12/22/2025,Paid,,No heat,"$1,834.00",$0.00,$0.00,"$1,834.00",$0.00,1/1/2026 6:27 PM,DEMO-IL-000632,3,HVAC-CAP,Service,Replace run capacitor,1,$289.00,$0.00,$289.00,No,$0.00,$28.00
DEMO-J-000310,No Heat,No heat,Completed,Scheduled,phone,DEMO-E-00001,12/19/2025 1:09 PM,12/22/2025 2:20 PM,,,,,,DEMO-C-00021,Silas Bauch,DEMO-L-00023,HVAC Service,,DEMO-I-000290,12/22/2025,12/22/2025,Paid,,No heat,"$1,135.00",$0.00,$48.65,"$1,183.65",$0.00,12/22/2025 2:34 PM,DEMO-IL-000633,1,HVAC-DIAG,Service,HVAC diagnostic / service call,1,$95.00,$0.00,$95.00,No,$0.00,$0.00
DEMO-J-000310,No Heat,No heat,Completed,Scheduled,phone,DEMO-E-00001,12/19/2025 1:09 PM,12/22/2025 2:20 PM,,,,,,DEMO-C-00021,Silas Bauch,DEMO-L-00023,HVAC Service,,DEMO-I-000290,12/22/2025,12/22/2025,Paid,,No heat,"$1,135.00",$0.00,$48.65,"$1,183.65",$0.00,12/22/2025 2:34 PM,DEMO-IL-000634,2,HVAC-IGN,Service,Replace hot surface ignitor,1,$345.00,$0.00,$345.00,No,$0.00,$38.00
DEMO-J-000310,No Heat,No heat,Completed,Scheduled,phone,DEMO-E-00001,12/19/2025 1:09 PM,12/22/2025 2:20 PM,,,,,,DEMO-C-00021,Silas Bauch,DEMO-L-00023,HVAC Service,,DEMO-I-000290,12/22/2025,12/22/2025,Paid,,No heat,"$1,135.00",$0.00,$48.65,"$1,183.65",$0.00,12/22/2025 2:34 PM,DEMO-IL-000635,3,IAQ-UV,Equipment,UV light (coil and air),1,$695.00,$0.00,$695.00,Yes,$48.65,$165.00
DEMO-J-000311,No Heat,Strange smell from furnace,Completed,Scheduled,phone,DEMO-E-00003,12/17/2025 4:03 PM,12/22/2025 4:25 PM,,,,,,DEMO-C-00011,Cole Flatley,DEMO-L-00013,HVAC Service,,DEMO-I-000291,12/22/2025,12/22/2025,Paid,,Strange smell from furnace,$440.00,$147.00,$0.00,$293.00,$0.00,12/22/2025 4:40 PM,DEMO-IL-000636,1,HVAC-DIAG,Service,HVAC diagnostic / service call,1,$95.00,$95.00,$0.00,No,$0.00,$0.00
DEMO-J-000311,No Heat,Strange smell from furnace,Completed,Scheduled,phone,DEMO-E-00003,12/17/2025 4:03 PM,12/22/2025 4:25 PM,,,,,,DEMO-C-00011,Cole Flatley,DEMO-L-00013,HVAC Service,,DEMO-I-000291,12/22/2025,12/22/2025,Paid,,Strange smell from furnace,$440.00,$147.00,$0.00,$293.00,$0.00,12/22/2025 4:40 PM,DEMO-IL-000637,2,HVAC-IGN,Service,Replace hot surface ignitor,1,$345.00,$52.00,$293.00,No,$0.00,$38.00
DEMO-J-000312,No Cooling,AC not keeping up,Completed,Scheduled,phone,DEMO-E-00003,12/17/2025 8:16 AM,12/22/2025 9:16 AM,,,,,,DEMO-C-00014,Haskell Bauch,DEMO-L-00016,HVAC Service,,DEMO-I-000292,12/22/2025,12/22/2025,Open,,AC not keeping up,$384.00,$0.00,$0.00,$384.00,$384.00,,DEMO-IL-000638,1,HVAC-DIAG,Service,HVAC diagnostic / service call,1,$95.00,$0.00,$95.00,No,$0.00,$0.00
DEMO-J-000312,No Cooling,AC not keeping up,Completed,Scheduled,phone,DEMO-E-00003,12/17/2025 8:16 AM,12/22/2025 9:16 AM,,,,,,DEMO-C-00014,Haskell Bauch,DEMO-L-00016,HVAC Service,,DEMO-I-000292,12/22/2025,12/22/2025,Open,,AC not keeping up,$384.00,$0.00,$0.00,$384.00,$384.00,,DEMO-IL-000639,2,HVAC-CAP,Service,Replace run capacitor,1,$289.00,$0.00,$289.00,No,$0.00,$28.00
DEMO-J-000313,No Heat,Strange smell from furnace,Completed,Scheduled,phone,DEMO-E-00003,12/21/2025 8:48 AM,12/22/2025 11:31 AM,,,,,,DEMO-C-00019,Phil Runte,DEMO-L-00021,HVAC Service,,DEMO-I-000293,12/22/2025,12/22/2025,Paid,,Strange smell from furnace,$790.00,$0.00,$0.00,$790.00,$0.00,12/22/2025 11:41 AM,DEMO-IL-000640,1,HVAC-DIAG,Service,HVAC diagnostic / service call,1,$95.00,$0.00,$95.00,No,$0.00,$0.00
DEMO-J-000313,No Heat,Strange smell from furnace,Completed,Scheduled,phone,DEMO-E-00003,12/21/2025 8:48 AM,12/22/2025 11:31 AM,,,,,,DEMO-C-00019,Phil Runte,DEMO-L-00021,HVAC Service,,DEMO-I-000293,12/22/2025,12/22/2025,Paid,,Strange smell from furnace,$790.00,$0.00,$0.00,$790.00,$0.00,12/22/2025 11:41 AM,DEMO-IL-000641,2,HVAC-DEFROST,Service,Replace heat pump defrost board,1,$695.00,$0.00,$695.00,No,$0.00,$140.00
DEMO-J-000314,No Cooling,Unit tripping breaker,Completed,Emergency,phone,DEMO-E-00003,12/22/2025 9:53 AM,12/22/2025 3:48 PM,,,,,,DEMO-C-00036,Saltbox Realty,DEMO-L-00054,Commercial & Refrigeration,,DEMO-I-000294,12/22/2025,1/21/2026,Open,,Unit tripping breaker,"$1,039.00",$0.00,$0.00,"$1,039.00","$1,039.00",,DEMO-IL-000642,1,COM-DIAG,Service,Commercial service call,1,$165.00,$0.00,$165.00,No,$0.00,$0.00
DEMO-J-000314,No Cooling,Unit tripping breaker,Completed,Emergency,phone,DEMO-E-00003,12/22/2025 9:53 AM,12/22/2025 3:48 PM,,,,,,DEMO-C-00036,Saltbox Realty,DEMO-L-00054,Commercial & Refrigeration,,DEMO-I-000294,12/22/2025,1/21/2026,Open,,Unit tripping breaker,"$1,039.00",$0.00,$0.00,"$1,039.00","$1,039.00",,DEMO-IL-000643,2,COM-BELT,Service,Replace RTU belt,1,$189.00,$0.00,$189.00,No,$0.00,$22.00
DEMO-J-000314,No Cooling,Unit tripping breaker,Completed,Emergency,phone,DEMO-E-00003,12/22/2025 9:53 AM,12/22/2025 3:48 PM,,,,,,DEMO-C-00036,Saltbox Realty,DEMO-L-00054,Commercial & Refrigeration,,DEMO-I-000294,12/22/2025,1/21/2026,Open,,Unit tripping breaker,"$1,039.00",$0.00,$0.00,"$1,039.00","$1,039.00",,DEMO-IL-000644,3,REF-EVAPFAN,Service,Replace walk-in evaporator fan motor,1,$685.00,$0.00,$685.00,No,$0.00,$140.00
DEMO-J-000315,No Heat,Furnace short cycling,Completed,Today,phone,DEMO-E-00003,12/22/2025 7:00 AM,12/22/2025 10:45 AM,,,,,,DEMO-C-00001,Hank Erdman,DEMO-L-00001,HVAC Service,,DEMO-I-000295,12/22/2025,12/22/2025,Open,,Furnace short cycling,"$1,345.00",$0.00,$0.00,"$1,345.00","$1,345.00",,DEMO-IL-000645,1,HVAC-DIAG,Service,HVAC diagnostic / service call,1,$95.00,$0.00,$95.00,No,$0.00,$0.00
DEMO-J-000315,No Heat,Furnace short cycling,Completed,Today,phone,DEMO-E-00003,12/22/2025 7:00 AM,12/22/2025 10:45 AM,,,,,,DEMO-C-00001,Hank Erdman,DEMO-L-00001,HVAC Service,,DEMO-I-000295,12/22/2025,12/22/2025,Open,,Furnace short cycling,"$1,345.00",$0.00,$0.00,"$1,345.00","$1,345.00",,DEMO-IL-000646,2,HVAC-INDUCER,Service,Replace inducer motor,1,"$1,250.00",$0.00,"$1,250.00",No,$0.00,$340.00
DEMO-J-000316,No Heat,Furnace short cycling,Completed,Scheduled,phone,DEMO-E-00003,12/16/2025 12:18 PM,12/22/2025 3:09 PM,,,,,,DEMO-C-00011,Cole Flatley,DEMO-L-00013,HVAC Service,,DEMO-I-000296,12/22/2025,12/22/2025,Paid,,Furnace short cycling,"$1,890.00",$364.00,$0.00,"$1,526.00",$0.00,12/22/2025 3:26 PM,DEMO-IL-000647,1,HVAC-DIAG,Service,HVAC diagnostic / service call,1,$95.00,$95.00,$0.00,No,$0.00,$0.00
DEMO-J-000316,No Heat,Furnace short cycling,Completed,Scheduled,phone,DEMO-E-00003,12/16/2025 12:18 PM,12/22/2025 3:09 PM,,,,,,DEMO-C-00011,Cole Flatley,DEMO-L-00013,HVAC Service,,DEMO-I-000296,12/22/2025,12/22/2025,Paid,,Furnace short cycling,"$1,890.00",$364.00,$0.00,"$1,526.00",$0.00,12/22/2025 3:26 PM,DEMO-IL-000648,2,HVAC-BOARD,Service,Replace control board,1,"$1,450.00",$217.00,"$1,233.00",No,$0.00,$310.00
DEMO-J-000316,No Heat,Furnace short cycling,Completed,Scheduled,phone,DEMO-E-00003,12/16/2025 12:18 PM,12/22/2025 3:09 PM,,,,,,DEMO-C-00011,Cole Flatley,DEMO-L-00013,HVAC Service,,DEMO-I-000296,12/22/2025,12/22/2025,Paid,,Furnace short cycling,"$1,890.00",$364.00,$0.00,"$1,526.00",$0.00,12/22/2025 3:26 PM,DEMO-IL-000649,3,HVAC-IGN,Service,Replace hot surface ignitor,1,$345.00,$52.00,$293.00,No,$0.00,$38.00
DEMO-J-000317,Drain,Kitchen sink clogged,Completed,Scheduled,phone,DEMO-E-00003,12/21/2025 4:39 PM,12/22/2025 10:16 AM,,,,,,DEMO-C-00010,Alize Cassin,DEMO-L-00011,Plumbing,,DEMO-I-000297,12/22/2025,12/22/2025,Paid,,Kitchen sink clogged,$395.00,$0.00,$0.00,$395.00,$0.00,12/22/2025 10:27 AM,DEMO-IL-000650,1,PL-DRAIN-MAIN,Service,Clear main drain line,1,$395.00,$0.00,$395.00,No,$0.00,$10.00
DEMO-J-000318,Drain,Tub draining slowly,Completed,Today,phone,DEMO-E-00001,12/22/2025 7:08 AM,12/22/2025 12:11 PM,,,,,,DEMO-C-00009,Dion Little,DEMO-L-00010,Plumbing,,DEMO-I-000298,12/22/2025,12/22/2025,Paid,,Tub draining slowly,$225.00,$0.00,$0.00,$225.00,$0.00,12/22/2025 12:31 PM,DEMO-IL-000651,1,PL-DRAIN-SM,Service,Clear sink or tub drain,1,$225.00,$0.00,$225.00,No,$0.00,$5.00
DEMO-J-000319,Other,Water quality consultation,Completed,Scheduled,phone,DEMO-E-00003,12/16/2025 3:23 PM,12/22/2025 11:37 AM,,,,,,DEMO-C-00002,Natasha Pfannerstill,DEMO-L-00002,Plumbing,,DEMO-I-000299,12/22/2025,12/22/2025,Paid,,Water quality consultation,"$2,890.00",$0.00,$195.65,"$3,085.65",$0.00,1/4/2026 12:45 PM,DEMO-IL-000652,1,PL-DIAG,Service,Plumbing diagnostic / service call,1,$95.00,$0.00,$95.00,No,$0.00,$0.00
DEMO-J-000319,Other,Water quality consultation,Completed,Scheduled,phone,DEMO-E-00003,12/16/2025 3:23 PM,12/22/2025 11:37 AM,,,,,,DEMO-C-00002,Natasha Pfannerstill,DEMO-L-00002,Plumbing,,DEMO-I-000299,12/22/2025,12/22/2025,Paid,,Water quality consultation,"$2,890.00",$0.00,$195.65,"$3,085.65",$0.00,1/4/2026 12:45 PM,DEMO-IL-000653,2,WTR-SOFT,Equipment,Water softener,1,"$2,795.00",$0.00,"$2,795.00",Yes,$195.65,$980.00
DEMO-J-000320,Drain,Kitchen sink clogged,Completed,Scheduled,phone,DEMO-E-00003,12/17/2025 1:05 PM,12/22/2025 2:29 PM,,,,,,DEMO-C-00025,Micah Larkin,DEMO-L-00027,Plumbing,,DEMO-I-000300,12/22/2025,12/22/2025,Paid,,Kitchen sink clogged,$520.00,$78.00,$0.00,$442.00,$0.00,12/22/2025 2:35 PM,DEMO-IL-000654,1,PL-DRAIN-SM,Service,Clear sink or tub drain,1,$225.00,$34.00,$191.00,No,$0.00,$5.00
DEMO-J-000320,Drain,Kitchen sink clogged,Completed,Scheduled,phone,DEMO-E-00003,12/17/2025 1:05 PM,12/22/2025 2:29 PM,,,,,,DEMO-C-00025,Micah Larkin,DEMO-L-00027,Plumbing,,DEMO-I-000300,12/22/2025,12/22/2025,Paid,,Kitchen sink clogged,$520.00,$78.00,$0.00,$442.00,$0.00,12/22/2025 2:35 PM,DEMO-IL-000655,2,PL-CAMERA,Service,Sewer camera inspection,1,$295.00,$44.00,$251.00,No,$0.00,$0.00
DEMO-J-000321,No Cooling,No cooling,Completed,Scheduled,web,DEMO-E-00003,12/17/2025 8:46 AM,12/22/2025 9:11 AM,,,,,,DEMO-C-00001,Hank Erdman,DEMO-L-00001,HVAC Service,,DEMO-I-000301,12/22/2025,12/22/2025,Paid,,No cooling,$390.00,$0.00,$0.00,$390.00,$0.00,12/22/2025 9:19 AM,DEMO-IL-000656,1,HVAC-DIAG,Service,HVAC diagnostic / service call,1,$95.00,$0.00,$95.00,No,$0.00,$0.00
DEMO-J-000321,No Cooling,No cooling,Completed,Scheduled,web,DEMO-E-00003,12/17/2025 8:46 AM,12/22/2025 9:11 AM,,,,,,DEMO-C-00001,Hank Erdman,DEMO-L-00001,HVAC Service,,DEMO-I-000301,12/22/2025,12/22/2025,Paid,,No cooling,$390.00,$0.00,$0.00,$390.00,$0.00,12/22/2025 9:19 AM,DEMO-IL-000657,2,HVAC-HARDSTART,Service,Install hard start kit,1,$295.00,$0.00,$295.00,No,$0.00,$35.00
DEMO-J-000322,No Heat,No heat,Completed,Scheduled,referral,DEMO-E-00003,12/19/2025 12:01 PM,12/23/2025 10:07 AM,,,,,,DEMO-C-00026,Cara Beatty,DEMO-L-00028,HVAC Service,,DEMO-I-000303,12/23/2025,12/23/2025,Paid,,No heat,$979.00,$227.00,$41.37,$793.37,$0.00,12/23/2025 10:27 AM,DEMO-IL-000661,1,HVAC-DIAG,Service,HVAC diagnostic / service call,1,$95.00,$95.00,$0.00,No,$0.00,$0.00
DEMO-J-000322,No Heat,No heat,Completed,Scheduled,referral,DEMO-E-00003,12/19/2025 12:01 PM,12/23/2025 10:07 AM,,,,,,DEMO-C-00026,Cara Beatty,DEMO-L-00028,HVAC Service,,DEMO-I-000303,12/23/2025,12/23/2025,Paid,,No heat,$979.00,$227.00,$41.37,$793.37,$0.00,12/23/2025 10:27 AM,DEMO-IL-000662,2,HVAC-FLAME,Service,Clean or replace flame sensor,1,$189.00,$28.00,$161.00,No,$0.00,$15.00
DEMO-J-000322,No Heat,No heat,Completed,Scheduled,referral,DEMO-E-00003,12/19/2025 12:01 PM,12/23/2025 10:07 AM,,,,,,DEMO-C-00026,Cara Beatty,DEMO-L-00028,HVAC Service,,DEMO-I-000303,12/23/2025,12/23/2025,Paid,,No heat,$979.00,$227.00,$41.37,$793.37,$0.00,12/23/2025 10:27 AM,DEMO-IL-000663,3,IAQ-UV,Equipment,UV light (coil and air),1,$695.00,$104.00,$591.00,Yes,$41.37,$165.00
DEMO-J-000323,No Heat,Heat pump blowing cold air,Completed,Scheduled,web,DEMO-E-00003,12/21/2025 3:33 PM,12/23/2025 12:50 PM,,,,,,DEMO-C-00030,Titus Moen,DEMO-L-00032,HVAC Service,,DEMO-I-000304,12/23/2025,12/23/2025,Paid,,Heat pump blowing cold air,$790.00,$0.00,$0.00,$790.00,$0.00,12/23/2025 1:00 PM,DEMO-IL-000664,1,HVAC-DIAG,Service,HVAC diagnostic / service call,1,$95.00,$0.00,$95.00,No,$0.00,$0.00
DEMO-J-000323,No Heat,Heat pump blowing cold air,Completed,Scheduled,web,DEMO-E-00003,12/21/2025 3:33 PM,12/23/2025 12:50 PM,,,,,,DEMO-C-00030,Titus Moen,DEMO-L-00032,HVAC Service,,DEMO-I-000304,12/23/2025,12/23/2025,Paid,,Heat pump blowing cold air,$790.00,$0.00,$0.00,$790.00,$0.00,12/23/2025 1:00 PM,DEMO-IL-000665,2,HVAC-DEFROST,Service,Replace heat pump defrost board,1,$695.00,$0.00,$695.00,No,$0.00,$140.00
DEMO-J-000324,No Cooling,No heat in sales floor,Completed,Scheduled,phone,DEMO-E-00003,12/20/2025 8:35 AM,12/23/2025 5:28 PM,,,,,,DEMO-C-00031,Harbor Light Market Group,DEMO-L-00035,Commercial & Refrigeration,PO-37640,DEMO-I-000305,12/23/2025,1/7/2026,Open,,No heat in sales floor,"$2,160.00",$0.00,$0.00,"$2,160.00","$2,160.00",,DEMO-IL-000666,1,COM-DIAG,Service,Commercial service call,1,$165.00,$0.00,$165.00,No,$0.00,$0.00
DEMO-J-000324,No Cooling,No heat in sales floor,Completed,Scheduled,phone,DEMO-E-00003,12/20/2025 8:35 AM,12/23/2025 5:28 PM,,,,,,DEMO-C-00031,Harbor Light Market Group,DEMO-L-00035,Commercial & Refrigeration,PO-37640,DEMO-I-000305,12/23/2025,1/7/2026,Open,,No heat in sales floor,"$2,160.00",$0.00,$0.00,"$2,160.00","$2,160.00",,DEMO-IL-000667,2,HVAC-BOARD,Service,Replace control board,1,"$1,450.00",$0.00,"$1,450.00",No,$0.00,$310.00
DEMO-J-000324,No Cooling,No heat in sales floor,Completed,Scheduled,phone,DEMO-E-00003,12/20/2025 8:35 AM,12/23/2025 5:28 PM,,,,,,DEMO-C-00031,Harbor Light Market Group,DEMO-L-00035,Commercial & Refrigeration,PO-37640,DEMO-I-000305,12/23/2025,1/7/2026,Open,,No heat in sales floor,"$2,160.00",$0.00,$0.00,"$2,160.00","$2,160.00",,DEMO-IL-000668,3,REF-DEFROST,Service,Replace defrost timer,1,$545.00,$0.00,$545.00,No,$0.00,$95.00
DEMO-J-000325,No Heat,Furnace short cycling,Completed,Today,phone,DEMO-E-00003,12/23/2025 7:00 AM,12/23/2025 9:06 AM,,,,,,DEMO-C-00023,Declan Jaskolski,DEMO-L-00025,HVAC Service,,DEMO-I-000306,12/23/2025,12/23/2025,Paid,,Furnace short cycling,$190.00,$0.00,$6.65,$196.65,$0.00,12/23/2025 9:20 AM,DEMO-IL-000669,1,HVAC-DIAG,Service,HVAC diagnostic / service call,1,$95.00,$0.00,$95.00,No,$0.00,$0.00
DEMO-J-000325,No Heat,Furnace short cycling,Completed,Today,phone,DEMO-E-00003,12/23/2025 7:00 AM,12/23/2025 9:06 AM,,,,,,DEMO-C-00023,Declan Jaskolski,DEMO-L-00025,HVAC Service,,DEMO-I-000306,12/23/2025,12/23/2025,Paid,,Furnace short cycling,$190.00,$0.00,$6.65,$196.65,$0.00,12/23/2025 9:20 AM,DEMO-IL-000670,2,HVAC-FILTER,Material,Media filter replacement,1,$95.00,$0.00,$95.00,Yes,$6.65,$28.00
DEMO-J-000326,Tune Up,Fall heating tune-up,Completed,Scheduled,phone,DEMO-E-00003,12/19/2025 4:41 PM,12/23/2025 11:26 AM,,,,,,DEMO-C-00009,Dion Little,DEMO-L-00010,HVAC Service,,DEMO-I-000307,12/23/2025,12/23/2025,Paid,,Fall heating tune-up,$224.00,$0.00,$6.65,$230.65,$0.00,12/23/2025 11:40 AM,DEMO-IL-000671,1,HVAC-TUNE-HT,Service,Heating tune-up (fall heating),1,$129.00,$0.00,$129.00,No,$0.00,$8.00
DEMO-J-000326,Tune Up,Fall heating tune-up,Completed,Scheduled,phone,DEMO-E-00003,12/19/2025 4:41 PM,12/23/2025 11:26 AM,,,,,,DEMO-C-00009,Dion Little,DEMO-L-00010,HVAC Service,,DEMO-I-000307,12/23/2025,12/23/2025,Paid,,Fall heating tune-up,$224.00,$0.00,$6.65,$230.65,$0.00,12/23/2025 11:40 AM,DEMO-IL-000672,2,HVAC-FILTER,Material,Media filter replacement,1,$95.00,$0.00,$95.00,Yes,$6.65,$28.00
DEMO-J-000327,Tune Up,Fall heating tune-up,Completed,Scheduled,membership,DEMO-E-00001,12/20/2025 10:18 AM,12/23/2025 11:10 AM,,,,,,DEMO-C-00018,Thad Hilll,DEMO-L-00020,HVAC Service,,DEMO-I-000308,12/23/2025,12/23/2025,Paid,,Fall heating tune-up,$902.00,$244.00,$17.57,$675.57,$0.00,12/23/2025 11:13 AM,DEMO-IL-000673,1,HVAC-TUNE-HT,Service,Heating tune-up (fall heating),1,$129.00,$129.00,$0.00,No,$0.00,$8.00
DEMO-J-000327,Tune Up,Fall heating tune-up,Completed,Scheduled,membership,DEMO-E-00001,12/20/2025 10:18 AM,12/23/2025 11:10 AM,,,,,,DEMO-C-00018,Thad Hilll,DEMO-L-00020,HVAC Service,,DEMO-I-000308,12/23/2025,12/23/2025,Paid,,Fall heating tune-up,$902.00,$244.00,$17.57,$675.57,$0.00,12/23/2025 11:13 AM,DEMO-IL-000674,2,HVAC-DRAIN,Service,Clear condensate drain line,1,$189.00,$28.00,$161.00,No,$0.00,$6.00
DEMO-J-000327,Tune Up,Fall heating tune-up,Completed,Scheduled,membership,DEMO-E-00001,12/20/2025 10:18 AM,12/23/2025 11:10 AM,,,,,,DEMO-C-00018,Thad Hilll,DEMO-L-00020,HVAC Service,,DEMO-I-000308,12/23/2025,12/23/2025,Paid,,Fall heating tune-up,$902.00,$244.00,$17.57,$675.57,$0.00,12/23/2025 11:13 AM,DEMO-IL-000675,3,HVAC-CAP,Service,Replace run capacitor,1,$289.00,$43.00,$246.00,No,$0.00,$28.00
DEMO-J-000327,Tune Up,Fall heating tune-up,Completed,Scheduled,membership,DEMO-E-00001,12/20/2025 10:18 AM,12/23/2025 11:10 AM,,,,,,DEMO-C-00018,Thad Hilll,DEMO-L-00020,HVAC Service,,DEMO-I-000308,12/23/2025,12/23/2025,Paid,,Fall heating tune-up,$902.00,$244.00,$17.57,$675.57,$0.00,12/23/2025 11:13 AM,DEMO-IL-000676,4,ELEC-SURGE,Equipment,HVAC surge protector,1,$295.00,$44.00,$251.00,Yes,$17.57,$45.00
DEMO-J-000328,No Cooling,No cooling,Completed,Scheduled,phone,DEMO-E-00003,12/21/2025 9:20 AM,12/23/2025 2:32 PM,,,,,,DEMO-C-00009,Dion Little,DEMO-L-00010,HVAC Service,,DEMO-I-000309,12/23/2025,12/23/2025,Open,,No cooling,"$1,570.00",$0.00,$0.00,"$1,570.00","$1,570.00",,DEMO-IL-000677,1,HVAC-DIAG,Service,HVAC diagnostic / service call,1,$95.00,$0.00,$95.00,No,$0.00,$0.00
DEMO-J-000328,No Cooling,No cooling,Completed,Scheduled,phone,DEMO-E-00003,12/21/2025 9:20 AM,12/23/2025 2:32 PM,,,,,,DEMO-C-00009,Dion Little,DEMO-L-00010,HVAC Service,,DEMO-I-000309,12/23/2025,12/23/2025,Open,,No cooling,"$1,570.00",$0.00,$0.00,"$1,570.00","$1,570.00",,DEMO-IL-000678,2,HVAC-BLWMTR,Service,Replace blower motor (PSC),1,"$1,150.00",$0.00,"$1,150.00",No,$0.00,$260.00
DEMO-J-000328,No Cooling,No cooling,Completed,Scheduled,phone,DEMO-E-00003,12/21/2025 9:20 AM,12/23/2025 2:32 PM,,,,,,DEMO-C-00009,Dion Little,DEMO-L-00010,HVAC Service,,DEMO-I-000309,12/23/2025,12/23/2025,Open,,No cooling,"$1,570.00",$0.00,$0.00,"$1,570.00","$1,570.00",,DEMO-IL-000679,3,HVAC-CONT,Service,Replace contactor,1,$325.00,$0.00,$325.00,No,$0.00,$32.00
DEMO-J-000329,No Cooling,Water leaking from air handler,Completed,Scheduled,phone,DEMO-E-00003,12/19/2025 1:39 PM,12/23/2025 5:48 PM,,,,,,DEMO-C-00011,Cole Flatley,DEMO-L-00013,HVAC Service,,DEMO-I-000310,12/23/2025,12/23/2025,Open,,Water leaking from air handler,"$1,085.00",$243.00,$0.00,$842.00,$842.00,,DEMO-IL-000680,1,HVAC-DIAG,Service,HVAC diagnostic / service call,1,$95.00,$95.00,$0.00,No,$0.00,$0.00
DEMO-J-000329,No Cooling,Water leaking from air handler,Completed,Scheduled,phone,DEMO-E-00003,12/19/2025 1:39 PM,12/23/2025 5:48 PM,,,,,,DEMO-C-00011,Cole Flatley,DEMO-L-00013,HVAC Service,,DEMO-I-000310,12/23/2025,12/23/2025,Open,,Water leaking from air handler,"$1,085.00",$243.00,$0.00,$842.00,$842.00,,DEMO-IL-000681,2,HVAC-LEAK,Service,Refrigerant leak search,1,$395.00,$59.00,$336.00,No,$0.00,$10.00
DEMO-J-000329,No Cooling,Water leaking from air handler,Completed,Scheduled,phone,DEMO-E-00003,12/19/2025 1:39 PM,12/23/2025 5:48 PM,,,,,,DEMO-C-00011,Cole Flatley,DEMO-L-00013,HVAC Service,,DEMO-I-000310,12/23/2025,12/23/2025,Open,,Water leaking from air handler,"$1,085.00",$243.00,$0.00,$842.00,$842.00,,DEMO-IL-000682,3,HVAC-SMART,Service,Install smart thermostat,1,$595.00,$89.00,$506.00,No,$0.00,$165.00
DEMO-J-000330,Other,Indoor air quality consultation,Completed,Scheduled,phone,DEMO-E-00003,12/20/2025 8:49 AM,12/23/2025 12:22 PM,,,,,,DEMO-C-00010,Alize Cassin,DEMO-L-00011,HVAC Service,,DEMO-I-000311,12/23/2025,12/23/2025,Paid,,Indoor air quality consultation,"$2,990.00",$0.00,$202.65,"$3,192.65",$0.00,12/30/2025 9:45 AM,DEMO-IL-000683,1,HVAC-DIAG,Service,HVAC diagnostic / service call,1,$95.00,$0.00,$95.00,No,$0.00,$0.00
DEMO-J-000330,Other,Indoor air quality consultation,Completed,Scheduled,phone,DEMO-E-00003,12/20/2025 8:49 AM,12/23/2025 12:22 PM,,,,,,DEMO-C-00010,Alize Cassin,DEMO-L-00011,HVAC Service,,DEMO-I-000311,12/23/2025,12/23/2025,Paid,,Indoor air quality consultation,"$2,990.00",$0.00,$202.65,"$3,192.65",$0.00,12/30/2025 9:45 AM,DEMO-IL-000684,2,IAQ-DEHUM,Equipment,Whole-home dehumidifier,1,"$2,895.00",$0.00,"$2,895.00",Yes,$202.65,"$1,050.00"
DEMO-J-000331,No Heat,No heat,Completed,Scheduled,referral,DEMO-E-00003,12/17/2025 10:54 AM,12/23/2025 3:13 PM,,,,,,DEMO-C-00012,Kasey McClure,DEMO-L-00014,HVAC Service,,DEMO-I-000312,12/23/2025,12/23/2025,Paid,,No heat,$579.00,$0.00,$20.65,$599.65,$0.00,12/23/2025 3:22 PM,DEMO-IL-000685,1,HVAC-DIAG,Service,HVAC diagnostic / service call,1,$95.00,$0.00,$95.00,No,$0.00,$0.00
DEMO-J-000331,No Heat,No heat,Completed,Scheduled,referral,DEMO-E-00003,12/17/2025 10:54 AM,12/23/2025 3:13 PM,,,,,,DEMO-C-00012,Kasey McClure,DEMO-L-00014,HVAC Service,,DEMO-I-000312,12/23/2025,12/23/2025,Paid,,No heat,$579.00,$0.00,$20.65,$599.65,$0.00,12/23/2025 3:22 PM,DEMO-IL-000686,2,HVAC-FLAME,Service,Clean or replace flame sensor,1,$189.00,$0.00,$189.00,No,$0.00,$15.00
DEMO-J-000331,No Heat,No heat,Completed,Scheduled,referral,DEMO-E-00003,12/17/2025 10:54 AM,12/23/2025 3:13 PM,,,,,,DEMO-C-00012,Kasey McClure,DEMO-L-00014,HVAC Service,,DEMO-I-000312,12/23/2025,12/23/2025,Paid,,No heat,$579.00,$0.00,$20.65,$599.65,$0.00,12/23/2025 3:22 PM,DEMO-IL-000687,3,ELEC-SURGE,Equipment,HVAC surge protector,1,$295.00,$0.00,$295.00,Yes,$20.65,$45.00
DEMO-J-000332,Drain,Kitchen sink clogged,Completed,Today,phone,DEMO-E-00003,12/23/2025 7:00 AM,12/23/2025 9:31 AM,,,,,,DEMO-C-00025,Micah Larkin,DEMO-L-00027,Plumbing,,DEMO-I-000313,12/23/2025,12/23/2025,Open,,Kitchen sink clogged,$225.00,$34.00,$0.00,$191.00,$191.00,,DEMO-IL-000688,1,PL-DRAIN-SM,Service,Clear sink or tub drain,1,$225.00,$34.00,$191.00,No,$0.00,$5.00
DEMO-J-000333,Water Heater,No hot water,Completed,Scheduled,phone,DEMO-E-00003,12/18/2025 11:06 AM,12/23/2025 12:19 PM,,,,,,DEMO-C-00003,Madalyn Toy,DEMO-L-00003,Plumbing,,DEMO-I-000314,12/23/2025,12/23/2025,Paid,,No hot water,$520.00,$0.00,$0.00,$520.00,$0.00,12/23/2025 12:36 PM,DEMO-IL-000689,1,PL-DIAG,Service,Plumbing diagnostic / service call,1,$95.00,$0.00,$95.00,No,$0.00,$0.00
DEMO-J-000333,Water Heater,No hot water,Completed,Scheduled,phone,DEMO-E-00003,12/18/2025 11:06 AM,12/23/2025 12:19 PM,,,,,,DEMO-C-00003,Madalyn Toy,DEMO-L-00003,Plumbing,,DEMO-I-000314,12/23/2025,12/23/2025,Paid,,No hot water,$520.00,$0.00,$0.00,$520.00,$0.00,12/23/2025 12:36 PM,DEMO-IL-000690,2,PL-LEAK,Service,Repair pipe leak,1,$425.00,$0.00,$425.00,No,$0.00,$35.00
DEMO-J-000334,Leak,Water spot on ceiling,Completed,Today,phone,DEMO-E-00002,12/23/2025 7:00 AM,12/23/2025 10:02 AM,,,,,,DEMO-C-00028,Freida Kohler,DEMO-L-00030,Plumbing,,DEMO-I-000315,12/23/2025,12/23/2025,Paid,,Water spot on ceiling,$520.00,$159.00,$0.00,$361.00,$0.00,12/23/2025 10:11 AM,DEMO-IL-000691,1,PL-DIAG,Service,Plumbing diagnostic / service call,1,$95.00,$95.00,$0.00,No,$0.00,$0.00
DEMO-J-000334,Leak,Water spot on ceiling,Completed,Today,phone,DEMO-E-00002,12/23/2025 7:00 AM,12/23/2025 10:02 AM,,,,,,DEMO-C-00028,Freida Kohler,DEMO-L-00030,Plumbing,,DEMO-I-000315,12/23/2025,12/23/2025,Paid,,Water spot on ceiling,$520.00,$159.00,$0.00,$361.00,$0.00,12/23/2025 10:11 AM,DEMO-IL-000692,2,PL-LEAK,Service,Repair pipe leak,1,$425.00,$64.00,$361.00,No,$0.00,$35.00
DEMO-J-000335,Other,Water quality consultation,Completed,Scheduled,phone,DEMO-E-00001,12/22/2025 10:04 AM,12/23/2025 1:10 PM,,,,,,DEMO-C-00003,Madalyn Toy,DEMO-L-00003,Plumbing,,DEMO-I-000316,12/23/2025,12/23/2025,Paid,,Water quality consultation,$990.00,$0.00,$62.65,"$1,052.65",$0.00,12/23/2025 1:29 PM,DEMO-IL-000693,1,PL-DIAG,Service,Plumbing diagnostic / service call,1,$95.00,$0.00,$95.00,No,$0.00,$0.00
DEMO-J-000335,Other,Water quality consultation,Completed,Scheduled,phone,DEMO-E-00001,12/22/2025 10:04 AM,12/23/2025 1:10 PM,,,,,,DEMO-C-00003,Madalyn Toy,DEMO-L-00003,Plumbing,,DEMO-I-000316,12/23/2025,12/23/2025,Paid,,Water quality consultation,$990.00,$0.00,$62.65,"$1,052.65",$0.00,12/23/2025 1:29 PM,DEMO-IL-000694,2,WTR-LEAKVALVE,Equipment,Leak-detection shut-off valve,1,$895.00,$0.00,$895.00,Yes,$62.65,$290.00
DEMO-J-000336,Leak,Pipe leak in crawlspace,Completed,Scheduled,phone,DEMO-E-00003,12/18/2025 12:53 PM,12/23/2025 4:13 PM,,,,,,DEMO-C-00018,Thad Hilll,DEMO-L-00020,Plumbing,,DEMO-I-000317,12/23/2025,12/23/2025,Paid,,Pipe leak in crawlspace,$520.00,$159.00,$0.00,$361.00,$0.00,12/23/2025 4:19 PM,DEMO-IL-000695,1,PL-DIAG,Service,Plumbing diagnostic / service call,1,$95.00,$95.00,$0.00,No,$0.00,$0.00
DEMO-J-000336,Leak,Pipe leak in crawlspace,Completed,Scheduled,phone,DEMO-E-00003,12/18/2025 12:53 PM,12/23/2025 4:13 PM,,,,,,DEMO-C-00018,Thad Hilll,DEMO-L-00020,Plumbing,,DEMO-I-000317,12/23/2025,12/23/2025,Paid,,Pipe leak in crawlspace,$520.00,$159.00,$0.00,$361.00,$0.00,12/23/2025 4:19 PM,DEMO-IL-000696,2,PL-LEAK,Service,Repair pipe leak,1,$425.00,$64.00,$361.00,No,$0.00,$35.00
DEMO-J-000337,Other,Disposal not working,Completed,Scheduled,phone,DEMO-E-00003,12/22/2025 4:37 PM,12/23/2025 10:29 AM,,,,,,DEMO-C-00010,Alize Cassin,DEMO-L-00011,Plumbing,,DEMO-I-000318,12/23/2025,12/23/2025,Paid,,Disposal not working,$590.00,$0.00,$0.00,$590.00,$0.00,12/23/2025 10:32 AM,DEMO-IL-000697,1,PL-DIAG,Service,Plumbing diagnostic / service call,1,$95.00,$0.00,$95.00,No,$0.00,$0.00
DEMO-J-000337,Other,Disposal not working,Completed,Scheduled,phone,DEMO-E-00003,12/22/2025 4:37 PM,12/23/2025 10:29 AM,,,,,,DEMO-C-00010,Alize Cassin,DEMO-L-00011,Plumbing,,DEMO-I-000318,12/23/2025,12/23/2025,Paid,,Disposal not working,$590.00,$0.00,$0.00,$590.00,$0.00,12/23/2025 10:32 AM,DEMO-IL-000698,2,PL-DISPOSAL,Service,Replace garbage disposal,1,$495.00,$0.00,$495.00,No,$0.00,$140.00
DEMO-J-000338,Drain,Kitchen sink clogged,Completed,Today,phone,DEMO-E-00003,12/23/2025 7:33 AM,12/23/2025 12:32 PM,,,,,,DEMO-C-00021,Silas Bauch,DEMO-L-00023,Plumbing,,DEMO-I-000319,12/23/2025,12/23/2025,Paid,,Kitchen sink clogged,$395.00,$0.00,$0.00,$395.00,$0.00,12/23/2025 12:39 PM,DEMO-IL-000699,1,PL-DRAIN-MAIN,Service,Clear main drain line,1,$395.00,$0.00,$395.00,No,$0.00,$10.00
DEMO-J-000339,Leak,Leak under the sink,Completed,Today,phone,DEMO-E-00003,12/23/2025 10:34 AM,12/23/2025 2:58 PM,,,,,,DEMO-C-00028,Freida Kohler,DEMO-L-00030,Plumbing,,DEMO-I-000320,12/23/2025,12/23/2025,Paid,,Leak under the sink,$520.00,$159.00,$0.00,$361.00,$0.00,12/23/2025 3:13 PM,DEMO-IL-000700,1,PL-DIAG,Service,Plumbing diagnostic / service call,1,$95.00,$95.00,$0.00,No,$0.00,$0.00
DEMO-J-000339,Leak,Leak under the sink,Completed,Today,phone,DEMO-E-00003,12/23/2025 10:34 AM,12/23/2025 2:58 PM,,,,,,DEMO-C-00028,Freida Kohler,DEMO-L-00030,Plumbing,,DEMO-I-000320,12/23/2025,12/23/2025,Paid,,Leak under the sink,$520.00,$159.00,$0.00,$361.00,$0.00,12/23/2025 3:13 PM,DEMO-IL-000701,2,PL-LEAK,Service,Repair pipe leak,1,$425.00,$64.00,$361.00,No,$0.00,$35.00
DEMO-J-000340,Water Heater,Water heater leaking,Completed,Emergency,phone,DEMO-E-00003,12/27/2025 7:29 AM,12/27/2025 2:10 PM,,,,,,DEMO-C-00005,Gardner Keebler,DEMO-L-00005,Plumbing,,DEMO-I-000321,12/27/2025,12/27/2025,Paid,,Water heater leaking,"$1,415.00",$0.00,$62.65,"$1,477.65",$0.00,12/27/2025 2:27 PM,DEMO-IL-000702,1,PL-DIAG,Service,Plumbing diagnostic / service call,1,$95.00,$0.00,$95.00,No,$0.00,$0.00
DEMO-J-000340,Water Heater,Water heater leaking,Completed,Emergency,phone,DEMO-E-00003,12/27/2025 7:29 AM,12/27/2025 2:10 PM,,,,,,DEMO-C-00005,Gardner Keebler,DEMO-L-00005,Plumbing,,DEMO-I-000321,12/27/2025,12/27/2025,Paid,,Water heater leaking,"$1,415.00",$0.00,$62.65,"$1,477.65",$0.00,12/27/2025 2:27 PM,DEMO-IL-000703,2,PL-LEAK,Service,Repair pipe leak,1,$425.00,$0.00,$425.00,No,$0.00,$35.00
DEMO-J-000340,Water Heater,Water heater leaking,Completed,Emergency,phone,DEMO-E-00003,12/27/2025 7:29 AM,12/27/2025 2:10 PM,,,,,,DEMO-C-00005,Gardner Keebler,DEMO-L-00005,Plumbing,,DEMO-I-000321,12/27/2025,12/27/2025,Paid,,Water heater leaking,"$1,415.00",$0.00,$62.65,"$1,477.65",$0.00,12/27/2025 2:27 PM,DEMO-IL-000704,3,WTR-LEAKVALVE,Equipment,Leak-detection shut-off valve,1,$895.00,$0.00,$895.00,Yes,$62.65,$290.00
DEMO-J-000341,No Cooling,AC not keeping up,Completed,Today,phone,DEMO-E-00003,12/29/2025 7:00 AM,12/29/2025 12:53 PM,,,,,,DEMO-C-00025,Micah Larkin,DEMO-L-00027,HVAC Service,,DEMO-I-000322,12/29/2025,12/29/2025,Paid,,AC not keeping up,"$2,270.00",$421.00,$0.00,"$1,849.00",$0.00,12/29/2025 1:02 PM,DEMO-IL-000705,1,HVAC-DIAG,Service,HVAC diagnostic / service call,1,$95.00,$95.00,$0.00,No,$0.00,$0.00
DEMO-J-000341,No Cooling,AC not keeping up,Completed,Today,phone,DEMO-E-00003,12/29/2025 7:00 AM,12/29/2025 12:53 PM,,,,,,DEMO-C-00025,Micah Larkin,DEMO-L-00027,HVAC Service,,DEMO-I-000322,12/29/2025,12/29/2025,Paid,,AC not keeping up,"$2,270.00",$421.00,$0.00,"$1,849.00",$0.00,12/29/2025 1:02 PM,DEMO-IL-000706,2,HVAC-CONT,Service,Replace contactor,1,$325.00,$49.00,$276.00,No,$0.00,$32.00
DEMO-J-000341,No Cooling,AC not keeping up,Completed,Today,phone,DEMO-E-00003,12/29/2025 7:00 AM,12/29/2025 12:53 PM,,,,,,DEMO-C-00025,Micah Larkin,DEMO-L-00027,HVAC Service,,DEMO-I-000322,12/29/2025,12/29/2025,Paid,,AC not keeping up,"$2,270.00",$421.00,$0.00,"$1,849.00",$0.00,12/29/2025 1:02 PM,DEMO-IL-000707,3,HVAC-TXV,Service,Replace TXV,1,"$1,850.00",$277.00,"$1,573.00",No,$0.00,$210.00
DEMO-J-000342,No Heat,Heat pump blowing cold air,Completed,Today,referral,DEMO-E-00003,12/29/2025 8:54 AM,12/29/2025 3:49 PM,,,,,,DEMO-C-00024,Jared Thiel,DEMO-L-00026,HVAC Service,,DEMO-I-000323,12/29/2025,12/29/2025,Paid,,Heat pump blowing cold air,"$1,035.00",$236.00,$0.00,$799.00,$0.00,12/29/2025 4:03 PM,DEMO-IL-000708,1,HVAC-DIAG,Service,HVAC diagnostic / service call,1,$95.00,$95.00,$0.00,No,$0.00,$0.00
DEMO-J-000342,No Heat,Heat pump blowing cold air,Completed,Today,referral,DEMO-E-00003,12/29/2025 8:54 AM,12/29/2025 3:49 PM,,,,,,DEMO-C-00024,Jared Thiel,DEMO-L-00026,HVAC Service,,DEMO-I-000323,12/29/2025,12/29/2025,Paid,,Heat pump blowing cold air,"$1,035.00",$236.00,$0.00,$799.00,$0.00,12/29/2025 4:03 PM,DEMO-IL-000709,2,HVAC-IGN,Service,Replace hot surface ignitor,1,$345.00,$52.00,$293.00,No,$0.00,$38.00
DEMO-J-000342,No Heat,Heat pump blowing cold air,Completed,Today,referral,DEMO-E-00003,12/29/2025 8:54 AM,12/29/2025 3:49 PM,,,,,,DEMO-C-00024,Jared Thiel,DEMO-L-00026,HVAC Service,,DEMO-I-000323,12/29/2025,12/29/2025,Paid,,Heat pump blowing cold air,"$1,035.00",$236.00,$0.00,$799.00,$0.00,12/29/2025 4:03 PM,DEMO-IL-000710,3,HVAC-SMART,Service,Install smart thermostat,1,$595.00,$89.00,$506.00,No,$0.00,$165.00
DEMO-J-000343,No Cooling,RTU not cooling,Completed,Today,phone,DEMO-E-00003,12/29/2025 7:00 AM,12/29/2025 11:37 AM,,,,,,DEMO-C-00034,Marsh Point Outfitters Group,DEMO-L-00048,Commercial & Refrigeration,PO-96521,DEMO-I-000324,12/29/2025,1/13/2026,Paid,,RTU not cooling,"$1,260.00",$0.00,$0.00,"$1,260.00",$0.00,1/6/2026 11:00 AM,DEMO-IL-000711,1,COM-DIAG,Service,Commercial service call,1,$165.00,$0.00,$165.00,No,$0.00,$0.00
DEMO-J-000343,No Cooling,RTU not cooling,Completed,Today,phone,DEMO-E-00003,12/29/2025 7:00 AM,12/29/2025 11:37 AM,,,,,,DEMO-C-00034,Marsh Point Outfitters Group,DEMO-L-00048,Commercial & Refrigeration,PO-96521,DEMO-I-000324,12/29/2025,1/13/2026,Paid,,RTU not cooling,"$1,260.00",$0.00,$0.00,"$1,260.00",$0.00,1/6/2026 11:00 AM,DEMO-IL-000712,2,COM-RTU-MTR,Service,Replace RTU condenser fan motor,1,"$1,095.00",$0.00,"$1,095.00",No,$0.00,$290.00
DEMO-J-000344,No Cooling,Outdoor unit not running,Completed,Scheduled,referral,DEMO-E-00003,12/23/2025 1:39 PM,12/29/2025 2:31 PM,,,,,,DEMO-C-00021,Silas Bauch,DEMO-L-00023,HVAC Service,,DEMO-I-000325,12/29/2025,12/29/2025,Paid,,Outdoor unit not running,$985.00,$0.00,$0.00,$985.00,$0.00,12/31/2025 1:10 PM,DEMO-IL-000713,1,HVAC-DIAG,Service,HVAC diagnostic / service call,1,$95.00,$0.00,$95.00,No,$0.00,$0.00
DEMO-J-000344,No Cooling,Outdoor unit not running,Completed,Scheduled,referral,DEMO-E-00003,12/23/2025 1:39 PM,12/29/2025 2:31 PM,,,,,,DEMO-C-00021,Silas Bauch,DEMO-L-00023,HVAC Service,,DEMO-I-000325,12/29/2025,12/29/2025,Paid,,Outdoor unit not running,$985.00,$0.00,$0.00,$985.00,$0.00,12/31/2025 1:10 PM,DEMO-IL-000714,2,HVAC-HARDSTART,Service,Install hard start kit,1,$295.00,$0.00,$295.00,No,$0.00,$35.00
DEMO-J-000344,No Cooling,Outdoor unit not running,Completed,Scheduled,referral,DEMO-E-00003,12/23/2025 1:39 PM,12/29/2025 2:31 PM,,,,,,DEMO-C-00021,Silas Bauch,DEMO-L-00023,HVAC Service,,DEMO-I-000325,12/29/2025,12/29/2025,Paid,,Outdoor unit not running,$985.00,$0.00,$0.00,$985.00,$0.00,12/31/2025 1:10 PM,DEMO-IL-000715,3,HVAC-SMART,Service,Install smart thermostat,1,$595.00,$0.00,$595.00,No,$0.00,$165.00
DEMO-J-000345,No Heat,Strange smell from furnace,Completed,Today,phone,DEMO-E-00003,12/29/2025 7:00 AM,12/29/2025 9:35 AM,,,,,,DEMO-C-00003,Madalyn Toy,DEMO-L-00003,HVAC Service,,DEMO-I-000326,12/29/2025,12/29/2025,Paid,,Strange smell from furnace,$284.00,$0.00,$0.00,$284.00,$0.00,12/29/2025 9:54 AM,DEMO-IL-000716,1,HVAC-DIAG,Service,HVAC diagnostic / service call,1,$95.00,$0.00,$95.00,No,$0.00,$0.00
DEMO-J-000345,No Heat,Strange smell from furnace,Completed,Today,phone,DEMO-E-00003,12/29/2025 7:00 AM,12/29/2025 9:35 AM,,,,,,DEMO-C-00003,Madalyn Toy,DEMO-L-00003,HVAC Service,,DEMO-I-000326,12/29/2025,12/29/2025,Paid,,Strange smell from furnace,$284.00,$0.00,$0.00,$284.00,$0.00,12/29/2025 9:54 AM,DEMO-IL-000717,2,HVAC-FLAME,Service,Clean or replace flame sensor,1,$189.00,$0.00,$189.00,No,$0.00,$15.00
DEMO-J-000346,No Heat,No heat,Completed,Scheduled,phone,DEMO-E-00003,12/25/2025 8:06 AM,12/29/2025 11:33 AM,,,,,,DEMO-C-00019,Phil Runte,DEMO-L-00021,HVAC Service,,DEMO-I-000327,12/29/2025,12/29/2025,Paid,,No heat,$490.00,$0.00,$0.00,$490.00,$0.00,12/29/2025 11:51 AM,DEMO-IL-000718,1,HVAC-DIAG,Service,HVAC diagnostic / service call,1,$95.00,$0.00,$95.00,No,$0.00,$0.00
DEMO-J-000346,No Heat,No heat,Completed,Scheduled,phone,DEMO-E-00003,12/25/2025 8:06 AM,12/29/2025 11:33 AM,,,,,,DEMO-C-00019,Phil Runte,DEMO-L-00021,HVAC Service,,DEMO-I-000327,12/29/2025,12/29/2025,Paid,,No heat,$490.00,$0.00,$0.00,$490.00,$0.00,12/29/2025 11:51 AM,DEMO-IL-000719,2,HVAC-THERM,Service,Install programmable thermostat,1,$395.00,$0.00,$395.00,No,$0.00,$85.00
DEMO-J-000347,Tune Up,Fall heating tune-up,Completed,Scheduled,membership,DEMO-E-00003,12/25/2025 1:09 PM,12/29/2025 1:20 PM,,,,,,DEMO-C-00006,Inez McLaughlin,DEMO-L-00006,HVAC Service,,DEMO-I-000328,12/29/2025,12/29/2025,Paid,,Fall heating tune-up,$129.00,$129.00,$0.00,$0.00,$0.00,12/29/2025 1:20 PM,DEMO-IL-000720,1,HVAC-TUNE-HT,Service,Heating tune-up (fall heating),1,$129.00,$129.00,$0.00,No,$0.00,$8.00
DEMO-J-000348,Install,System replacement install,Completed,Scheduled,replacement_sale,DEMO-E-00003,12/29/2025 4:51 PM,1/8/2026 3:47 PM,DEMO-E-00008,,,,,DEMO-C-00006,Inez McLaughlin,DEMO-L-00006,HVAC Replacement,,DEMO-I-000400,1/8/2026,1/8/2026,Open,,System replacement,"$8,645.00",$501.00,$41.37,"$8,185.37","$5,729.76",,DEMO-IL-000880,1,EQ-AC-3T,Equipment,"14.3 SEER2 AC and coil, 3 ton (installed)",1,"$7,950.00",$397.00,"$7,553.00",No,$0.00,"$3,300.00"
DEMO-J-000348,Install,System replacement install,Completed,Scheduled,replacement_sale,DEMO-E-00003,12/29/2025 4:51 PM,1/8/2026 3:47 PM,DEMO-E-00008,,,,,DEMO-C-00006,Inez McLaughlin,DEMO-L-00006,HVAC Replacement,,DEMO-I-000400,1/8/2026,1/8/2026,Open,,System replacement,"$8,645.00",$501.00,$41.37,"$8,185.37","$5,729.76",,DEMO-IL-000881,2,IAQ-UV,Equipment,UV light (coil and air),1,$695.00,$104.00,$591.00,Yes,$41.37,$165.00
DEMO-J-000349,Other,Sump pump not running,Completed,Scheduled,phone,DEMO-E-00001,12/24/2025 3:27 PM,12/29/2025 11:22 AM,,,,,,DEMO-C-00010,Alize Cassin,DEMO-L-00012,Plumbing,,DEMO-I-000329,12/29/2025,12/29/2025,Paid,,Sump pump not running,$990.00,$0.00,$0.00,$990.00,$0.00,12/29/2025 11:36 AM,DEMO-IL-000721,1,PL-DIAG,Service,Plumbing diagnostic / service call,1,$95.00,$0.00,$95.00,No,$0.00,$0.00
DEMO-J-000349,Other,Sump pump not running,Completed,Scheduled,phone,DEMO-E-00001,12/24/2025 3:27 PM,12/29/2025 11:22 AM,,,,,,DEMO-C-00010,Alize Cassin,DEMO-L-00012,Plumbing,,DEMO-I-000329,12/29/2025,12/29/2025,Paid,,Sump pump not running,$990.00,$0.00,$0.00,$990.00,$0.00,12/29/2025 11:36 AM,DEMO-IL-000722,2,PL-SUMP,Service,Replace sump pump,1,$895.00,$0.00,$895.00,No,$0.00,$240.00
DEMO-J-000350,Other,Faucet dripping,Completed,Today,phone,DEMO-E-00003,12/29/2025 8:39 AM,12/29/2025 2:05 PM,,,,,,DEMO-C-00004,Brennon Homenick,DEMO-L-00004,Plumbing,,DEMO-I-000330,12/29/2025,12/29/2025,Paid,,Faucet dripping,$440.00,$147.00,$0.00,$293.00,$0.00,12/29/2025 2:19 PM,DEMO-IL-000723,1,PL-DIAG,Service,Plumbing diagnostic / service call,1,$95.00,$95.00,$0.00,No,$0.00,$0.00
DEMO-J-000350,Other,Faucet dripping,Completed,Today,phone,DEMO-E-00003,12/29/2025 8:39 AM,12/29/2025 2:05 PM,,,,,,DEMO-C-00004,Brennon Homenick,DEMO-L-00004,Plumbing,,DEMO-I-000330,12/29/2025,12/29/2025,Paid,,Faucet dripping,$440.00,$147.00,$0.00,$293.00,$0.00,12/29/2025 2:19 PM,DEMO-IL-000724,2,PL-FAUCET,Service,Replace faucet,1,$345.00,$52.00,$293.00,No,$0.00,$95.00
DEMO-J-000351,Drain,Callback: Tub draining slowly,Completed,Today,callback,DEMO-E-00003,12/29/2025 7:00 AM,12/29/2025 9:08 AM,,,DEMO-J-000289,No,New part failed from the factory,DEMO-C-00025,Micah Larkin,DEMO-L-00027,Plumbing,,,,,,,,,,,,,,,,,,,,,,,,,
DEMO-J-000352,Other,Indoor air quality consultation,Completed,Scheduled,phone,DEMO-E-00003,12/27/2025 10:41 AM,12/30/2025 11:18 AM,,,,,,DEMO-C-00029,Kallie Durgan,DEMO-L-00031,HVAC Service,,DEMO-I-000332,12/30/2025,12/30/2025,Paid,,Indoor air quality consultation,"$1,385.00",$288.00,$41.37,"$1,138.37",$0.00,12/30/2025 11:37 AM,DEMO-IL-000726,1,HVAC-DIAG,Service,HVAC diagnostic / service call,1,$95.00,$95.00,$0.00,No,$0.00,$0.00
DEMO-J-000352,Other,Indoor air quality consultation,Completed,Scheduled,phone,DEMO-E-00003,12/27/2025 10:41 AM,12/30/2025 11:18 AM,,,,,,DEMO-C-00029,Kallie Durgan,DEMO-L-00031,HVAC Service,,DEMO-I-000332,12/30/2025,12/30/2025,Paid,,Indoor air quality consultation,"$1,385.00",$288.00,$41.37,"$1,138.37",$0.00,12/30/2025 11:37 AM,DEMO-IL-000727,2,HVAC-SMART,Service,Install smart thermostat,1,$595.00,$89.00,$506.00,No,$0.00,$165.00
DEMO-J-000352,Other,Indoor air quality consultation,Completed,Scheduled,phone,DEMO-E-00003,12/27/2025 10:41 AM,12/30/2025 11:18 AM,,,,,,DEMO-C-00029,Kallie Durgan,DEMO-L-00031,HVAC Service,,DEMO-I-000332,12/30/2025,12/30/2025,Paid,,Indoor air quality consultation,"$1,385.00",$288.00,$41.37,"$1,138.37",$0.00,12/30/2025 11:37 AM,DEMO-IL-000728,3,IAQ-UV,Equipment,UV light (coil and air),1,$695.00,$104.00,$591.00,Yes,$41.37,$165.00
DEMO-J-000353,Tune Up,Fall heating tune-up,Completed,Scheduled,phone,DEMO-E-00003,12/29/2025 9:44 AM,12/30/2025 3:55 PM,,,,,,DEMO-C-00023,Declan Jaskolski,DEMO-L-00025,HVAC Service,,DEMO-I-000333,12/30/2025,12/30/2025,Paid,,Fall heating tune-up,"$3,091.00",$542.00,$136.01,"$2,685.01",$0.00,12/30/2025 3:59 PM,DEMO-IL-000729,1,HVAC-TUNE-HT,Service,Heating tune-up (fall heating),1,$129.00,$129.00,$0.00,No,$0.00,$8.00
DEMO-J-000353,Tune Up,Fall heating tune-up,Completed,Scheduled,phone,DEMO-E-00003,12/29/2025 9:44 AM,12/30/2025 3:55 PM,,,,,,DEMO-C-00023,Declan Jaskolski,DEMO-L-00025,HVAC Service,,DEMO-I-000333,12/30/2025,12/30/2025,Paid,,Fall heating tune-up,"$3,091.00",$542.00,$136.01,"$2,685.01",$0.00,12/30/2025 3:59 PM,DEMO-IL-000730,2,HVAC-DRAIN,Service,Clear condensate drain line,1,$189.00,$28.00,$161.00,No,$0.00,$6.00
DEMO-J-000353,Tune Up,Fall heating tune-up,Completed,Scheduled,phone,DEMO-E-00003,12/29/2025 9:44 AM,12/30/2025 3:55 PM,,,,,,DEMO-C-00023,Declan Jaskolski,DEMO-L-00025,HVAC Service,,DEMO-I-000333,12/30/2025,12/30/2025,Paid,,Fall heating tune-up,"$3,091.00",$542.00,$136.01,"$2,685.01",$0.00,12/30/2025 3:59 PM,DEMO-IL-000731,3,HVAC-CAP,Service,Replace run capacitor,1,$289.00,$43.00,$246.00,No,$0.00,$28.00
DEMO-J-000353,Tune Up,Fall heating tune-up,Completed,Scheduled,phone,DEMO-E-00003,12/29/2025 9:44 AM,12/30/2025 3:55 PM,,,,,,DEMO-C-00023,Declan Jaskolski,DEMO-L-00025,HVAC Service,,DEMO-I-000333,12/30/2025,12/30/2025,Paid,,Fall heating tune-up,"$3,091.00",$542.00,$136.01,"$2,685.01",$0.00,12/30/2025 3:59 PM,DEMO-IL-000732,4,IAQ-UV,Equipment,UV light (coil and air),1,$695.00,$104.00,$591.00,Yes,$41.37,$165.00
DEMO-J-000353,Tune Up,Fall heating tune-up,Completed,Scheduled,phone,DEMO-E-00003,12/29/2025 9:44 AM,12/30/2025 3:55 PM,,,,,,DEMO-C-00023,Declan Jaskolski,DEMO-L-00025,HVAC Service,,DEMO-I-000333,12/30/2025,12/30/2025,Paid,,Fall heating tune-up,"$3,091.00",$542.00,$136.01,"$2,685.01",$0.00,12/30/2025 3:59 PM,DEMO-IL-000733,5,ELEC-SURGE,Equipment,HVAC surge protector,1,$295.00,$44.00,$251.00,Yes,$17.57,$45.00
DEMO-J-000353,Tune Up,Fall heating tune-up,Completed,Scheduled,phone,DEMO-E-00003,12/29/2025 9:44 AM,12/30/2025 3:55 PM,,,,,,DEMO-C-00023,Declan Jaskolski,DEMO-L-00025,HVAC Service,,DEMO-I-000333,12/30/2025,12/30/2025,Paid,,Fall heating tune-up,"$3,091.00",$542.00,$136.01,"$2,685.01",$0.00,12/30/2025 3:59 PM,DEMO-IL-000734,6,IAQ-SCRUB,Equipment,Air scrubber,1,"$1,295.00",$194.00,"$1,101.00",Yes,$77.07,$420.00
DEMO-J-000353,Tune Up,Fall heating tune-up,Completed,Scheduled,phone,DEMO-E-00003,12/29/2025 9:44 AM,12/30/2025 3:55 PM,,,,,,DEMO-C-00023,Declan Jaskolski,DEMO-L-00025,HVAC Service,,DEMO-I-000333,12/30/2025,12/30/2025,Paid,,Fall heating tune-up,"$3,091.00",$542.00,$136.01,"$2,685.01",$0.00,12/30/2025 3:59 PM,DEMO-IL-000735,7,MEMB-YR,Service,Comfort Club yearly membership,1,$199.00,$0.00,$199.00,No,$0.00,$0.00
DEMO-J-000354,No Cooling,RTU not cooling,Completed,Scheduled,phone,DEMO-E-00003,12/28/2025 8:30 AM,12/30/2025 11:36 AM,,,,,,DEMO-C-00051,Sound Side Family Medicine,DEMO-L-00072,Commercial & Refrigeration,,DEMO-I-000334,12/30/2025,1/29/2026,Open,,RTU not cooling,"$2,300.00",$0.00,$0.00,"$2,300.00","$2,300.00",,DEMO-IL-000736,1,COM-DIAG,Service,Commercial service call,1,$165.00,$0.00,$165.00,No,$0.00,$0.00
DEMO-J-000354,No Cooling,RTU not cooling,Completed,Scheduled,phone,DEMO-E-00003,12/28/2025 8:30 AM,12/30/2025 11:36 AM,,,,,,DEMO-C-00051,Sound Side Family Medicine,DEMO-L-00072,Commercial & Refrigeration,,DEMO-I-000334,12/30/2025,1/29/2026,Open,,RTU not cooling,"$2,300.00",$0.00,$0.00,"$2,300.00","$2,300.00",,DEMO-IL-000737,2,REF-EVAPFAN,Service,Replace walk-in evaporator fan motor,1,$685.00,$0.00,$685.00,No,$0.00,$140.00
DEMO-J-000354,No Cooling,RTU not cooling,Completed,Scheduled,phone,DEMO-E-00003,12/28/2025 8:30 AM,12/30/2025 11:36 AM,,,,,,DEMO-C-00051,Sound Side Family Medicine,DEMO-L-00072,Commercial & Refrigeration,,DEMO-I-000334,12/30/2025,1/29/2026,Open,,RTU not cooling,"$2,300.00",$0.00,$0.00,"$2,300.00","$2,300.00",,DEMO-IL-000738,3,HVAC-BOARD,Service,Replace control board,1,"$1,450.00",$0.00,"$1,450.00",No,$0.00,$310.00
DEMO-J-000355,No Heat,Strange smell from furnace,Completed,Scheduled,phone,DEMO-E-00003,12/27/2025 9:28 AM,12/30/2025 3:58 PM,,,,,,DEMO-C-00029,Kallie Durgan,DEMO-L-00031,HVAC Service,,DEMO-I-000335,12/30/2025,12/30/2025,Paid,,Strange smell from furnace,"$1,590.00",$319.00,$0.00,"$1,271.00",$0.00,12/30/2025 4:17 PM,DEMO-IL-000739,1,HVAC-DIAG,Service,HVAC diagnostic / service call,1,$95.00,$95.00,$0.00,No,$0.00,$0.00
DEMO-J-000355,No Heat,Strange smell from furnace,Completed,Scheduled,phone,DEMO-E-00003,12/27/2025 9:28 AM,12/30/2025 3:58 PM,,,,,,DEMO-C-00029,Kallie Durgan,DEMO-L-00031,HVAC Service,,DEMO-I-000335,12/30/2025,12/30/2025,Paid,,Strange smell from furnace,"$1,590.00",$319.00,$0.00,"$1,271.00",$0.00,12/30/2025 4:17 PM,DEMO-IL-000740,2,HVAC-BLWMTR,Service,Replace blower motor (PSC),1,"$1,150.00",$172.00,$978.00,No,$0.00,$260.00
DEMO-J-000355,No Heat,Strange smell from furnace,Completed,Scheduled,phone,DEMO-E-00003,12/27/2025 9:28 AM,12/30/2025 3:58 PM,,,,,,DEMO-C-00029,Kallie Durgan,DEMO-L-00031,HVAC Service,,DEMO-I-000335,12/30/2025,12/30/2025,Paid,,Strange smell from furnace,"$1,590.00",$319.00,$0.00,"$1,271.00",$0.00,12/30/2025 4:17 PM,DEMO-IL-000741,3,HVAC-IGN,Service,Replace hot surface ignitor,1,$345.00,$52.00,$293.00,No,$0.00,$38.00
DEMO-J-000356,No Heat,Heat pump blowing cold air,Completed,Scheduled,web,DEMO-E-00002,12/26/2025 12:23 PM,12/30/2025 10:49 AM,,,,,,DEMO-C-00005,Gardner Keebler,DEMO-L-00005,HVAC Service,,DEMO-I-000336,12/30/2025,12/30/2025,Paid,,Heat pump blowing cold air,$679.00,$0.00,$0.00,$679.00,$0.00,1/4/2026 2:41 PM,DEMO-IL-000742,1,HVAC-DIAG,Service,HVAC diagnostic / service call,1,$95.00,$0.00,$95.00,No,$0.00,$0.00
DEMO-J-000356,No Heat,Heat pump blowing cold air,Completed,Scheduled,web,DEMO-E-00002,12/26/2025 12:23 PM,12/30/2025 10:49 AM,,,,,,DEMO-C-00005,Gardner Keebler,DEMO-L-00005,HVAC Service,,DEMO-I-000336,12/30/2025,12/30/2025,Paid,,Heat pump blowing cold air,$679.00,$0.00,$0.00,$679.00,$0.00,1/4/2026 2:41 PM,DEMO-IL-000743,2,HVAC-FLAME,Service,Clean or replace flame sensor,1,$189.00,$0.00,$189.00,No,$0.00,$15.00
DEMO-J-000356,No Heat,Heat pump blowing cold air,Completed,Scheduled,web,DEMO-E-00002,12/26/2025 12:23 PM,12/30/2025 10:49 AM,,,,,,DEMO-C-00005,Gardner Keebler,DEMO-L-00005,HVAC Service,,DEMO-I-000336,12/30/2025,12/30/2025,Paid,,Heat pump blowing cold air,$679.00,$0.00,$0.00,$679.00,$0.00,1/4/2026 2:41 PM,DEMO-IL-000744,3,HVAC-THERM,Service,Install programmable thermostat,1,$395.00,$0.00,$395.00,No,$0.00,$85.00
DEMO-J-000357,Other,Indoor air quality consultation,Completed,Scheduled,phone,DEMO-E-00003,12/29/2025 9:14 AM,12/30/2025 3:06 PM,,,,,,DEMO-C-00020,Seth King,DEMO-L-00022,HVAC Service,,DEMO-I-000337,12/30/2025,12/30/2025,Paid,,Indoor air quality consultation,"$3,285.00",$573.00,$189.84,"$2,901.84",$0.00,12/30/2025 3:26 PM,DEMO-IL-000745,1,HVAC-DIAG,Service,HVAC diagnostic / service call,1,$95.00,$95.00,$0.00,No,$0.00,$0.00
DEMO-J-000357,Other,Indoor air quality consultation,Completed,Scheduled,phone,DEMO-E-00003,12/29/2025 9:14 AM,12/30/2025 3:06 PM,,,,,,DEMO-C-00020,Seth King,DEMO-L-00022,HVAC Service,,DEMO-I-000337,12/30/2025,12/30/2025,Paid,,Indoor air quality consultation,"$3,285.00",$573.00,$189.84,"$2,901.84",$0.00,12/30/2025 3:26 PM,DEMO-IL-000746,2,IAQ-DEHUM,Equipment,Whole-home dehumidifier,1,"$2,895.00",$434.00,"$2,461.00",Yes,$172.27,"$1,050.00"
DEMO-J-000357,Other,Indoor air quality consultation,Completed,Scheduled,phone,DEMO-E-00003,12/29/2025 9:14 AM,12/30/2025 3:06 PM,,,,,,DEMO-C-00020,Seth King,DEMO-L-00022,HVAC Service,,DEMO-I-000337,12/30/2025,12/30/2025,Paid,,Indoor air quality consultation,"$3,285.00",$573.00,$189.84,"$2,901.84",$0.00,12/30/2025 3:26 PM,DEMO-IL-000747,3,ELEC-SURGE,Equipment,HVAC surge protector,1,$295.00,$44.00,$251.00,Yes,$17.57,$45.00
DEMO-J-000358,Leak,Pipe leak in crawlspace,Completed,Scheduled,phone,DEMO-E-00003,12/24/2025 10:11 AM,12/30/2025 9:50 AM,,,,,,DEMO-C-00015,Nathen Rosenbaum,DEMO-L-00017,Plumbing,,DEMO-I-000338,12/30/2025,12/30/2025,Paid,,Pipe leak in crawlspace,$520.00,$0.00,$0.00,$520.00,$0.00,12/30/2025 10:01 AM,DEMO-IL-000748,1,PL-DIAG,Service,Plumbing diagnostic / service call,1,$95.00,$0.00,$95.00,No,$0.00,$0.00
DEMO-J-000358,Leak,Pipe leak in crawlspace,Completed,Scheduled,phone,DEMO-E-00003,12/24/2025 10:11 AM,12/30/2025 9:50 AM,,,,,,DEMO-C-00015,Nathen Rosenbaum,DEMO-L-00017,Plumbing,,DEMO-I-000338,12/30/2025,12/30/2025,Paid,,Pipe leak in crawlspace,$520.00,$0.00,$0.00,$520.00,$0.00,12/30/2025 10:01 AM,DEMO-IL-000749,2,PL-LEAK,Service,Repair pipe leak,1,$425.00,$0.00,$425.00,No,$0.00,$35.00
DEMO-J-000359,Other,Water quality consultation,Completed,Scheduled,phone,DEMO-E-00003,12/29/2025 1:02 PM,12/30/2025 1:37 PM,,,,,,DEMO-C-00026,Cara Beatty,DEMO-L-00028,Plumbing,,DEMO-I-000339,12/30/2025,12/30/2025,Paid,,Water quality consultation,"$1,990.00",$379.00,$112.77,"$1,723.77",$0.00,12/30/2025 1:52 PM,DEMO-IL-000750,1,PL-DIAG,Service,Plumbing diagnostic / service call,1,$95.00,$95.00,$0.00,No,$0.00,$0.00
DEMO-J-000359,Other,Water quality consultation,Completed,Scheduled,phone,DEMO-E-00003,12/29/2025 1:02 PM,12/30/2025 1:37 PM,,,,,,DEMO-C-00026,Cara Beatty,DEMO-L-00028,Plumbing,,DEMO-I-000339,12/30/2025,12/30/2025,Paid,,Water quality consultation,"$1,990.00",$379.00,$112.77,"$1,723.77",$0.00,12/30/2025 1:52 PM,DEMO-IL-000751,2,WTR-FILTER,Equipment,Whole-home water filter,1,"$1,895.00",$284.00,"$1,611.00",Yes,$112.77,$620.00
DEMO-J-000360,No Heat,Heat pump blowing cold air,Completed,Scheduled,phone,DEMO-E-00003,12/28/2025 11:46 AM,12/30/2025 9:18 AM,,,,,,DEMO-C-00022,Clementina Jacobson,DEMO-L-00024,HVAC Service,,DEMO-I-000340,12/30/2025,12/30/2025,Paid,,Heat pump blowing cold air,$284.00,$0.00,$0.00,$284.00,$0.00,12/30/2025 9:37 AM,DEMO-IL-000752,1,HVAC-DIAG,Service,HVAC diagnostic / service call,1,$95.00,$0.00,$95.00,No,$0.00,$0.00
DEMO-J-000360,No Heat,Heat pump blowing cold air,Completed,Scheduled,phone,DEMO-E-00003,12/28/2025 11:46 AM,12/30/2025 9:18 AM,,,,,,DEMO-C-00022,Clementina Jacobson,DEMO-L-00024,HVAC Service,,DEMO-I-000340,12/30/2025,12/30/2025,Paid,,Heat pump blowing cold air,$284.00,$0.00,$0.00,$284.00,$0.00,12/30/2025 9:37 AM,DEMO-IL-000753,2,HVAC-FLAME,Service,Clean or replace flame sensor,1,$189.00,$0.00,$189.00,No,$0.00,$15.00
DEMO-J-000361,Drain,Kitchen sink clogged,Completed,Today,phone,DEMO-E-00003,12/30/2025 8:18 AM,12/30/2025 11:28 AM,,,,,,DEMO-C-00010,Alize Cassin,DEMO-L-00012,Plumbing,,DEMO-I-000341,12/30/2025,12/30/2025,Paid,,Kitchen sink clogged,$395.00,$0.00,$0.00,$395.00,$0.00,12/30/2025 11:32 AM,DEMO-IL-000754,1,PL-DRAIN-MAIN,Service,Clear main drain line,1,$395.00,$0.00,$395.00,No,$0.00,$10.00
DEMO-J-000362,No Cooling,AC not keeping up,Completed,Scheduled,phone,DEMO-E-00003,12/25/2025 8:50 AM,12/31/2025 9:46 AM,,,,,,DEMO-C-00019,Phil Runte,DEMO-L-00021,HVAC Service,,DEMO-I-000343,12/31/2025,12/31/2025,Paid,,AC not keeping up,$284.00,$0.00,$0.00,$284.00,$0.00,1/10/2026 6:49 PM,DEMO-IL-000759,1,HVAC-DIAG,Service,HVAC diagnostic / service call,1,$95.00,$0.00,$95.00,No,$0.00,$0.00
DEMO-J-000362,No Cooling,AC not keeping up,Completed,Scheduled,phone,DEMO-E-00003,12/25/2025 8:50 AM,12/31/2025 9:46 AM,,,,,,DEMO-C-00019,Phil Runte,DEMO-L-00021,HVAC Service,,DEMO-I-000343,12/31/2025,12/31/2025,Paid,,AC not keeping up,$284.00,$0.00,$0.00,$284.00,$0.00,1/10/2026 6:49 PM,DEMO-IL-000760,2,HVAC-DRAIN,Service,Clear condensate drain line,1,$189.00,$0.00,$189.00,No,$0.00,$6.00
DEMO-J-000363,Tune Up,Fall heating tune-up,Completed,Scheduled,membership,DEMO-E-00003,12/28/2025 8:55 AM,12/31/2025 12:10 PM,,,,,,DEMO-C-00023,Declan Jaskolski,DEMO-L-00025,HVAC Service,,DEMO-I-000344,12/31/2025,12/31/2025,Open,,Fall heating tune-up,$424.00,$173.00,$17.57,$268.57,$268.57,,DEMO-IL-000761,1,HVAC-TUNE-HT,Service,Heating tune-up (fall heating),1,$129.00,$129.00,$0.00,No,$0.00,$8.00
DEMO-J-000363,Tune Up,Fall heating tune-up,Completed,Scheduled,membership,DEMO-E-00003,12/28/2025 8:55 AM,12/31/2025 12:10 PM,,,,,,DEMO-C-00023,Declan Jaskolski,DEMO-L-00025,HVAC Service,,DEMO-I-000344,12/31/2025,12/31/2025,Open,,Fall heating tune-up,$424.00,$173.00,$17.57,$268.57,$268.57,,DEMO-IL-000762,2,ELEC-SURGE,Equipment,HVAC surge protector,1,$295.00,$44.00,$251.00,Yes,$17.57,$45.00
DEMO-J-000364,No Heat,No heat,Completed,Scheduled,phone,DEMO-E-00003,12/25/2025 8:42 AM,12/31/2025 11:17 AM,,,,,,DEMO-C-00006,Inez McLaughlin,DEMO-L-00007,HVAC Service,,DEMO-I-000345,12/31/2025,12/31/2025,Paid,,No heat,"$2,640.00",$0.00,$90.65,"$2,730.65",$0.00,12/31/2025 11:27 AM,DEMO-IL-000763,1,HVAC-DIAG,Service,HVAC diagnostic / service call,1,$95.00,$0.00,$95.00,No,$0.00,$0.00
DEMO-J-000364,No Heat,No heat,Completed,Scheduled,phone,DEMO-E-00003,12/25/2025 8:42 AM,12/31/2025 11:17 AM,,,,,,DEMO-C-00006,Inez McLaughlin,DEMO-L-00007,HVAC Service,,DEMO-I-000345,12/31/2025,12/31/2025,Paid,,No heat,"$2,640.00",$0.00,$90.65,"$2,730.65",$0.00,12/31/2025 11:27 AM,DEMO-IL-000764,2,HVAC-INDUCER,Service,Replace inducer motor,1,"$1,250.00",$0.00,"$1,250.00",No,$0.00,$340.00
DEMO-J-000364,No Heat,No heat,Completed,Scheduled,phone,DEMO-E-00003,12/25/2025 8:42 AM,12/31/2025 11:17 AM,,,,,,DEMO-C-00006,Inez McLaughlin,DEMO-L-00007,HVAC Service,,DEMO-I-000345,12/31/2025,12/31/2025,Paid,,No heat,"$2,640.00",$0.00,$90.65,"$2,730.65",$0.00,12/31/2025 11:27 AM,DEMO-IL-000765,3,IAQ-SCRUB,Equipment,Air scrubber,1,"$1,295.00",$0.00,"$1,295.00",Yes,$90.65,$420.00
DEMO-J-000365,No Heat,No heat,Completed,Emergency,phone,DEMO-E-00003,12/31/2025 7:16 AM,12/31/2025 12:51 PM,,,,,,DEMO-C-00019,Phil Runte,DEMO-L-00021,HVAC Service,,DEMO-I-000346,12/31/2025,12/31/2025,Paid,,No heat,$284.00,$0.00,$0.00,$284.00,$0.00,12/31/2025 12:54 PM,DEMO-IL-000766,1,HVAC-DIAG,Service,HVAC diagnostic / service call,1,$95.00,$0.00,$95.00,No,$0.00,$0.00
DEMO-J-000365,No Heat,No heat,Completed,Emergency,phone,DEMO-E-00003,12/31/2025 7:16 AM,12/31/2025 12:51 PM,,,,,,DEMO-C-00019,Phil Runte,DEMO-L-00021,HVAC Service,,DEMO-I-000346,12/31/2025,12/31/2025,Paid,,No heat,$284.00,$0.00,$0.00,$284.00,$0.00,12/31/2025 12:54 PM,DEMO-IL-000767,2,HVAC-FLAME,Service,Clean or replace flame sensor,1,$189.00,$0.00,$189.00,No,$0.00,$15.00
DEMO-J-000366,Install,System replacement install,Scheduled,Scheduled,replacement_sale,DEMO-E-00003,12/31/2025 3:29 PM,,DEMO-E-00001,DEMO-E-00007,,,,DEMO-C-00019,Phil Runte,DEMO-L-00021,HVAC Replacement,,,,,,,,,,,,,,,,,,,,,,,,,
DEMO-J-000367,No Cooling,Water leaking from air handler,Completed,Scheduled,phone,DEMO-E-00003,12/26/2025 4:02 PM,12/31/2025 11:02 AM,,,,,,DEMO-C-00016,Estel Kunde,DEMO-L-00018,HVAC Service,,DEMO-I-000347,12/31/2025,12/31/2025,Paid,,Water leaking from air handler,"$1,245.00",$267.00,$0.00,$978.00,$0.00,12/31/2025 11:12 AM,DEMO-IL-000768,1,HVAC-DIAG,Service,HVAC diagnostic / service call,1,$95.00,$95.00,$0.00,No,$0.00,$0.00
DEMO-J-000367,No Cooling,Water leaking from air handler,Completed,Scheduled,phone,DEMO-E-00003,12/26/2025 4:02 PM,12/31/2025 11:02 AM,,,,,,DEMO-C-00016,Estel Kunde,DEMO-L-00018,HVAC Service,,DEMO-I-000347,12/31/2025,12/31/2025,Paid,,Water leaking from air handler,"$1,245.00",$267.00,$0.00,$978.00,$0.00,12/31/2025 11:12 AM,DEMO-IL-000769,2,HVAC-BLWMTR,Service,Replace blower motor (PSC),1,"$1,150.00",$172.00,$978.00,No,$0.00,$260.00
DEMO-J-000368,No Heat,Strange smell from furnace,Completed,Emergency,phone,DEMO-E-00003,12/31/2025 8:21 AM,12/31/2025 1:42 PM,,,,,,DEMO-C-00019,Phil Runte,DEMO-L-00021,HVAC Service,,DEMO-I-000348,12/31/2025,12/31/2025,Paid,,Strange smell from furnace,$785.00,$0.00,$6.65,$791.65,$0.00,12/31/2025 1:52 PM,DEMO-IL-000770,1,HVAC-DIAG,Service,HVAC diagnostic / service call,1,$95.00,$0.00,$95.00,No,$0.00,$0.00
DEMO-J-000368,No Heat,Strange smell from furnace,Completed,Emergency,phone,DEMO-E-00003,12/31/2025 8:21 AM,12/31/2025 1:42 PM,,,,,,DEMO-C-00019,Phil Runte,DEMO-L-00021,HVAC Service,,DEMO-I-000348,12/31/2025,12/31/2025,Paid,,Strange smell from furnace,$785.00,$0.00,$6.65,$791.65,$0.00,12/31/2025 1:52 PM,DEMO-IL-000771,2,HVAC-FILTER,Material,Media filter replacement,1,$95.00,$0.00,$95.00,Yes,$6.65,$28.00
DEMO-J-000368,No Heat,Strange smell from furnace,Completed,Emergency,phone,DEMO-E-00003,12/31/2025 8:21 AM,12/31/2025 1:42 PM,,,,,,DEMO-C-00019,Phil Runte,DEMO-L-00021,HVAC Service,,DEMO-I-000348,12/31/2025,12/31/2025,Paid,,Strange smell from furnace,$785.00,$0.00,$6.65,$791.65,$0.00,12/31/2025 1:52 PM,DEMO-IL-000772,3,HVAC-SMART,Service,Install smart thermostat,1,$595.00,$0.00,$595.00,No,$0.00,$165.00
DEMO-J-000369,No Heat,Strange smell from furnace,Completed,Scheduled,phone,DEMO-E-00003,12/26/2025 4:36 PM,12/31/2025 5:37 PM,,,,,,DEMO-C-00004,Brennon Homenick,DEMO-L-00004,HVAC Service,,DEMO-I-000349,12/31/2025,12/31/2025,Paid,,Strange smell from furnace,"$1,245.00",$267.00,$0.00,$978.00,$0.00,1/7/2026 1:09 PM,DEMO-IL-000773,1,HVAC-DIAG,Service,HVAC diagnostic / service call,1,$95.00,$95.00,$0.00,No,$0.00,$0.00
DEMO-J-000369,No Heat,Strange smell from furnace,Completed,Scheduled,phone,DEMO-E-00003,12/26/2025 4:36 PM,12/31/2025 5:37 PM,,,,,,DEMO-C-00004,Brennon Homenick,DEMO-L-00004,HVAC Service,,DEMO-I-000349,12/31/2025,12/31/2025,Paid,,Strange smell from furnace,"$1,245.00",$267.00,$0.00,$978.00,$0.00,1/7/2026 1:09 PM,DEMO-IL-000774,2,HVAC-BLWMTR,Service,Replace blower motor (PSC),1,"$1,150.00",$172.00,$978.00,No,$0.00,$260.00
DEMO-J-000370,Water Heater,Water heater leaking,Completed,Scheduled,phone,DEMO-E-00003,12/26/2025 2:54 PM,12/31/2025 11:16 AM,,,,,,DEMO-C-00003,Madalyn Toy,DEMO-L-00003,Plumbing,,DEMO-I-000350,12/31/2025,12/31/2025,Paid,,Water heater leaking,$680.00,$0.00,$0.00,$680.00,$0.00,12/31/2025 11:25 AM,DEMO-IL-000775,1,PL-DIAG,Service,Plumbing diagnostic / service call,1,$95.00,$0.00,$95.00,No,$0.00,$0.00
DEMO-J-000370,Water Heater,Water heater leaking,Completed,Scheduled,phone,DEMO-E-00003,12/26/2025 2:54 PM,12/31/2025 11:16 AM,,,,,,DEMO-C-00003,Madalyn Toy,DEMO-L-00003,Plumbing,,DEMO-I-000350,12/31/2025,12/31/2025,Paid,,Water heater leaking,$680.00,$0.00,$0.00,$680.00,$0.00,12/31/2025 11:25 AM,DEMO-IL-000776,2,PL-PRV,Service,Replace pressure reducing valve,1,$585.00,$0.00,$585.00,No,$0.00,$95.00
DEMO-J-000371,Other,Disposal not working,Completed,Today,phone,DEMO-E-00003,12/31/2025 7:00 AM,12/31/2025 10:19 AM,,,,,,DEMO-C-00006,Inez McLaughlin,DEMO-L-00006,Plumbing,,DEMO-I-000351,12/31/2025,12/31/2025,Paid,,Disposal not working,$790.00,$199.00,$0.00,$591.00,$0.00,12/31/2025 10:24 AM,DEMO-IL-000777,1,PL-DIAG,Service,Plumbing diagnostic / service call,1,$95.00,$95.00,$0.00,No,$0.00,$0.00
DEMO-J-000371,Other,Disposal not working,Completed,Today,phone,DEMO-E-00003,12/31/2025 7:00 AM,12/31/2025 10:19 AM,,,,,,DEMO-C-00006,Inez McLaughlin,DEMO-L-00006,Plumbing,,DEMO-I-000351,12/31/2025,12/31/2025,Paid,,Disposal not working,$790.00,$199.00,$0.00,$591.00,$0.00,12/31/2025 10:24 AM,DEMO-IL-000778,2,PL-TOILET-NEW,Service,Replace toilet,1,$695.00,$104.00,$591.00,No,$0.00,$210.00
DEMO-J-000372,Other,Disposal not working,Completed,Scheduled,phone,DEMO-E-00003,12/29/2025 10:23 AM,12/31/2025 12:18 PM,,,,,,DEMO-C-00016,Estel Kunde,DEMO-L-00018,Plumbing,,DEMO-I-000352,12/31/2025,12/31/2025,Paid,,Disposal not working,$340.00,$132.00,$0.00,$208.00,$0.00,12/31/2025 12:21 PM,DEMO-IL-000779,1,PL-DIAG,Service,Plumbing diagnostic / service call,1,$95.00,$95.00,$0.00,No,$0.00,$0.00
DEMO-J-000372,Other,Disposal not working,Completed,Scheduled,phone,DEMO-E-00003,12/29/2025 10:23 AM,12/31/2025 12:18 PM,,,,,,DEMO-C-00016,Estel Kunde,DEMO-L-00018,Plumbing,,DEMO-I-000352,12/31/2025,12/31/2025,Paid,,Disposal not working,$340.00,$132.00,$0.00,$208.00,$0.00,12/31/2025 12:21 PM,DEMO-IL-000780,2,PL-TOILET,Service,Rebuild toilet,1,$245.00,$37.00,$208.00,No,$0.00,$35.00
DEMO-J-000373,No Heat,Heat pump blowing cold air,Completed,Scheduled,phone,DEMO-E-00003,12/28/2025 1:33 PM,1/2/2026 9:25 AM,,,,,,DEMO-C-00008,Katelyn Thompson,DEMO-L-00009,HVAC Service,,DEMO-I-000353,1/2/2026,1/2/2026,Paid,,Heat pump blowing cold air,$284.00,$0.00,$0.00,$284.00,$0.00,1/2/2026 9:43 AM,DEMO-IL-000781,1,HVAC-DIAG,Service,HVAC diagnostic / service call,1,$95.00,$0.00,$95.00,No,$0.00,$0.00
DEMO-J-000373,No Heat,Heat pump blowing cold air,Completed,Scheduled,phone,DEMO-E-00003,12/28/2025 1:33 PM,1/2/2026 9:25 AM,,,,,,DEMO-C-00008,Katelyn Thompson,DEMO-L-00009,HVAC Service,,DEMO-I-000353,1/2/2026,1/2/2026,Paid,,Heat pump blowing cold air,$284.00,$0.00,$0.00,$284.00,$0.00,1/2/2026 9:43 AM,DEMO-IL-000782,2,HVAC-FLAME,Service,Clean or replace flame sensor,1,$189.00,$0.00,$189.00,No,$0.00,$15.00
DEMO-J-000374,No Heat,Furnace short cycling,Completed,Emergency,phone,DEMO-E-00002,1/2/2026 7:00 AM,1/2/2026 9:59 AM,,,,,,DEMO-C-00026,Cara Beatty,DEMO-L-00028,HVAC Service,,DEMO-I-000354,1/2/2026,1/2/2026,Paid,,Furnace short cycling,$790.00,$199.00,$0.00,$591.00,$0.00,1/2/2026 10:16 AM,DEMO-IL-000783,1,HVAC-DIAG,Service,HVAC diagnostic / service call,1,$95.00,$95.00,$0.00,No,$0.00,$0.00
DEMO-J-000374,No Heat,Furnace short cycling,Completed,Emergency,phone,DEMO-E-00002,1/2/2026 7:00 AM,1/2/2026 9:59 AM,,,,,,DEMO-C-00026,Cara Beatty,DEMO-L-00028,HVAC Service,,DEMO-I-000354,1/2/2026,1/2/2026,Paid,,Furnace short cycling,$790.00,$199.00,$0.00,$591.00,$0.00,1/2/2026 10:16 AM,DEMO-IL-000784,2,HVAC-DEFROST,Service,Replace heat pump defrost board,1,$695.00,$104.00,$591.00,No,$0.00,$140.00
DEMO-J-000375,No Heat,Strange smell from furnace,Completed,Scheduled,phone,DEMO-E-00003,12/31/2025 2:37 PM,1/2/2026 12:27 PM,,,,,,DEMO-C-00020,Seth King,DEMO-L-00022,HVAC Service,,DEMO-I-000355,1/2/2026,1/2/2026,Paid,,Strange smell from furnace,$979.00,$227.00,$41.37,$793.37,$0.00,1/2/2026 12:45 PM,DEMO-IL-000785,1,HVAC-DIAG,Service,HVAC diagnostic / service call,1,$95.00,$95.00,$0.00,No,$0.00,$0.00
DEMO-J-000375,No Heat,Strange smell from furnace,Completed,Scheduled,phone,DEMO-E-00003,12/31/2025 2:37 PM,1/2/2026 12:27 PM,,,,,,DEMO-C-00020,Seth King,DEMO-L-00022,HVAC Service,,DEMO-I-000355,1/2/2026,1/2/2026,Paid,,Strange smell from furnace,$979.00,$227.00,$41.37,$793.37,$0.00,1/2/2026 12:45 PM,DEMO-IL-000786,2,HVAC-FLAME,Service,Clean or replace flame sensor,1,$189.00,$28.00,$161.00,No,$0.00,$15.00
DEMO-J-000375,No Heat,Strange smell from furnace,Completed,Scheduled,phone,DEMO-E-00003,12/31/2025 2:37 PM,1/2/2026 12:27 PM,,,,,,DEMO-C-00020,Seth King,DEMO-L-00022,HVAC Service,,DEMO-I-000355,1/2/2026,1/2/2026,Paid,,Strange smell from furnace,$979.00,$227.00,$41.37,$793.37,$0.00,1/2/2026 12:45 PM,DEMO-IL-000787,3,IAQ-UV,Equipment,UV light (coil and air),1,$695.00,$104.00,$591.00,Yes,$41.37,$165.00
DEMO-J-000376,Water Heater,Water heater leaking,Completed,Today,phone,DEMO-E-00003,1/2/2026 7:00 AM,1/2/2026 12:00 PM,,,,,,DEMO-C-00001,Hank Erdman,DEMO-L-00001,Plumbing,,DEMO-I-000356,1/2/2026,1/2/2026,Paid,,Water heater leaking,"$1,575.00",$0.00,$62.65,"$1,637.65",$0.00,1/2/2026 12:04 PM,DEMO-IL-000788,1,PL-DIAG,Service,Plumbing diagnostic / service call,1,$95.00,$0.00,$95.00,No,$0.00,$0.00
DEMO-J-000376,Water Heater,Water heater leaking,Completed,Today,phone,DEMO-E-00003,1/2/2026 7:00 AM,1/2/2026 12:00 PM,,,,,,DEMO-C-00001,Hank Erdman,DEMO-L-00001,Plumbing,,DEMO-I-000356,1/2/2026,1/2/2026,Paid,,Water heater leaking,"$1,575.00",$0.00,$62.65,"$1,637.65",$0.00,1/2/2026 12:04 PM,DEMO-IL-000789,2,PL-PRV,Service,Replace pressure reducing valve,1,$585.00,$0.00,$585.00,No,$0.00,$95.00
DEMO-J-000376,Water Heater,Water heater leaking,Completed,Today,phone,DEMO-E-00003,1/2/2026 7:00 AM,1/2/2026 12:00 PM,,,,,,DEMO-C-00001,Hank Erdman,DEMO-L-00001,Plumbing,,DEMO-I-000356,1/2/2026,1/2/2026,Paid,,Water heater leaking,"$1,575.00",$0.00,$62.65,"$1,637.65",$0.00,1/2/2026 12:04 PM,DEMO-IL-000790,3,WTR-LEAKVALVE,Equipment,Leak-detection shut-off valve,1,$895.00,$0.00,$895.00,Yes,$62.65,$290.00
DEMO-J-000377,Drain,Kitchen sink clogged,Completed,Today,phone,DEMO-E-00003,1/2/2026 8:37 AM,1/2/2026 2:44 PM,,,,,,DEMO-C-00029,Kallie Durgan,DEMO-L-00031,Plumbing,,DEMO-I-000357,1/2/2026,1/2/2026,Paid,,Kitchen sink clogged,$690.00,$103.00,$0.00,$587.00,$0.00,1/2/2026 2:55 PM,DEMO-IL-000791,1,PL-DRAIN-MAIN,Service,Clear main drain line,1,$395.00,$59.00,$336.00,No,$0.00,$10.00
DEMO-J-000377,Drain,Kitchen sink clogged,Completed,Today,phone,DEMO-E-00003,1/2/2026 8:37 AM,1/2/2026 2:44 PM,,,,,,DEMO-C-00029,Kallie Durgan,DEMO-L-00031,Plumbing,,DEMO-I-000357,1/2/2026,1/2/2026,Paid,,Kitchen sink clogged,$690.00,$103.00,$0.00,$587.00,$0.00,1/2/2026 2:55 PM,DEMO-IL-000792,2,PL-CAMERA,Service,Sewer camera inspection,1,$295.00,$44.00,$251.00,No,$0.00,$0.00
DEMO-J-000378,Drain,Main line backing up,Completed,Scheduled,phone,DEMO-E-00003,12/31/2025 9:17 AM,1/2/2026 4:29 PM,,,,,,DEMO-C-00021,Silas Bauch,DEMO-L-00023,Plumbing,,DEMO-I-000358,1/2/2026,1/2/2026,Paid,,Main line backing up,$225.00,$0.00,$0.00,$225.00,$0.00,1/2/2026 4:39 PM,DEMO-IL-000793,1,PL-DRAIN-SM,Service,Clear sink or tub drain,1,$225.00,$0.00,$225.00,No,$0.00,$5.00
DEMO-J-000379,Other,Water quality consultation,Completed,Scheduled,phone,DEMO-E-00003,12/30/2025 1:56 PM,1/2/2026 10:20 AM,,,,,,DEMO-C-00014,Haskell Bauch,DEMO-L-00016,Plumbing,,DEMO-I-000359,1/2/2026,1/2/2026,Paid,,Water quality consultation,$990.00,$0.00,$62.65,"$1,052.65",$0.00,1/2/2026 10:25 AM,DEMO-IL-000794,1,PL-DIAG,Service,Plumbing diagnostic / service call,1,$95.00,$0.00,$95.00,No,$0.00,$0.00
DEMO-J-000379,Other,Water quality consultation,Completed,Scheduled,phone,DEMO-E-00003,12/30/2025 1:56 PM,1/2/2026 10:20 AM,,,,,,DEMO-C-00014,Haskell Bauch,DEMO-L-00016,Plumbing,,DEMO-I-000359,1/2/2026,1/2/2026,Paid,,Water quality consultation,$990.00,$0.00,$62.65,"$1,052.65",$0.00,1/2/2026 10:25 AM,DEMO-IL-000795,2,WTR-LEAKVALVE,Equipment,Leak-detection shut-off valve,1,$895.00,$0.00,$895.00,Yes,$62.65,$290.00
DEMO-J-000380,Other,Water quality consultation,Completed,Today,phone,DEMO-E-00003,1/2/2026 8:19 AM,1/2/2026 1:04 PM,,,,,,DEMO-C-00018,Thad Hilll,DEMO-L-00020,Plumbing,,DEMO-I-000360,1/2/2026,1/2/2026,Paid,,Water quality consultation,$990.00,$229.00,$53.27,$814.27,$0.00,1/2/2026 1:10 PM,DEMO-IL-000796,1,PL-DIAG,Service,Plumbing diagnostic / service call,1,$95.00,$95.00,$0.00,No,$0.00,$0.00
DEMO-J-000380,Other,Water quality consultation,Completed,Today,phone,DEMO-E-00003,1/2/2026 8:19 AM,1/2/2026 1:04 PM,,,,,,DEMO-C-00018,Thad Hilll,DEMO-L-00020,Plumbing,,DEMO-I-000360,1/2/2026,1/2/2026,Paid,,Water quality consultation,$990.00,$229.00,$53.27,$814.27,$0.00,1/2/2026 1:10 PM,DEMO-IL-000797,2,WTR-LEAKVALVE,Equipment,Leak-detection shut-off valve,1,$895.00,$134.00,$761.00,Yes,$53.27,$290.00
DEMO-J-000381,No Heat,Furnace short cycling,Completed,Scheduled,web,DEMO-E-00003,12/30/2025 12:12 PM,1/2/2026 3:19 PM,,,,,,DEMO-C-00008,Katelyn Thompson,DEMO-L-00009,HVAC Service,,DEMO-I-000361,1/2/2026,1/2/2026,Open,,Furnace short cycling,$284.00,$0.00,$0.00,$284.00,$142.00,,DEMO-IL-000798,1,HVAC-DIAG,Service,HVAC diagnostic / service call,1,$95.00,$0.00,$95.00,No,$0.00,$0.00
DEMO-J-000381,No Heat,Furnace short cycling,Completed,Scheduled,web,DEMO-E-00003,12/30/2025 12:12 PM,1/2/2026 3:19 PM,,,,,,DEMO-C-00008,Katelyn Thompson,DEMO-L-00009,HVAC Service,,DEMO-I-000361,1/2/2026,1/2/2026,Open,,Furnace short cycling,$284.00,$0.00,$0.00,$284.00,$142.00,,DEMO-IL-000799,2,HVAC-FLAME,Service,Clean or replace flame sensor,1,$189.00,$0.00,$189.00,No,$0.00,$15.00
DEMO-J-000382,Install,System replacement install,Completed,Scheduled,replacement_sale,DEMO-E-00003,1/2/2026 4:29 PM,1/9/2026 3:19 PM,DEMO-E-00011,,,,,DEMO-C-00008,Katelyn Thompson,DEMO-L-00009,HVAC Replacement,,DEMO-I-000410,1/9/2026,1/9/2026,Open,,System replacement,"$6,045.00",$302.25,$0.00,"$5,742.75","$5,742.75",,DEMO-IL-000905,1,EQ-MINI,Equipment,"Ductless mini-split, single zone (installed)",1,"$5,450.00",$272.50,"$5,177.50",No,$0.00,"$2,100.00"
DEMO-J-000382,Install,System replacement install,Completed,Scheduled,replacement_sale,DEMO-E-00003,1/2/2026 4:29 PM,1/9/2026 3:19 PM,DEMO-E-00011,,,,,DEMO-C-00008,Katelyn Thompson,DEMO-L-00009,HVAC Replacement,,DEMO-I-000410,1/9/2026,1/9/2026,Open,,System replacement,"$6,045.00",$302.25,$0.00,"$5,742.75","$5,742.75",,DEMO-IL-000906,2,HVAC-SMART,Service,Install smart thermostat,1,$595.00,$29.75,$565.25,No,$0.00,$165.00
DEMO-J-000383,Leak,Leak under the sink,Completed,Emergency,phone,DEMO-E-00003,1/3/2026 8:00 AM,1/3/2026 11:55 AM,,,,,,DEMO-C-00008,Katelyn Thompson,DEMO-L-00009,Plumbing,,DEMO-I-000363,1/3/2026,1/3/2026,Paid,,Leak under the sink,$520.00,$0.00,$0.00,$520.00,$0.00,1/3/2026 12:07 PM,DEMO-IL-000801,1,PL-DIAG,Service,Plumbing diagnostic / service call,1,$95.00,$0.00,$95.00,No,$0.00,$0.00
DEMO-J-000383,Leak,Leak under the sink,Completed,Emergency,phone,DEMO-E-00003,1/3/2026 8:00 AM,1/3/2026 11:55 AM,,,,,,DEMO-C-00008,Katelyn Thompson,DEMO-L-00009,Plumbing,,DEMO-I-000363,1/3/2026,1/3/2026,Paid,,Leak under the sink,$520.00,$0.00,$0.00,$520.00,$0.00,1/3/2026 12:07 PM,DEMO-IL-000802,2,PL-LEAK,Service,Repair pipe leak,1,$425.00,$0.00,$425.00,No,$0.00,$35.00
DEMO-J-000384,No Cooling,No cooling,Completed,Scheduled,phone,DEMO-E-00003,12/30/2025 12:41 PM,1/5/2026 10:24 AM,,,,,,DEMO-C-00011,Cole Flatley,DEMO-L-00013,HVAC Service,,DEMO-I-000364,1/5/2026,1/5/2026,Paid,,No cooling,$890.00,$214.00,$0.00,$676.00,$0.00,1/5/2026 10:35 AM,DEMO-IL-000803,1,HVAC-DIAG,Service,HVAC diagnostic / service call,1,$95.00,$95.00,$0.00,No,$0.00,$0.00
DEMO-J-000384,No Cooling,No cooling,Completed,Scheduled,phone,DEMO-E-00003,12/30/2025 12:41 PM,1/5/2026 10:24 AM,,,,,,DEMO-C-00011,Cole Flatley,DEMO-L-00013,HVAC Service,,DEMO-I-000364,1/5/2026,1/5/2026,Paid,,No cooling,$890.00,$214.00,$0.00,$676.00,$0.00,1/5/2026 10:35 AM,DEMO-IL-000804,2,HVAC-FANMTR,Service,Replace condenser fan motor,1,$795.00,$119.00,$676.00,No,$0.00,$185.00
DEMO-J-000385,No Cooling,No cooling,Completed,Today,phone,DEMO-E-00003,1/5/2026 7:28 AM,1/5/2026 12:26 PM,,,,,,DEMO-C-00004,Brennon Homenick,DEMO-L-00004,HVAC Service,,DEMO-I-000365,1/5/2026,1/5/2026,Paid,,No cooling,$659.00,$180.00,$22.26,$501.26,$0.00,1/5/2026 12:45 PM,DEMO-IL-000805,1,HVAC-DIAG,Service,HVAC diagnostic / service call,1,$95.00,$95.00,$0.00,No,$0.00,$0.00
DEMO-J-000385,No Cooling,No cooling,Completed,Today,phone,DEMO-E-00003,1/5/2026 7:28 AM,1/5/2026 12:26 PM,,,,,,DEMO-C-00004,Brennon Homenick,DEMO-L-00004,HVAC Service,,DEMO-I-000365,1/5/2026,1/5/2026,Paid,,No cooling,$659.00,$180.00,$22.26,$501.26,$0.00,1/5/2026 12:45 PM,DEMO-IL-000806,2,HVAC-DRAIN,Service,Clear condensate drain line,1,$189.00,$28.00,$161.00,No,$0.00,$6.00
DEMO-J-000385,No Cooling,No cooling,Completed,Today,phone,DEMO-E-00003,1/5/2026 7:28 AM,1/5/2026 12:26 PM,,,,,,DEMO-C-00004,Brennon Homenick,DEMO-L-00004,HVAC Service,,DEMO-I-000365,1/5/2026,1/5/2026,Paid,,No cooling,$659.00,$180.00,$22.26,$501.26,$0.00,1/5/2026 12:45 PM,DEMO-IL-000807,3,HVAC-R410A,Material,Refrigerant R-410A (per lb),3,$125.00,$57.00,$318.00,Yes,$22.26,$66.00
DEMO-J-000386,Install,System replacement install,Scheduled,Scheduled,replacement_sale,DEMO-E-00003,1/5/2026 3:09 PM,,DEMO-E-00004,,,,,DEMO-C-00004,Brennon Homenick,DEMO-L-00004,HVAC Replacement,,,,,,,,,,,,,,,,,,,,,,,,,
DEMO-J-000387,No Heat,No heat,Completed,Scheduled,phone,DEMO-E-00003,1/2/2026 3:02 PM,1/5/2026 3:30 PM,,,,,,DEMO-C-00006,Inez McLaughlin,DEMO-L-00006,HVAC Service,,DEMO-I-000366,1/5/2026,1/5/2026,Paid,,No heat,"$1,840.00",$356.00,$17.57,"$1,501.57",$0.00,1/5/2026 3:39 PM,DEMO-IL-000808,1,HVAC-DIAG,Service,HVAC diagnostic / service call,1,$95.00,$95.00,$0.00,No,$0.00,$0.00
DEMO-J-000387,No Heat,No heat,Completed,Scheduled,phone,DEMO-E-00003,1/2/2026 3:02 PM,1/5/2026 3:30 PM,,,,,,DEMO-C-00006,Inez McLaughlin,DEMO-L-00006,HVAC Service,,DEMO-I-000366,1/5/2026,1/5/2026,Paid,,No heat,"$1,840.00",$356.00,$17.57,"$1,501.57",$0.00,1/5/2026 3:39 PM,DEMO-IL-000809,2,HVAC-BOARD,Service,Replace control board,1,"$1,450.00",$217.00,"$1,233.00",No,$0.00,$310.00
DEMO-J-000387,No Heat,No heat,Completed,Scheduled,phone,DEMO-E-00003,1/2/2026 3:02 PM,1/5/2026 3:30 PM,,,,,,DEMO-C-00006,Inez McLaughlin,DEMO-L-00006,HVAC Service,,DEMO-I-000366,1/5/2026,1/5/2026,Paid,,No heat,"$1,840.00",$356.00,$17.57,"$1,501.57",$0.00,1/5/2026 3:39 PM,DEMO-IL-000810,3,ELEC-SURGE,Equipment,HVAC surge protector,1,$295.00,$44.00,$251.00,Yes,$17.57,$45.00
DEMO-J-000388,Tune Up,Fall heating tune-up,Completed,Scheduled,phone,DEMO-E-00001,1/3/2026 11:33 AM,1/5/2026 10:16 AM,,,,,,DEMO-C-00008,Katelyn Thompson,DEMO-L-00009,HVAC Service,,DEMO-I-000367,1/5/2026,1/5/2026,Paid,,Fall heating tune-up,"$1,424.00",$0.00,$90.65,"$1,514.65",$0.00,1/5/2026 10:20 AM,DEMO-IL-000811,1,HVAC-TUNE-HT,Service,Heating tune-up (fall heating),1,$129.00,$0.00,$129.00,No,$0.00,$8.00
DEMO-J-000388,Tune Up,Fall heating tune-up,Completed,Scheduled,phone,DEMO-E-00001,1/3/2026 11:33 AM,1/5/2026 10:16 AM,,,,,,DEMO-C-00008,Katelyn Thompson,DEMO-L-00009,HVAC Service,,DEMO-I-000367,1/5/2026,1/5/2026,Paid,,Fall heating tune-up,"$1,424.00",$0.00,$90.65,"$1,514.65",$0.00,1/5/2026 10:20 AM,DEMO-IL-000812,2,IAQ-SCRUB,Equipment,Air scrubber,1,"$1,295.00",$0.00,"$1,295.00",Yes,$90.65,$420.00
DEMO-J-000389,No Heat,No heat,Completed,Today,phone,DEMO-E-00001,1/5/2026 7:00 AM,1/5/2026 12:20 PM,,,,,,DEMO-C-00011,Cole Flatley,DEMO-L-00013,HVAC Service,,DEMO-I-000368,1/5/2026,1/5/2026,Paid,,No heat,$440.00,$147.00,$0.00,$293.00,$0.00,1/5/2026 12:29 PM,DEMO-IL-000813,1,HVAC-DIAG,Service,HVAC diagnostic / service call,1,$95.00,$95.00,$0.00,No,$0.00,$0.00
DEMO-J-000389,No Heat,No heat,Completed,Today,phone,DEMO-E-00001,1/5/2026 7:00 AM,1/5/2026 12:20 PM,,,,,,DEMO-C-00011,Cole Flatley,DEMO-L-00013,HVAC Service,,DEMO-I-000368,1/5/2026,1/5/2026,Paid,,No heat,$440.00,$147.00,$0.00,$293.00,$0.00,1/5/2026 12:29 PM,DEMO-IL-000814,2,HVAC-IGN,Service,Replace hot surface ignitor,1,$345.00,$52.00,$293.00,No,$0.00,$38.00
DEMO-J-000390,Drain,Tub draining slowly,Completed,Today,phone,DEMO-E-00003,1/5/2026 7:00 AM,1/5/2026 9:47 AM,,,,,,DEMO-C-00013,Jessica Waters,DEMO-L-00015,Plumbing,,DEMO-I-000369,1/5/2026,1/5/2026,Paid,,Tub draining slowly,$225.00,$34.00,$0.00,$191.00,$0.00,1/5/2026 10:02 AM,DEMO-IL-000815,1,PL-DRAIN-SM,Service,Clear sink or tub drain,1,$225.00,$34.00,$191.00,No,$0.00,$5.00
DEMO-J-000391,Leak,Pipe leak in crawlspace,Completed,Scheduled,phone,DEMO-E-00003,1/3/2026 2:52 PM,1/5/2026 12:51 PM,,,,,,DEMO-C-00029,Kallie Durgan,DEMO-L-00031,Plumbing,,DEMO-I-000370,1/5/2026,1/5/2026,Paid,,Pipe leak in crawlspace,$520.00,$159.00,$0.00,$361.00,$0.00,1/5/2026 1:01 PM,DEMO-IL-000816,1,PL-DIAG,Service,Plumbing diagnostic / service call,1,$95.00,$95.00,$0.00,No,$0.00,$0.00
DEMO-J-000391,Leak,Pipe leak in crawlspace,Completed,Scheduled,phone,DEMO-E-00003,1/3/2026 2:52 PM,1/5/2026 12:51 PM,,,,,,DEMO-C-00029,Kallie Durgan,DEMO-L-00031,Plumbing,,DEMO-I-000370,1/5/2026,1/5/2026,Paid,,Pipe leak in crawlspace,$520.00,$159.00,$0.00,$361.00,$0.00,1/5/2026 1:01 PM,DEMO-IL-000817,2,PL-LEAK,Service,Repair pipe leak,1,$425.00,$64.00,$361.00,No,$0.00,$35.00
DEMO-J-000392,Drain,Main line backing up,Completed,Today,phone,DEMO-E-00003,1/5/2026 9:02 AM,1/5/2026 6:07 PM,,,,,,DEMO-C-00029,Kallie Durgan,DEMO-L-00031,Plumbing,,DEMO-I-000371,1/5/2026,1/5/2026,Paid,,Main line backing up,"$3,485.00",$522.00,$166.32,"$3,129.32",$0.00,1/5/2026 6:25 PM,DEMO-IL-000818,1,PL-DRAIN-MAIN,Service,Clear main drain line,1,$395.00,$59.00,$336.00,No,$0.00,$10.00
DEMO-J-000392,Drain,Main line backing up,Completed,Today,phone,DEMO-E-00003,1/5/2026 9:02 AM,1/5/2026 6:07 PM,,,,,,DEMO-C-00029,Kallie Durgan,DEMO-L-00031,Plumbing,,DEMO-I-000371,1/5/2026,1/5/2026,Paid,,Main line backing up,"$3,485.00",$522.00,$166.32,"$3,129.32",$0.00,1/5/2026 6:25 PM,DEMO-IL-000819,2,PL-CAMERA,Service,Sewer camera inspection,1,$295.00,$44.00,$251.00,No,$0.00,$0.00
DEMO-J-000392,Drain,Main line backing up,Completed,Today,phone,DEMO-E-00003,1/5/2026 9:02 AM,1/5/2026 6:07 PM,,,,,,DEMO-C-00029,Kallie Durgan,DEMO-L-00031,Plumbing,,DEMO-I-000371,1/5/2026,1/5/2026,Paid,,Main line backing up,"$3,485.00",$522.00,$166.32,"$3,129.32",$0.00,1/5/2026 6:25 PM,DEMO-IL-000820,3,WTR-SOFT,Equipment,Water softener,1,"$2,795.00",$419.00,"$2,376.00",Yes,$166.32,$980.00
DEMO-J-000393,Tune Up,Fall heating tune-up,Completed,Scheduled,phone,DEMO-E-00003,1/2/2026 4:28 PM,1/5/2026 10:24 AM,,,,,,DEMO-C-00012,Kasey McClure,DEMO-L-00014,HVAC Service,,DEMO-I-000372,1/5/2026,1/5/2026,Paid,,Fall heating tune-up,$318.00,$0.00,$0.00,$318.00,$0.00,1/5/2026 10:28 AM,DEMO-IL-000821,1,HVAC-TUNE-HT,Service,Heating tune-up (fall heating),1,$129.00,$0.00,$129.00,No,$0.00,$8.00
DEMO-J-000393,Tune Up,Fall heating tune-up,Completed,Scheduled,phone,DEMO-E-00003,1/2/2026 4:28 PM,1/5/2026 10:24 AM,,,,,,DEMO-C-00012,Kasey McClure,DEMO-L-00014,HVAC Service,,DEMO-I-000372,1/5/2026,1/5/2026,Paid,,Fall heating tune-up,$318.00,$0.00,$0.00,$318.00,$0.00,1/5/2026 10:28 AM,DEMO-IL-000822,2,HVAC-DRAIN,Service,Clear condensate drain line,1,$189.00,$0.00,$189.00,No,$0.00,$6.00
DEMO-J-000394,Leak,Leak under the sink,Completed,Emergency,phone,DEMO-E-00002,1/5/2026 7:02 AM,1/5/2026 1:08 PM,,,,,,DEMO-C-00012,Kasey McClure,DEMO-L-00014,Plumbing,,DEMO-I-000373,1/5/2026,1/5/2026,Paid,,Leak under the sink,$520.00,$0.00,$0.00,$520.00,$0.00,1/5/2026 1:20 PM,DEMO-IL-000823,1,PL-DIAG,Service,Plumbing diagnostic / service call,1,$95.00,$0.00,$95.00,No,$0.00,$0.00
DEMO-J-000394,Leak,Leak under the sink,Completed,Emergency,phone,DEMO-E-00002,1/5/2026 7:02 AM,1/5/2026 1:08 PM,,,,,,DEMO-C-00012,Kasey McClure,DEMO-L-00014,Plumbing,,DEMO-I-000373,1/5/2026,1/5/2026,Paid,,Leak under the sink,$520.00,$0.00,$0.00,$520.00,$0.00,1/5/2026 1:20 PM,DEMO-IL-000824,2,PL-LEAK,Service,Repair pipe leak,1,$425.00,$0.00,$425.00,No,$0.00,$35.00
DEMO-J-000395,No Heat,Strange smell from furnace,Completed,Today,phone,DEMO-E-00001,1/6/2026 7:00 AM,1/6/2026 10:19 AM,,,,,,DEMO-C-00014,Haskell Bauch,DEMO-L-00016,HVAC Service,,DEMO-I-000374,1/6/2026,1/6/2026,Open,,Strange smell from furnace,$774.00,$0.00,$27.30,$801.30,$801.30,,DEMO-IL-000825,1,HVAC-DIAG,Service,HVAC diagnostic / service call,1,$95.00,$0.00,$95.00,No,$0.00,$0.00
DEMO-J-000395,No Heat,Strange smell from furnace,Completed,Today,phone,DEMO-E-00001,1/6/2026 7:00 AM,1/6/2026 10:19 AM,,,,,,DEMO-C-00014,Haskell Bauch,DEMO-L-00016,HVAC Service,,DEMO-I-000374,1/6/2026,1/6/2026,Open,,Strange smell from furnace,$774.00,$0.00,$27.30,$801.30,$801.30,,DEMO-IL-000826,2,HVAC-FILTER,Material,Media filter replacement,1,$95.00,$0.00,$95.00,Yes,$6.65,$28.00
DEMO-J-000395,No Heat,Strange smell from furnace,Completed,Today,phone,DEMO-E-00001,1/6/2026 7:00 AM,1/6/2026 10:19 AM,,,,,,DEMO-C-00014,Haskell Bauch,DEMO-L-00016,HVAC Service,,DEMO-I-000374,1/6/2026,1/6/2026,Open,,Strange smell from furnace,$774.00,$0.00,$27.30,$801.30,$801.30,,DEMO-IL-000827,3,HVAC-CAP,Service,Replace run capacitor,1,$289.00,$0.00,$289.00,No,$0.00,$28.00
DEMO-J-000395,No Heat,Strange smell from furnace,Completed,Today,phone,DEMO-E-00001,1/6/2026 7:00 AM,1/6/2026 10:19 AM,,,,,,DEMO-C-00014,Haskell Bauch,DEMO-L-00016,HVAC Service,,DEMO-I-000374,1/6/2026,1/6/2026,Open,,Strange smell from furnace,$774.00,$0.00,$27.30,$801.30,$801.30,,DEMO-IL-000828,4,ELEC-SURGE,Equipment,HVAC surge protector,1,$295.00,$0.00,$295.00,Yes,$20.65,$45.00
DEMO-J-000396,No Cooling,Outdoor unit not running,Completed,Emergency,phone,DEMO-E-00003,1/6/2026 7:12 AM,1/6/2026 12:07 PM,,,,,,DEMO-C-00011,Cole Flatley,DEMO-L-00013,HVAC Service,,DEMO-I-000375,1/6/2026,1/6/2026,Paid,,Outdoor unit not running,$384.00,$138.00,$0.00,$246.00,$0.00,1/6/2026 12:21 PM,DEMO-IL-000829,1,HVAC-DIAG,Service,HVAC diagnostic / service call,1,$95.00,$95.00,$0.00,No,$0.00,$0.00
DEMO-J-000396,No Cooling,Outdoor unit not running,Completed,Emergency,phone,DEMO-E-00003,1/6/2026 7:12 AM,1/6/2026 12:07 PM,,,,,,DEMO-C-00011,Cole Flatley,DEMO-L-00013,HVAC Service,,DEMO-I-000375,1/6/2026,1/6/2026,Paid,,Outdoor unit not running,$384.00,$138.00,$0.00,$246.00,$0.00,1/6/2026 12:21 PM,DEMO-IL-000830,2,HVAC-CAP,Service,Replace run capacitor,1,$289.00,$43.00,$246.00,No,$0.00,$28.00
DEMO-J-000397,No Heat,No heat,Completed,Scheduled,web,DEMO-E-00003,12/31/2025 1:13 PM,1/6/2026 9:56 AM,,,,,,DEMO-C-00009,Dion Little,DEMO-L-00010,HVAC Service,,DEMO-I-000376,1/6/2026,1/6/2026,Paid,,No heat,$790.00,$0.00,$0.00,$790.00,$0.00,1/6/2026 10:06 AM,DEMO-IL-000831,1,HVAC-DIAG,Service,HVAC diagnostic / service call,1,$95.00,$0.00,$95.00,No,$0.00,$0.00
DEMO-J-000397,No Heat,No heat,Completed,Scheduled,web,DEMO-E-00003,12/31/2025 1:13 PM,1/6/2026 9:56 AM,,,,,,DEMO-C-00009,Dion Little,DEMO-L-00010,HVAC Service,,DEMO-I-000376,1/6/2026,1/6/2026,Paid,,No heat,$790.00,$0.00,$0.00,$790.00,$0.00,1/6/2026 10:06 AM,DEMO-IL-000832,2,HVAC-DEFROST,Service,Replace heat pump defrost board,1,$695.00,$0.00,$695.00,No,$0.00,$140.00
DEMO-J-000398,No Heat,No heat,Completed,Scheduled,referral,DEMO-E-00003,1/5/2026 3:18 PM,1/6/2026 11:38 AM,,,,,,DEMO-C-00014,Haskell Bauch,DEMO-L-00016,HVAC Service,,DEMO-I-000377,1/6/2026,1/6/2026,Open,,No heat,$384.00,$0.00,$0.00,$384.00,$192.00,,DEMO-IL-000833,1,HVAC-DIAG,Service,HVAC diagnostic / service call,1,$95.00,$0.00,$95.00,No,$0.00,$0.00
DEMO-J-000398,No Heat,No heat,Completed,Scheduled,referral,DEMO-E-00003,1/5/2026 3:18 PM,1/6/2026 11:38 AM,,,,,,DEMO-C-00014,Haskell Bauch,DEMO-L-00016,HVAC Service,,DEMO-I-000377,1/6/2026,1/6/2026,Open,,No heat,$384.00,$0.00,$0.00,$384.00,$192.00,,DEMO-IL-000834,2,HVAC-CAP,Service,Replace run capacitor,1,$289.00,$0.00,$289.00,No,$0.00,$28.00
DEMO-J-000399,Water Heater,Water heater leaking,Completed,Today,phone,DEMO-E-00001,1/6/2026 7:00 AM,1/6/2026 1:10 PM,,,,,,DEMO-C-00027,Sidney Kohler,DEMO-L-00029,Plumbing,,DEMO-I-000378,1/6/2026,1/6/2026,Paid,,Water heater leaking,"$2,590.00",$0.00,$174.65,"$2,764.65",$0.00,1/6/2026 1:13 PM,DEMO-IL-000835,1,PL-DIAG,Service,Plumbing diagnostic / service call,1,$95.00,$0.00,$95.00,No,$0.00,$0.00
DEMO-J-000399,Water Heater,Water heater leaking,Completed,Today,phone,DEMO-E-00001,1/6/2026 7:00 AM,1/6/2026 1:10 PM,,,,,,DEMO-C-00027,Sidney Kohler,DEMO-L-00029,Plumbing,,DEMO-I-000378,1/6/2026,1/6/2026,Paid,,Water heater leaking,"$2,590.00",$0.00,$174.65,"$2,764.65",$0.00,1/6/2026 1:13 PM,DEMO-IL-000836,2,PL-WH50,Equipment,50-gallon water heater (installed),1,"$2,495.00",$0.00,"$2,495.00",Yes,$174.65,$890.00
DEMO-J-000400,Water Heater,Water heater leaking,Completed,Today,phone,DEMO-E-00003,1/6/2026 8:56 AM,1/6/2026 4:06 PM,,,,,,DEMO-C-00022,Clementina Jacobson,DEMO-L-00024,Plumbing,,DEMO-I-000379,1/6/2026,1/6/2026,Open,,Water heater leaking,$680.00,$0.00,$0.00,$680.00,$680.00,,DEMO-IL-000837,1,PL-DIAG,Service,Plumbing diagnostic / service call,1,$95.00,$0.00,$95.00,No,$0.00,$0.00
DEMO-J-000400,Water Heater,Water heater leaking,Completed,Today,phone,DEMO-E-00003,1/6/2026 8:56 AM,1/6/2026 4:06 PM,,,,,,DEMO-C-00022,Clementina Jacobson,DEMO-L-00024,Plumbing,,DEMO-I-000379,1/6/2026,1/6/2026,Open,,Water heater leaking,$680.00,$0.00,$0.00,$680.00,$680.00,,DEMO-IL-000838,2,PL-PRV,Service,Replace pressure reducing valve,1,$585.00,$0.00,$585.00,No,$0.00,$95.00
DEMO-J-000401,Leak,Pipe leak in crawlspace,Completed,Scheduled,phone,DEMO-E-00003,1/1/2026 9:13 AM,1/6/2026 10:15 AM,,,,,,DEMO-C-00020,Seth King,DEMO-L-00022,Plumbing,,DEMO-I-000380,1/6/2026,1/6/2026,Paid,,Pipe leak in crawlspace,$520.00,$159.00,$0.00,$361.00,$0.00,1/6/2026 10:34 AM,DEMO-IL-000839,1,PL-DIAG,Service,Plumbing diagnostic / service call,1,$95.00,$95.00,$0.00,No,$0.00,$0.00
DEMO-J-000401,Leak,Pipe leak in crawlspace,Completed,Scheduled,phone,DEMO-E-00003,1/1/2026 9:13 AM,1/6/2026 10:15 AM,,,,,,DEMO-C-00020,Seth King,DEMO-L-00022,Plumbing,,DEMO-I-000380,1/6/2026,1/6/2026,Paid,,Pipe leak in crawlspace,$520.00,$159.00,$0.00,$361.00,$0.00,1/6/2026 10:34 AM,DEMO-IL-000840,2,PL-LEAK,Service,Repair pipe leak,1,$425.00,$64.00,$361.00,No,$0.00,$35.00
DEMO-J-000402,Water Heater,Water heater leaking,Completed,Scheduled,phone,DEMO-E-00003,1/1/2026 5:00 PM,1/6/2026 12:37 PM,,,,,,DEMO-C-00009,Dion Little,DEMO-L-00010,Plumbing,,DEMO-I-000381,1/6/2026,1/6/2026,Paid,,Water heater leaking,$520.00,$0.00,$0.00,$520.00,$0.00,1/6/2026 12:52 PM,DEMO-IL-000841,1,PL-DIAG,Service,Plumbing diagnostic / service call,1,$95.00,$0.00,$95.00,No,$0.00,$0.00
DEMO-J-000402,Water Heater,Water heater leaking,Completed,Scheduled,phone,DEMO-E-00003,1/1/2026 5:00 PM,1/6/2026 12:37 PM,,,,,,DEMO-C-00009,Dion Little,DEMO-L-00010,Plumbing,,DEMO-I-000381,1/6/2026,1/6/2026,Paid,,Water heater leaking,$520.00,$0.00,$0.00,$520.00,$0.00,1/6/2026 12:52 PM,DEMO-IL-000842,2,PL-LEAK,Service,Repair pipe leak,1,$425.00,$0.00,$425.00,No,$0.00,$35.00
DEMO-J-000403,No Heat,No heat,Completed,Emergency,phone,DEMO-E-00003,1/7/2026 7:00 AM,1/7/2026 9:52 AM,,,,,,DEMO-C-00020,Seth King,DEMO-L-00022,HVAC Service,,DEMO-I-000383,1/7/2026,1/7/2026,Paid,,No heat,$440.00,$147.00,$0.00,$293.00,$0.00,1/7/2026 9:57 AM,DEMO-IL-000844,1,HVAC-DIAG,Service,HVAC diagnostic / service call,1,$95.00,$95.00,$0.00,No,$0.00,$0.00
DEMO-J-000403,No Heat,No heat,Completed,Emergency,phone,DEMO-E-00003,1/7/2026 7:00 AM,1/7/2026 9:52 AM,,,,,,DEMO-C-00020,Seth King,DEMO-L-00022,HVAC Service,,DEMO-I-000383,1/7/2026,1/7/2026,Paid,,No heat,$440.00,$147.00,$0.00,$293.00,$0.00,1/7/2026 9:57 AM,DEMO-IL-000845,2,HVAC-IGN,Service,Replace hot surface ignitor,1,$345.00,$52.00,$293.00,No,$0.00,$38.00
DEMO-J-000404,Other,Indoor air quality consultation,Completed,Scheduled,phone,DEMO-E-00003,1/5/2026 3:47 PM,1/7/2026 12:18 PM,,,,,,DEMO-C-00008,Katelyn Thompson,DEMO-L-00009,HVAC Service,,DEMO-I-000384,1/7/2026,1/7/2026,Open,,Indoor air quality consultation,$790.00,$0.00,$48.65,$838.65,$838.65,,DEMO-IL-000846,1,HVAC-DIAG,Service,HVAC diagnostic / service call,1,$95.00,$0.00,$95.00,No,$0.00,$0.00
DEMO-J-000404,Other,Indoor air quality consultation,Completed,Scheduled,phone,DEMO-E-00003,1/5/2026 3:47 PM,1/7/2026 12:18 PM,,,,,,DEMO-C-00008,Katelyn Thompson,DEMO-L-00009,HVAC Service,,DEMO-I-000384,1/7/2026,1/7/2026,Open,,Indoor air quality consultation,$790.00,$0.00,$48.65,$838.65,$838.65,,DEMO-IL-000847,2,IAQ-UV,Equipment,UV light (coil and air),1,$695.00,$0.00,$695.00,Yes,$48.65,$165.00
DEMO-J-000405,Tune Up,Fall heating tune-up,Completed,Scheduled,phone,DEMO-E-00003,1/1/2026 9:10 AM,1/7/2026 9:48 AM,,,,,,DEMO-C-00006,Inez McLaughlin,DEMO-L-00007,HVAC Service,,DEMO-I-000385,1/7/2026,1/7/2026,Open,,Fall heating tune-up,$129.00,$0.00,$0.00,$129.00,$129.00,,DEMO-IL-000848,1,HVAC-TUNE-HT,Service,Heating tune-up (fall heating),1,$129.00,$0.00,$129.00,No,$0.00,$8.00
DEMO-J-000406,Tune Up,Fall heating tune-up,Completed,Scheduled,membership,DEMO-E-00003,1/2/2026 2:02 PM,1/7/2026 12:07 PM,,,,,,DEMO-C-00028,Freida Kohler,DEMO-L-00030,HVAC Service,,DEMO-I-000386,1/7/2026,1/7/2026,Paid,,Fall heating tune-up,$318.00,$157.00,$0.00,$161.00,$0.00,1/7/2026 12:20 PM,DEMO-IL-000849,1,HVAC-TUNE-HT,Service,Heating tune-up (fall heating),1,$129.00,$129.00,$0.00,No,$0.00,$8.00
DEMO-J-000406,Tune Up,Fall heating tune-up,Completed,Scheduled,membership,DEMO-E-00003,1/2/2026 2:02 PM,1/7/2026 12:07 PM,,,,,,DEMO-C-00028,Freida Kohler,DEMO-L-00030,HVAC Service,,DEMO-I-000386,1/7/2026,1/7/2026,Paid,,Fall heating tune-up,$318.00,$157.00,$0.00,$161.00,$0.00,1/7/2026 12:20 PM,DEMO-IL-000850,2,HVAC-DRAIN,Service,Clear condensate drain line,1,$189.00,$28.00,$161.00,No,$0.00,$6.00
DEMO-J-000407,Other,Faucet dripping,Completed,Today,phone,DEMO-E-00003,1/7/2026 7:00 AM,1/7/2026 10:40 AM,,,,,,DEMO-C-00016,Estel Kunde,DEMO-L-00018,Plumbing,,DEMO-I-000387,1/7/2026,1/7/2026,Paid,,Faucet dripping,$790.00,$199.00,$0.00,$591.00,$0.00,1/7/2026 10:49 AM,DEMO-IL-000851,1,PL-DIAG,Service,Plumbing diagnostic / service call,1,$95.00,$95.00,$0.00,No,$0.00,$0.00
DEMO-J-000407,Other,Faucet dripping,Completed,Today,phone,DEMO-E-00003,1/7/2026 7:00 AM,1/7/2026 10:40 AM,,,,,,DEMO-C-00016,Estel Kunde,DEMO-L-00018,Plumbing,,DEMO-I-000387,1/7/2026,1/7/2026,Paid,,Faucet dripping,$790.00,$199.00,$0.00,$591.00,$0.00,1/7/2026 10:49 AM,DEMO-IL-000852,2,PL-TOILET-NEW,Service,Replace toilet,1,$695.00,$104.00,$591.00,No,$0.00,$210.00
DEMO-J-000408,Other,Toilet running,Completed,Scheduled,phone,DEMO-E-00003,1/6/2026 11:56 AM,1/7/2026 1:28 PM,,,,,,DEMO-C-00008,Katelyn Thompson,DEMO-L-00009,Plumbing,,DEMO-I-000388,1/7/2026,1/7/2026,Paid,,Toilet running,$790.00,$0.00,$0.00,$790.00,$0.00,1/7/2026 1:33 PM,DEMO-IL-000853,1,PL-DIAG,Service,Plumbing diagnostic / service call,1,$95.00,$0.00,$95.00,No,$0.00,$0.00
DEMO-J-000408,Other,Toilet running,Completed,Scheduled,phone,DEMO-E-00003,1/6/2026 11:56 AM,1/7/2026 1:28 PM,,,,,,DEMO-C-00008,Katelyn Thompson,DEMO-L-00009,Plumbing,,DEMO-I-000388,1/7/2026,1/7/2026,Paid,,Toilet running,$790.00,$0.00,$0.00,$790.00,$0.00,1/7/2026 1:33 PM,DEMO-IL-000854,2,PL-TOILET-NEW,Service,Replace toilet,1,$695.00,$0.00,$695.00,No,$0.00,$210.00
DEMO-J-000409,Other,Disposal not working,Completed,Today,phone,DEMO-E-00003,1/7/2026 10:15 AM,1/7/2026 4:10 PM,,,,,,DEMO-C-00022,Clementina Jacobson,DEMO-L-00024,Plumbing,,DEMO-I-000389,1/7/2026,1/7/2026,Paid,,Disposal not working,$790.00,$0.00,$0.00,$790.00,$0.00,1/7/2026 4:29 PM,DEMO-IL-000855,1,PL-DIAG,Service,Plumbing diagnostic / service call,1,$95.00,$0.00,$95.00,No,$0.00,$0.00
DEMO-J-000409,Other,Disposal not working,Completed,Today,phone,DEMO-E-00003,1/7/2026 10:15 AM,1/7/2026 4:10 PM,,,,,,DEMO-C-00022,Clementina Jacobson,DEMO-L-00024,Plumbing,,DEMO-I-000389,1/7/2026,1/7/2026,Paid,,Disposal not working,$790.00,$0.00,$0.00,$790.00,$0.00,1/7/2026 4:29 PM,DEMO-IL-000856,2,PL-TOILET-NEW,Service,Replace toilet,1,$695.00,$0.00,$695.00,No,$0.00,$210.00
DEMO-J-000410,Water Heater,No hot water,Completed,Scheduled,phone,DEMO-E-00003,1/1/2026 12:56 PM,1/7/2026 12:52 PM,,,,,,DEMO-C-00015,Nathen Rosenbaum,DEMO-L-00017,Plumbing,,DEMO-I-000390,1/7/2026,1/7/2026,Open,,No hot water,"$3,475.00",$0.00,$195.65,"$3,670.65","$3,670.65",,DEMO-IL-000857,1,PL-DIAG,Service,Plumbing diagnostic / service call,1,$95.00,$0.00,$95.00,No,$0.00,$0.00
DEMO-J-000410,Water Heater,No hot water,Completed,Scheduled,phone,DEMO-E-00003,1/1/2026 12:56 PM,1/7/2026 12:52 PM,,,,,,DEMO-C-00015,Nathen Rosenbaum,DEMO-L-00017,Plumbing,,DEMO-I-000390,1/7/2026,1/7/2026,Open,,No hot water,"$3,475.00",$0.00,$195.65,"$3,670.65","$3,670.65",,DEMO-IL-000858,2,PL-PRV,Service,Replace pressure reducing valve,1,$585.00,$0.00,$585.00,No,$0.00,$95.00
DEMO-J-000410,Water Heater,No hot water,Completed,Scheduled,phone,DEMO-E-00003,1/1/2026 12:56 PM,1/7/2026 12:52 PM,,,,,,DEMO-C-00015,Nathen Rosenbaum,DEMO-L-00017,Plumbing,,DEMO-I-000390,1/7/2026,1/7/2026,Open,,No hot water,"$3,475.00",$0.00,$195.65,"$3,670.65","$3,670.65",,DEMO-IL-000859,3,WTR-SOFT,Equipment,Water softener,1,"$2,795.00",$0.00,"$2,795.00",Yes,$195.65,$980.00
DEMO-J-000411,Drain,Kitchen sink clogged,Completed,Scheduled,phone,DEMO-E-00003,1/1/2026 8:28 AM,1/7/2026 3:28 PM,,,,,,DEMO-C-00025,Micah Larkin,DEMO-L-00027,Plumbing,,DEMO-I-000391,1/7/2026,1/7/2026,Paid,,Kitchen sink clogged,$395.00,$59.00,$0.00,$336.00,$0.00,1/7/2026 3:43 PM,DEMO-IL-000860,1,PL-DRAIN-MAIN,Service,Clear main drain line,1,$395.00,$59.00,$336.00,No,$0.00,$10.00
DEMO-J-000412,No Heat,No heat,Completed,Scheduled,referral,DEMO-E-00003,1/4/2026 9:10 AM,1/8/2026 10:23 AM,,,,,,DEMO-C-00021,Silas Bauch,DEMO-L-00023,HVAC Service,,DEMO-I-000393,1/8/2026,1/8/2026,Paid,,No heat,$440.00,$0.00,$0.00,$440.00,$0.00,1/8/2026 10:39 AM,DEMO-IL-000865,1,HVAC-DIAG,Service,HVAC diagnostic / service call,1,$95.00,$0.00,$95.00,No,$0.00,$0.00
DEMO-J-000412,No Heat,No heat,Completed,Scheduled,referral,DEMO-E-00003,1/4/2026 9:10 AM,1/8/2026 10:23 AM,,,,,,DEMO-C-00021,Silas Bauch,DEMO-L-00023,HVAC Service,,DEMO-I-000393,1/8/2026,1/8/2026,Paid,,No heat,$440.00,$0.00,$0.00,$440.00,$0.00,1/8/2026 10:39 AM,DEMO-IL-000866,2,HVAC-IGN,Service,Replace hot surface ignitor,1,$345.00,$0.00,$345.00,No,$0.00,$38.00
DEMO-J-000413,No Cooling,AC not keeping up,Canceled,Today,phone,DEMO-E-00003,1/8/2026 7:34 AM,,,,,,,DEMO-C-00015,Nathen Rosenbaum,DEMO-L-00017,HVAC Service,,,,,,,,,,,,,,,,,,,,,,,,,
DEMO-J-000414,No Cooling,No cooling,Completed,Scheduled,phone,DEMO-E-00003,1/3/2026 4:18 PM,1/8/2026 9:33 AM,,,,,,DEMO-C-00006,Inez McLaughlin,DEMO-L-00007,HVAC Service,,DEMO-I-000394,1/8/2026,1/8/2026,Paid,,No cooling,$284.00,$0.00,$0.00,$284.00,$0.00,1/8/2026 9:53 AM,DEMO-IL-000867,1,HVAC-DIAG,Service,HVAC diagnostic / service call,1,$95.00,$0.00,$95.00,No,$0.00,$0.00
DEMO-J-000414,No Cooling,No cooling,Completed,Scheduled,phone,DEMO-E-00003,1/3/2026 4:18 PM,1/8/2026 9:33 AM,,,,,,DEMO-C-00006,Inez McLaughlin,DEMO-L-00007,HVAC Service,,DEMO-I-000394,1/8/2026,1/8/2026,Paid,,No cooling,$284.00,$0.00,$0.00,$284.00,$0.00,1/8/2026 9:53 AM,DEMO-IL-000868,2,HVAC-DRAIN,Service,Clear condensate drain line,1,$189.00,$0.00,$189.00,No,$0.00,$6.00
DEMO-J-000415,Estimate,Replacement estimate,Completed,Scheduled,phone,DEMO-E-00003,1/4/2026 4:11 PM,1/8/2026 11:33 AM,,,,,,DEMO-C-00008,Katelyn Thompson,DEMO-L-00009,HVAC Replacement,,,,,,,,,,,,,,,,,,,,,,,,,
DEMO-J-000416,Install,System replacement install,Scheduled,Scheduled,replacement_sale,DEMO-E-00003,1/8/2026 2:35 PM,,DEMO-E-00006,,,,,DEMO-C-00008,Katelyn Thompson,DEMO-L-00009,HVAC Replacement,,,,,,,,,,,,,,,,,,,,,,,,,
DEMO-J-000417,No Heat,Furnace short cycling,Completed,Scheduled,phone,DEMO-E-00003,1/5/2026 9:18 AM,1/8/2026 1:37 PM,,,,,,DEMO-C-00021,Silas Bauch,DEMO-L-00023,HVAC Service,,DEMO-I-000395,1/8/2026,1/8/2026,Paid,,Furnace short cycling,$490.00,$0.00,$0.00,$490.00,$0.00,1/8/2026 1:56 PM,DEMO-IL-000869,1,HVAC-DIAG,Service,HVAC diagnostic / service call,1,$95.00,$0.00,$95.00,No,$0.00,$0.00
DEMO-J-000417,No Heat,Furnace short cycling,Completed,Scheduled,phone,DEMO-E-00003,1/5/2026 9:18 AM,1/8/2026 1:37 PM,,,,,,DEMO-C-00021,Silas Bauch,DEMO-L-00023,HVAC Service,,DEMO-I-000395,1/8/2026,1/8/2026,Paid,,Furnace short cycling,$490.00,$0.00,$0.00,$490.00,$0.00,1/8/2026 1:56 PM,DEMO-IL-000870,2,HVAC-THERM,Service,Install programmable thermostat,1,$395.00,$0.00,$395.00,No,$0.00,$85.00
DEMO-J-000418,Other,Faucet dripping,Completed,Scheduled,phone,DEMO-E-00003,1/2/2026 3:04 PM,1/8/2026 9:54 AM,,,,,,DEMO-C-00023,Declan Jaskolski,DEMO-L-00025,Plumbing,,DEMO-I-000396,1/8/2026,1/8/2026,Paid,,Faucet dripping,$590.00,$169.00,$0.00,$421.00,$0.00,1/8/2026 10:14 AM,DEMO-IL-000871,1,PL-DIAG,Service,Plumbing diagnostic / service call,1,$95.00,$95.00,$0.00,No,$0.00,$0.00
DEMO-J-000418,Other,Faucet dripping,Completed,Scheduled,phone,DEMO-E-00003,1/2/2026 3:04 PM,1/8/2026 9:54 AM,,,,,,DEMO-C-00023,Declan Jaskolski,DEMO-L-00025,Plumbing,,DEMO-I-000396,1/8/2026,1/8/2026,Paid,,Faucet dripping,$590.00,$169.00,$0.00,$421.00,$0.00,1/8/2026 10:14 AM,DEMO-IL-000872,2,PL-DISPOSAL,Service,Replace garbage disposal,1,$495.00,$74.00,$421.00,No,$0.00,$140.00
DEMO-J-000419,Leak,Pipe leak in crawlspace,Completed,Today,phone,DEMO-E-00003,1/8/2026 8:38 AM,1/8/2026 2:12 PM,,,,,,DEMO-C-00004,Brennon Homenick,DEMO-L-00004,Plumbing,,DEMO-I-000397,1/8/2026,1/8/2026,Open,,Pipe leak in crawlspace,"$1,105.00",$247.00,$0.00,$858.00,$858.00,,DEMO-IL-000873,1,PL-DIAG,Service,Plumbing diagnostic / service call,1,$95.00,$95.00,$0.00,No,$0.00,$0.00
DEMO-J-000419,Leak,Pipe leak in crawlspace,Completed,Today,phone,DEMO-E-00003,1/8/2026 8:38 AM,1/8/2026 2:12 PM,,,,,,DEMO-C-00004,Brennon Homenick,DEMO-L-00004,Plumbing,,DEMO-I-000397,1/8/2026,1/8/2026,Open,,Pipe leak in crawlspace,"$1,105.00",$247.00,$0.00,$858.00,$858.00,,DEMO-IL-000874,2,PL-LEAK,Service,Repair pipe leak,1,$425.00,$64.00,$361.00,No,$0.00,$35.00
DEMO-J-000419,Leak,Pipe leak in crawlspace,Completed,Today,phone,DEMO-E-00003,1/8/2026 8:38 AM,1/8/2026 2:12 PM,,,,,,DEMO-C-00004,Brennon Homenick,DEMO-L-00004,Plumbing,,DEMO-I-000397,1/8/2026,1/8/2026,Open,,Pipe leak in crawlspace,"$1,105.00",$247.00,$0.00,$858.00,$858.00,,DEMO-IL-000875,3,PL-PRV,Service,Replace pressure reducing valve,1,$585.00,$88.00,$497.00,No,$0.00,$95.00
DEMO-J-000420,No Heat,Strange smell from furnace,Completed,Scheduled,phone,DEMO-E-00003,1/7/2026 12:13 PM,1/8/2026 9:12 AM,,,,,,DEMO-C-00002,Natasha Pfannerstill,DEMO-L-00002,HVAC Service,,DEMO-I-000398,1/8/2026,1/8/2026,Paid,,Strange smell from furnace,$190.00,$0.00,$6.65,$196.65,$0.00,1/8/2026 9:15 AM,DEMO-IL-000876,1,HVAC-DIAG,Service,HVAC diagnostic / service call,1,$95.00,$0.00,$95.00,No,$0.00,$0.00
DEMO-J-000420,No Heat,Strange smell from furnace,Completed,Scheduled,phone,DEMO-E-00003,1/7/2026 12:13 PM,1/8/2026 9:12 AM,,,,,,DEMO-C-00002,Natasha Pfannerstill,DEMO-L-00002,HVAC Service,,DEMO-I-000398,1/8/2026,1/8/2026,Paid,,Strange smell from furnace,$190.00,$0.00,$6.65,$196.65,$0.00,1/8/2026 9:15 AM,DEMO-IL-000877,2,HVAC-FILTER,Material,Media filter replacement,1,$95.00,$0.00,$95.00,Yes,$6.65,$28.00
DEMO-J-000421,Water Heater,Water heater leaking,Completed,Scheduled,phone,DEMO-E-00003,1/5/2026 12:39 PM,1/8/2026 11:54 AM,,,,,,DEMO-C-00012,Kasey McClure,DEMO-L-00014,Plumbing,,DEMO-I-000399,1/8/2026,1/8/2026,Paid,,Water heater leaking,$680.00,$0.00,$0.00,$680.00,$0.00,1/8/2026 12:02 PM,DEMO-IL-000878,1,PL-DIAG,Service,Plumbing diagnostic / service call,1,$95.00,$0.00,$95.00,No,$0.00,$0.00
DEMO-J-000421,Water Heater,Water heater leaking,Completed,Scheduled,phone,DEMO-E-00003,1/5/2026 12:39 PM,1/8/2026 11:54 AM,,,,,,DEMO-C-00012,Kasey McClure,DEMO-L-00014,Plumbing,,DEMO-I-000399,1/8/2026,1/8/2026,Paid,,Water heater leaking,$680.00,$0.00,$0.00,$680.00,$0.00,1/8/2026 12:02 PM,DEMO-IL-000879,2,PL-PRV,Service,Replace pressure reducing valve,1,$585.00,$0.00,$585.00,No,$0.00,$95.00
DEMO-J-000422,No Heat,Furnace short cycling,Completed,Emergency,phone,DEMO-E-00001,1/9/2026 7:00 AM,1/9/2026 9:53 AM,,,,,,DEMO-C-00004,Brennon Homenick,DEMO-L-00004,HVAC Service,,DEMO-I-000401,1/9/2026,1/9/2026,Paid,,Furnace short cycling,$440.00,$147.00,$0.00,$293.00,$0.00,1/9/2026 10:01 AM,DEMO-IL-000882,1,HVAC-DIAG,Service,HVAC diagnostic / service call,1,$95.00,$95.00,$0.00,No,$0.00,$0.00
DEMO-J-000422,No Heat,Furnace short cycling,Completed,Emergency,phone,DEMO-E-00001,1/9/2026 7:00 AM,1/9/2026 9:53 AM,,,,,,DEMO-C-00004,Brennon Homenick,DEMO-L-00004,HVAC Service,,DEMO-I-000401,1/9/2026,1/9/2026,Paid,,Furnace short cycling,$440.00,$147.00,$0.00,$293.00,$0.00,1/9/2026 10:01 AM,DEMO-IL-000883,2,HVAC-IGN,Service,Replace hot surface ignitor,1,$345.00,$52.00,$293.00,No,$0.00,$38.00
DEMO-J-000423,No Heat,Heat pump blowing cold air,Completed,Today,phone,DEMO-E-00003,1/9/2026 7:10 AM,1/9/2026 12:43 PM,,,,,,DEMO-C-00027,Sidney Kohler,DEMO-L-00029,HVAC Service,,DEMO-I-000402,1/9/2026,1/9/2026,Paid,,Heat pump blowing cold air,$979.00,$0.00,$0.00,$979.00,$0.00,1/9/2026 12:49 PM,DEMO-IL-000884,1,HVAC-DIAG,Service,HVAC diagnostic / service call,1,$95.00,$0.00,$95.00,No,$0.00,$0.00
DEMO-J-000423,No Heat,Heat pump blowing cold air,Completed,Today,phone,DEMO-E-00003,1/9/2026 7:10 AM,1/9/2026 12:43 PM,,,,,,DEMO-C-00027,Sidney Kohler,DEMO-L-00029,HVAC Service,,DEMO-I-000402,1/9/2026,1/9/2026,Paid,,Heat pump blowing cold air,$979.00,$0.00,$0.00,$979.00,$0.00,1/9/2026 12:49 PM,DEMO-IL-000885,2,HVAC-CAP,Service,Replace run capacitor,1,$289.00,$0.00,$289.00,No,$0.00,$28.00
DEMO-J-000423,No Heat,Heat pump blowing cold air,Completed,Today,phone,DEMO-E-00003,1/9/2026 7:10 AM,1/9/2026 12:43 PM,,,,,,DEMO-C-00027,Sidney Kohler,DEMO-L-00029,HVAC Service,,DEMO-I-000402,1/9/2026,1/9/2026,Paid,,Heat pump blowing cold air,$979.00,$0.00,$0.00,$979.00,$0.00,1/9/2026 12:49 PM,DEMO-IL-000886,3,HVAC-SMART,Service,Install smart thermostat,1,$595.00,$0.00,$595.00,No,$0.00,$165.00
DEMO-J-000424,No Heat,Strange smell from furnace,Completed,Scheduled,phone,DEMO-E-00003,1/6/2026 8:04 AM,1/9/2026 12:47 PM,,,,,,DEMO-C-00023,Declan Jaskolski,DEMO-L-00025,HVAC Service,,DEMO-I-000403,1/9/2026,1/9/2026,Paid,,Strange smell from furnace,"$2,535.00",$460.00,$17.57,"$2,092.57",$0.00,1/9/2026 12:53 PM,DEMO-IL-000887,1,HVAC-DIAG,Service,HVAC diagnostic / service call,1,$95.00,$95.00,$0.00,No,$0.00,$0.00
DEMO-J-000424,No Heat,Strange smell from furnace,Completed,Scheduled,phone,DEMO-E-00003,1/6/2026 8:04 AM,1/9/2026 12:47 PM,,,,,,DEMO-C-00023,Declan Jaskolski,DEMO-L-00025,HVAC Service,,DEMO-I-000403,1/9/2026,1/9/2026,Paid,,Strange smell from furnace,"$2,535.00",$460.00,$17.57,"$2,092.57",$0.00,1/9/2026 12:53 PM,DEMO-IL-000888,2,HVAC-BOARD,Service,Replace control board,1,"$1,450.00",$217.00,"$1,233.00",No,$0.00,$310.00
DEMO-J-000424,No Heat,Strange smell from furnace,Completed,Scheduled,phone,DEMO-E-00003,1/6/2026 8:04 AM,1/9/2026 12:47 PM,,,,,,DEMO-C-00023,Declan Jaskolski,DEMO-L-00025,HVAC Service,,DEMO-I-000403,1/9/2026,1/9/2026,Paid,,Strange smell from furnace,"$2,535.00",$460.00,$17.57,"$2,092.57",$0.00,1/9/2026 12:53 PM,DEMO-IL-000889,3,HVAC-DEFROST,Service,Replace heat pump defrost board,1,$695.00,$104.00,$591.00,No,$0.00,$140.00
DEMO-J-000424,No Heat,Strange smell from furnace,Completed,Scheduled,phone,DEMO-E-00003,1/6/2026 8:04 AM,1/9/2026 12:47 PM,,,,,,DEMO-C-00023,Declan Jaskolski,DEMO-L-00025,HVAC Service,,DEMO-I-000403,1/9/2026,1/9/2026,Paid,,Strange smell from furnace,"$2,535.00",$460.00,$17.57,"$2,092.57",$0.00,1/9/2026 12:53 PM,DEMO-IL-000890,4,ELEC-SURGE,Equipment,HVAC surge protector,1,$295.00,$44.00,$251.00,Yes,$17.57,$45.00
DEMO-J-000425,Tune Up,Fall heating tune-up,Completed,Scheduled,membership,DEMO-E-00003,1/7/2026 4:36 PM,1/9/2026 2:32 PM,,,,,,DEMO-C-00006,Inez McLaughlin,DEMO-L-00006,HVAC Service,,DEMO-I-000404,1/9/2026,1/9/2026,Paid,,Fall heating tune-up,$129.00,$129.00,$0.00,$0.00,$0.00,1/9/2026 2:32 PM,DEMO-IL-000891,1,HVAC-TUNE-HT,Service,Heating tune-up (fall heating),1,$129.00,$129.00,$0.00,No,$0.00,$8.00
DEMO-J-000426,No Heat,Strange smell from furnace,Completed,Scheduled,phone,DEMO-E-00003,1/6/2026 2:01 PM,1/9/2026 7:29 PM,,,,,,DEMO-C-00029,Kallie Durgan,DEMO-L-00031,HVAC Service,,DEMO-I-000405,1/9/2026,1/9/2026,Open,,Strange smell from furnace,"$1,935.00",$370.00,$17.57,"$1,582.57","$1,582.57",,DEMO-IL-000892,1,HVAC-DIAG,Service,HVAC diagnostic / service call,1,$95.00,$95.00,$0.00,No,$0.00,$0.00
DEMO-J-000426,No Heat,Strange smell from furnace,Completed,Scheduled,phone,DEMO-E-00003,1/6/2026 2:01 PM,1/9/2026 7:29 PM,,,,,,DEMO-C-00029,Kallie Durgan,DEMO-L-00031,HVAC Service,,DEMO-I-000405,1/9/2026,1/9/2026,Open,,Strange smell from furnace,"$1,935.00",$370.00,$17.57,"$1,582.57","$1,582.57",,DEMO-IL-000893,2,HVAC-THERM,Service,Install programmable thermostat,1,$395.00,$59.00,$336.00,No,$0.00,$85.00
DEMO-J-000426,No Heat,Strange smell from furnace,Completed,Scheduled,phone,DEMO-E-00003,1/6/2026 2:01 PM,1/9/2026 7:29 PM,,,,,,DEMO-C-00029,Kallie Durgan,DEMO-L-00031,HVAC Service,,DEMO-I-000405,1/9/2026,1/9/2026,Open,,Strange smell from furnace,"$1,935.00",$370.00,$17.57,"$1,582.57","$1,582.57",,DEMO-IL-000894,3,HVAC-BLWMTR,Service,Replace blower motor (PSC),1,"$1,150.00",$172.00,$978.00,No,$0.00,$260.00
DEMO-J-000426,No Heat,Strange smell from furnace,Completed,Scheduled,phone,DEMO-E-00003,1/6/2026 2:01 PM,1/9/2026 7:29 PM,,,,,,DEMO-C-00029,Kallie Durgan,DEMO-L-00031,HVAC Service,,DEMO-I-000405,1/9/2026,1/9/2026,Open,,Strange smell from furnace,"$1,935.00",$370.00,$17.57,"$1,582.57","$1,582.57",,DEMO-IL-000895,4,ELEC-SURGE,Equipment,HVAC surge protector,1,$295.00,$44.00,$251.00,Yes,$17.57,$45.00
DEMO-J-000427,Other,Toilet running,Completed,Today,phone,DEMO-E-00003,1/9/2026 7:00 AM,1/9/2026 2:29 PM,,,,,,DEMO-C-00018,Thad Hilll,DEMO-L-00020,Plumbing,,DEMO-I-000406,1/9/2026,1/9/2026,Paid,,Toilet running,"$3,585.00",$618.00,$166.32,"$3,133.32",$0.00,1/9/2026 2:33 PM,DEMO-IL-000896,1,PL-DIAG,Service,Plumbing diagnostic / service call,1,$95.00,$95.00,$0.00,No,$0.00,$0.00
DEMO-J-000427,Other,Toilet running,Completed,Today,phone,DEMO-E-00003,1/9/2026 7:00 AM,1/9/2026 2:29 PM,,,,,,DEMO-C-00018,Thad Hilll,DEMO-L-00020,Plumbing,,DEMO-I-000406,1/9/2026,1/9/2026,Paid,,Toilet running,"$3,585.00",$618.00,$166.32,"$3,133.32",$0.00,1/9/2026 2:33 PM,DEMO-IL-000897,2,PL-TOILET-NEW,Service,Replace toilet,1,$695.00,$104.00,$591.00,No,$0.00,$210.00
DEMO-J-000427,Other,Toilet running,Completed,Today,phone,DEMO-E-00003,1/9/2026 7:00 AM,1/9/2026 2:29 PM,,,,,,DEMO-C-00018,Thad Hilll,DEMO-L-00020,Plumbing,,DEMO-I-000406,1/9/2026,1/9/2026,Paid,,Toilet running,"$3,585.00",$618.00,$166.32,"$3,133.32",$0.00,1/9/2026 2:33 PM,DEMO-IL-000898,3,WTR-SOFT,Equipment,Water softener,1,"$2,795.00",$419.00,"$2,376.00",Yes,$166.32,$980.00
DEMO-J-000428,Other,Disposal not working,Completed,Scheduled,phone,DEMO-E-00003,1/5/2026 11:59 AM,1/9/2026 5:05 PM,,,,,,DEMO-C-00014,Haskell Bauch,DEMO-L-00016,Plumbing,,DEMO-I-000407,1/9/2026,1/9/2026,Paid,,Disposal not working,$340.00,$0.00,$0.00,$340.00,$0.00,1/9/2026 5:22 PM,DEMO-IL-000899,1,PL-DIAG,Service,Plumbing diagnostic / service call,1,$95.00,$0.00,$95.00,No,$0.00,$0.00
DEMO-J-000428,Other,Disposal not working,Completed,Scheduled,phone,DEMO-E-00003,1/5/2026 11:59 AM,1/9/2026 5:05 PM,,,,,,DEMO-C-00014,Haskell Bauch,DEMO-L-00016,Plumbing,,DEMO-I-000407,1/9/2026,1/9/2026,Paid,,Disposal not working,$340.00,$0.00,$0.00,$340.00,$0.00,1/9/2026 5:22 PM,DEMO-IL-000900,2,PL-TOILET,Service,Rebuild toilet,1,$245.00,$0.00,$245.00,No,$0.00,$35.00
DEMO-J-000429,Drain,Callback: Kitchen sink clogged,Completed,Today,callback,DEMO-E-00003,1/9/2026 7:00 AM,1/9/2026 9:35 AM,,,DEMO-J-000361,Yes,Loose wire left at the condenser,DEMO-C-00010,Alize Cassin,DEMO-L-00012,Plumbing,,,,,,,,,,,,,,,,,,,,,,,,,
DEMO-J-000430,No Heat,Furnace short cycling,Completed,Scheduled,phone,DEMO-E-00003,1/5/2026 8:51 AM,1/9/2026 11:28 AM,,,,,,DEMO-C-00012,Kasey McClure,DEMO-L-00014,HVAC Service,,DEMO-I-000408,1/9/2026,1/9/2026,Paid,,Furnace short cycling,$284.00,$0.00,$0.00,$284.00,$0.00,1/9/2026 11:32 AM,DEMO-IL-000901,1,HVAC-DIAG,Service,HVAC diagnostic / service call,1,$95.00,$0.00,$95.00,No,$0.00,$0.00
DEMO-J-000430,No Heat,Furnace short cycling,Completed,Scheduled,phone,DEMO-E-00003,1/5/2026 8:51 AM,1/9/2026 11:28 AM,,,,,,DEMO-C-00012,Kasey McClure,DEMO-L-00014,HVAC Service,,DEMO-I-000408,1/9/2026,1/9/2026,Paid,,Furnace short cycling,$284.00,$0.00,$0.00,$284.00,$0.00,1/9/2026 11:32 AM,DEMO-IL-000902,2,HVAC-FLAME,Service,Clean or replace flame sensor,1,$189.00,$0.00,$189.00,No,$0.00,$15.00
DEMO-J-000431,Other,Faucet dripping,Completed,Scheduled,phone,DEMO-E-00002,1/8/2026 10:21 AM,1/9/2026 2:08 PM,,,,,,DEMO-C-00016,Estel Kunde,DEMO-L-00018,Plumbing,,DEMO-I-000409,1/9/2026,1/9/2026,Paid,,Faucet dripping,$440.00,$147.00,$0.00,$293.00,$0.00,1/9/2026 2:13 PM,DEMO-IL-000903,1,PL-DIAG,Service,Plumbing diagnostic / service call,1,$95.00,$95.00,$0.00,No,$0.00,$0.00
DEMO-J-000431,Other,Faucet dripping,Completed,Scheduled,phone,DEMO-E-00002,1/8/2026 10:21 AM,1/9/2026 2:08 PM,,,,,,DEMO-C-00016,Estel Kunde,DEMO-L-00018,Plumbing,,DEMO-I-000409,1/9/2026,1/9/2026,Paid,,Faucet dripping,$440.00,$147.00,$0.00,$293.00,$0.00,1/9/2026 2:13 PM,DEMO-IL-000904,2,PL-FAUCET,Service,Replace faucet,1,$345.00,$52.00,$293.00,No,$0.00,$95.00
DEMO-J-000432,No Heat,Strange smell from furnace,Completed,Emergency,phone,DEMO-E-00003,1/10/2026 7:57 AM,1/10/2026 10:42 AM,,,,,,DEMO-C-00009,Dion Little,DEMO-L-00010,HVAC Service,,DEMO-I-000411,1/10/2026,1/10/2026,Paid,,Strange smell from furnace,$284.00,$0.00,$0.00,$284.00,$0.00,1/10/2026 11:02 AM,DEMO-IL-000907,1,HVAC-DIAG,Service,HVAC diagnostic / service call,1,$95.00,$0.00,$95.00,No,$0.00,$0.00
DEMO-J-000432,No Heat,Strange smell from furnace,Completed,Emergency,phone,DEMO-E-00003,1/10/2026 7:57 AM,1/10/2026 10:42 AM,,,,,,DEMO-C-00009,Dion Little,DEMO-L-00010,HVAC Service,,DEMO-I-000411,1/10/2026,1/10/2026,Paid,,Strange smell from furnace,$284.00,$0.00,$0.00,$284.00,$0.00,1/10/2026 11:02 AM,DEMO-IL-000908,2,HVAC-FLAME,Service,Clean or replace flame sensor,1,$189.00,$0.00,$189.00,No,$0.00,$15.00
DEMO-J-000433,Leak,Callback: Pipe leak in crawlspace,Completed,Today,callback,DEMO-E-00003,1/10/2026 7:08 AM,1/10/2026 10:15 AM,,,DEMO-J-000358,Yes,Wrong capacitor size installed,DEMO-C-00015,Nathen Rosenbaum,DEMO-L-00017,Plumbing,,,,,,,,,,,,,,,,,,,,,,,,,
DEMO-J-000434,Other,Disposal not working,Completed,Emergency,phone,DEMO-E-00003,1/10/2026 8:45 AM,1/10/2026 2:46 PM,,,,,,DEMO-C-00004,Brennon Homenick,DEMO-L-00004,Plumbing,,DEMO-I-000412,1/10/2026,1/10/2026,Open,,Disposal not working,"$1,485.00",$303.00,$53.27,"$1,235.27","$1,235.27",,DEMO-IL-000909,1,PL-DIAG,Service,Plumbing diagnostic / service call,1,$95.00,$95.00,$0.00,No,$0.00,$0.00
DEMO-J-000434,Other,Disposal not working,Completed,Emergency,phone,DEMO-E-00003,1/10/2026 8:45 AM,1/10/2026 2:46 PM,,,,,,DEMO-C-00004,Brennon Homenick,DEMO-L-00004,Plumbing,,DEMO-I-000412,1/10/2026,1/10/2026,Open,,Disposal not working,"$1,485.00",$303.00,$53.27,"$1,235.27","$1,235.27",,DEMO-IL-000910,2,PL-DISPOSAL,Service,Replace garbage disposal,1,$495.00,$74.00,$421.00,No,$0.00,$140.00
DEMO-J-000434,Other,Disposal not working,Completed,Emergency,phone,DEMO-E-00003,1/10/2026 8:45 AM,1/10/2026 2:46 PM,,,,,,DEMO-C-00004,Brennon Homenick,DEMO-L-00004,Plumbing,,DEMO-I-000412,1/10/2026,1/10/2026,Open,,Disposal not working,"$1,485.00",$303.00,$53.27,"$1,235.27","$1,235.27",,DEMO-IL-000911,3,WTR-LEAKVALVE,Equipment,Leak-detection shut-off valve,1,$895.00,$134.00,$761.00,Yes,$53.27,$290.00
